
 RUN  v3.2.7 /Users/huypq/Documents/Projects/guestportal/apps/api

stdout | src/conversations.integration.test.ts > guest conversations > persists guest messages in stable conversation order and deduplicates retry ids
{"level":"info","time":"2026-07-27T15:55:46.943Z","service":"api","msg":"request.completed","method":"POST","url":"/v1/auth/login","statusCode":200,"requestId":"e08cb378-5354-47c8-bd78-4b02b911b56a"}

stdout | src/conversations.integration.test.ts > guest conversations > persists guest messages in stable conversation order and deduplicates retry ids
{"level":"info","time":"2026-07-27T15:55:46.948Z","service":"api","msg":"request.completed","method":"GET","url":"/v1/properties?organizationId=d215a186-f84d-4c7c-b75a-3189969999c2","statusCode":200,"requestId":"d96762af-c035-42be-a457-3bb9b867e799"}

stdout | src/conversations.integration.test.ts > guest conversations > persists guest messages in stable conversation order and deduplicates retry ids
{"level":"info","time":"2026-07-27T15:55:46.952Z","service":"api","msg":"request.completed","method":"GET","url":"/v1/properties/3ab87d2a-0c78-4fac-aa15-515a733cc3ae/locations","statusCode":200,"requestId":"ef6e8b9f-beee-46f8-82fc-72f899a1bac1"}

stdout | src/conversations.integration.test.ts > guest conversations > persists guest messages in stable conversation order and deduplicates retry ids
{"level":"info","time":"2026-07-27T15:55:46.957Z","service":"api","msg":"request.completed","method":"POST","url":"/v1/properties/3ab87d2a-0c78-4fac-aa15-515a733cc3ae/qr-codes","statusCode":200,"requestId":"c4c3d328-dd95-4fb4-ac5d-ab84627b199e"}

stdout | src/conversations.integration.test.ts > guest conversations > persists guest messages in stable conversation order and deduplicates retry ids
{"level":"info","time":"2026-07-27T15:55:46.964Z","service":"api","msg":"request.completed","method":"POST","url":"/v1/guest/sessions","statusCode":200,"requestId":"196f7c18-1a38-40f7-b585-a7ea2a2ce583"}

stdout | src/conversations.integration.test.ts > guest conversations > persists guest messages in stable conversation order and deduplicates retry ids
{"level":"info","time":"2026-07-27T15:55:46.968Z","service":"api","msg":"request.completed","method":"POST","url":"/v1/guest/conversations","statusCode":200,"requestId":"1e3dfbf7-ba92-4beb-b3fb-e3f2e5639aab"}

stdout | src/conversations.integration.test.ts > guest conversations > persists guest messages in stable conversation order and deduplicates retry ids
{"level":"info","time":"2026-07-27T15:55:46.976Z","service":"api","msg":"request.completed","method":"POST","url":"/v1/guest/conversations/da705ae8-ccc3-4f39-8179-469f4e4338fc/messages","statusCode":200,"requestId":"f341eb10-5559-49d5-a47d-459e4f897b22"}

stdout | src/conversations.integration.test.ts > guest conversations > persists guest messages in stable conversation order and deduplicates retry ids
{"level":"info","time":"2026-07-27T15:55:46.978Z","service":"api","msg":"request.completed","method":"POST","url":"/v1/guest/conversations/da705ae8-ccc3-4f39-8179-469f4e4338fc/messages","statusCode":200,"requestId":"18243df0-3226-4f57-a181-00fca459a739"}

stdout | src/conversations.integration.test.ts > guest conversations > persists guest messages in stable conversation order and deduplicates retry ids
{"level":"info","time":"2026-07-27T15:55:46.981Z","service":"api","msg":"request.completed","method":"POST","url":"/v1/guest/conversations/da705ae8-ccc3-4f39-8179-469f4e4338fc/messages","statusCode":200,"requestId":"4d3e637f-d5d1-4844-a365-5cfb9ad71bcd"}

stdout | src/conversations.integration.test.ts > guest conversations > persists guest messages in stable conversation order and deduplicates retry ids
{"level":"info","time":"2026-07-27T15:55:46.984Z","service":"api","msg":"request.completed","method":"GET","url":"/v1/guest/conversations/da705ae8-ccc3-4f39-8179-469f4e4338fc","statusCode":200,"requestId":"5ed2b586-a8da-404c-b819-cc30162e9e74"}

stdout | src/conversations.integration.test.ts > guest conversations > isolates conversations by guest session and tenant scope
{"level":"info","time":"2026-07-27T15:55:47.343Z","service":"api","msg":"request.completed","method":"POST","url":"/v1/auth/login","statusCode":200,"requestId":"03956801-0b07-407e-9666-88d540ee6c8b"}

stdout | src/conversations.integration.test.ts > guest conversations > isolates conversations by guest session and tenant scope
{"level":"info","time":"2026-07-27T15:55:47.346Z","service":"api","msg":"request.completed","method":"GET","url":"/v1/properties?organizationId=d215a186-f84d-4c7c-b75a-3189969999c2","statusCode":200,"requestId":"7392e49a-520c-47ce-9597-a72e8b4b304a"}

stdout | src/conversations.integration.test.ts > guest conversations > isolates conversations by guest session and tenant scope
{"level":"info","time":"2026-07-27T15:55:47.349Z","service":"api","msg":"request.completed","method":"GET","url":"/v1/properties/3ab87d2a-0c78-4fac-aa15-515a733cc3ae/locations","statusCode":200,"requestId":"c9c18439-3427-46b4-b284-389fc3674d8c"}

stdout | src/conversations.integration.test.ts > guest conversations > isolates conversations by guest session and tenant scope
{"level":"info","time":"2026-07-27T15:55:47.354Z","service":"api","msg":"request.completed","method":"POST","url":"/v1/properties/3ab87d2a-0c78-4fac-aa15-515a733cc3ae/qr-codes","statusCode":200,"requestId":"27ef2b88-4bb9-4e9c-b6bd-16f666c90688"}

stdout | src/conversations.integration.test.ts > guest conversations > isolates conversations by guest session and tenant scope
{"level":"info","time":"2026-07-27T15:55:47.357Z","service":"api","msg":"request.completed","method":"POST","url":"/v1/guest/sessions","statusCode":200,"requestId":"93ac57f3-b053-4a18-8910-2d8b705b8a57"}

stdout | src/conversations.integration.test.ts > guest conversations > isolates conversations by guest session and tenant scope
{"level":"info","time":"2026-07-27T15:55:47.594Z","service":"api","msg":"request.completed","method":"POST","url":"/v1/auth/login","statusCode":200,"requestId":"c261401f-e7bb-4d39-8e1b-3ac503e4d9dc"}

stdout | src/conversations.integration.test.ts > guest conversations > isolates conversations by guest session and tenant scope
{"level":"info","time":"2026-07-27T15:55:47.596Z","service":"api","msg":"request.completed","method":"GET","url":"/v1/properties?organizationId=d215a186-f84d-4c7c-b75a-3189969999c2","statusCode":200,"requestId":"affc7e6c-e2ad-4072-a5ff-abc8619401d8"}

stdout | src/conversations.integration.test.ts > guest conversations > isolates conversations by guest session and tenant scope
{"level":"info","time":"2026-07-27T15:55:47.599Z","service":"api","msg":"request.completed","method":"GET","url":"/v1/properties/3ab87d2a-0c78-4fac-aa15-515a733cc3ae/locations","statusCode":200,"requestId":"d3c17ca1-6dc0-48fd-aa2c-4a898b71223b"}

stdout | src/conversations.integration.test.ts > guest conversations > isolates conversations by guest session and tenant scope
{"level":"info","time":"2026-07-27T15:55:47.606Z","service":"api","msg":"request.completed","method":"POST","url":"/v1/properties/3ab87d2a-0c78-4fac-aa15-515a733cc3ae/qr-codes","statusCode":200,"requestId":"de86e96a-3b15-4950-82eb-039f6859a23f"}

stdout | src/conversations.integration.test.ts > guest conversations > isolates conversations by guest session and tenant scope
{"level":"info","time":"2026-07-27T15:55:47.609Z","service":"api","msg":"request.completed","method":"POST","url":"/v1/guest/sessions","statusCode":200,"requestId":"6b1cf5ed-1d80-4733-b626-a76a4d01fe35"}

stdout | src/conversations.integration.test.ts > guest conversations > isolates conversations by guest session and tenant scope
{"level":"info","time":"2026-07-27T15:55:47.903Z","service":"api","msg":"request.completed","method":"POST","url":"/v1/auth/login","statusCode":200,"requestId":"f5563a4b-87af-4f9c-a0cb-b6e46956f87c"}

stdout | src/conversations.integration.test.ts > guest conversations > isolates conversations by guest session and tenant scope
{"level":"info","time":"2026-07-27T15:55:47.906Z","service":"api","msg":"request.completed","method":"GET","url":"/v1/properties?organizationId=67e4e9e6-f0b4-4e7f-a247-674a503d4ba6","statusCode":200,"requestId":"26bf8702-5f7c-4706-9b71-d5daa6993934"}

stdout | src/conversations.integration.test.ts > guest conversations > isolates conversations by guest session and tenant scope
{"level":"info","time":"2026-07-27T15:55:47.908Z","service":"api","msg":"request.completed","method":"GET","url":"/v1/properties/8efde0b2-790a-49cd-8a14-20be5b6b29b1/locations","statusCode":200,"requestId":"99510283-b4d2-428f-a2e5-26e250479ccc"}

stdout | src/conversations.integration.test.ts > guest conversations > isolates conversations by guest session and tenant scope
{"level":"info","time":"2026-07-27T15:55:47.919Z","service":"api","msg":"request.completed","method":"POST","url":"/v1/properties/8efde0b2-790a-49cd-8a14-20be5b6b29b1/qr-codes","statusCode":200,"requestId":"1fae7f07-a6a4-402f-a0de-de0e92602e65"}

stdout | src/conversations.integration.test.ts > guest conversations > isolates conversations by guest session and tenant scope
{"level":"info","time":"2026-07-27T15:55:47.928Z","service":"api","msg":"request.completed","method":"POST","url":"/v1/guest/sessions","statusCode":200,"requestId":"bbc1b24f-f677-4f0c-9083-c4e6c7ff89b3"}

stdout | src/conversations.integration.test.ts > guest conversations > isolates conversations by guest session and tenant scope
{"level":"info","time":"2026-07-27T15:55:47.931Z","service":"api","msg":"request.completed","method":"POST","url":"/v1/guest/conversations","statusCode":200,"requestId":"72c3bc16-32e0-4b8e-994d-33f0ea22b286"}

stdout | src/conversations.integration.test.ts > guest conversations > isolates conversations by guest session and tenant scope
{"level":"info","time":"2026-07-27T15:55:47.933Z","service":"api","msg":"request.completed","method":"GET","url":"/v1/guest/conversations/ee846ca4-3b1e-44c0-868e-8a6d91f11556","statusCode":404,"requestId":"b57bd47c-a401-4e6a-9cf0-d2a0abb4196c"}

stdout | src/conversations.integration.test.ts > guest conversations > isolates conversations by guest session and tenant scope
{"level":"info","time":"2026-07-27T15:55:47.936Z","service":"api","msg":"request.completed","method":"POST","url":"/v1/guest/conversations/ee846ca4-3b1e-44c0-868e-8a6d91f11556/messages","statusCode":404,"requestId":"df7e8e0d-adb5-4169-80fc-a37063db26b6"}

stdout | src/conversations.integration.test.ts > guest conversations > enforces explicit transcript retention expiry
{"level":"info","time":"2026-07-27T15:55:48.202Z","service":"api","msg":"request.completed","method":"POST","url":"/v1/auth/login","statusCode":200,"requestId":"1db1467a-9951-4bde-a763-f5d5f2c0ba41"}

stdout | src/conversations.integration.test.ts > guest conversations > enforces explicit transcript retention expiry
{"level":"info","time":"2026-07-27T15:55:48.205Z","service":"api","msg":"request.completed","method":"GET","url":"/v1/properties?organizationId=d215a186-f84d-4c7c-b75a-3189969999c2","statusCode":200,"requestId":"fdf17824-7c5b-4bd2-b6f0-8f5bc444188e"}

stdout | src/conversations.integration.test.ts > guest conversations > enforces explicit transcript retention expiry
{"level":"info","time":"2026-07-27T15:55:48.207Z","service":"api","msg":"request.completed","method":"GET","url":"/v1/properties/3ab87d2a-0c78-4fac-aa15-515a733cc3ae/locations","statusCode":200,"requestId":"88917c8a-ff6e-44d1-b481-6618df845ca3"}

stdout | src/conversations.integration.test.ts > guest conversations > enforces explicit transcript retention expiry
{"level":"info","time":"2026-07-27T15:55:48.212Z","service":"api","msg":"request.completed","method":"POST","url":"/v1/properties/3ab87d2a-0c78-4fac-aa15-515a733cc3ae/qr-codes","statusCode":200,"requestId":"d3946620-65ac-4511-85c8-8dcde24dda90"}

stdout | src/conversations.integration.test.ts > guest conversations > enforces explicit transcript retention expiry
{"level":"info","time":"2026-07-27T15:55:48.213Z","service":"api","msg":"request.completed","method":"POST","url":"/v1/guest/sessions","statusCode":200,"requestId":"4e30b3bf-cca3-4985-8caa-4287b961d6bd"}

stdout | src/conversations.integration.test.ts > guest conversations > enforces explicit transcript retention expiry
{"level":"info","time":"2026-07-27T15:55:48.216Z","service":"api","msg":"request.completed","method":"POST","url":"/v1/guest/conversations","statusCode":200,"requestId":"826a322a-f923-43bf-9455-450ceaa462eb"}

stdout | src/conversations.integration.test.ts > guest conversations > enforces explicit transcript retention expiry
{"level":"info","time":"2026-07-27T15:55:48.219Z","service":"api","msg":"request.completed","method":"GET","url":"/v1/guest/conversations/48dcbf27-72e4-46d6-a9ec-b07d125e6e79","statusCode":410,"requestId":"ae893456-163a-4361-8e2b-63d8abac4e6f"}

stdout | src/conversations.integration.test.ts > guest conversations > requests human handoff honestly, idempotently, and blocks further automation
{"level":"info","time":"2026-07-27T15:55:48.444Z","service":"api","msg":"request.completed","method":"POST","url":"/v1/auth/login","statusCode":200,"requestId":"13e81211-ffa5-4598-9c14-6a2e3ef09cd0"}

stdout | src/conversations.integration.test.ts > guest conversations > requests human handoff honestly, idempotently, and blocks further automation
{"level":"info","time":"2026-07-27T15:55:48.446Z","service":"api","msg":"request.completed","method":"GET","url":"/v1/properties?organizationId=d215a186-f84d-4c7c-b75a-3189969999c2","statusCode":200,"requestId":"e1c2d1d8-caea-4622-83e9-5667a71bda9d"}

stdout | src/conversations.integration.test.ts > guest conversations > requests human handoff honestly, idempotently, and blocks further automation
{"level":"info","time":"2026-07-27T15:55:48.449Z","service":"api","msg":"request.completed","method":"GET","url":"/v1/properties/3ab87d2a-0c78-4fac-aa15-515a733cc3ae/locations","statusCode":200,"requestId":"9960df2e-2f77-486f-8bca-790fe49c3863"}

stdout | src/conversations.integration.test.ts > guest conversations > requests human handoff honestly, idempotently, and blocks further automation
{"level":"info","time":"2026-07-27T15:55:48.453Z","service":"api","msg":"request.completed","method":"POST","url":"/v1/properties/3ab87d2a-0c78-4fac-aa15-515a733cc3ae/qr-codes","statusCode":200,"requestId":"619df8d8-b22e-41f5-9101-c8f223a2995c"}

stdout | src/conversations.integration.test.ts > guest conversations > requests human handoff honestly, idempotently, and blocks further automation
{"level":"info","time":"2026-07-27T15:55:48.455Z","service":"api","msg":"request.completed","method":"POST","url":"/v1/guest/sessions","statusCode":200,"requestId":"d48ad530-341c-4c1b-bb94-8e3add6e308b"}

stdout | src/conversations.integration.test.ts > guest conversations > requests human handoff honestly, idempotently, and blocks further automation
{"level":"info","time":"2026-07-27T15:55:48.457Z","service":"api","msg":"request.completed","method":"POST","url":"/v1/guest/conversations","statusCode":200,"requestId":"4eb190d5-9e0b-4440-a2ab-2c46e1adb30c"}

stdout | src/conversations.integration.test.ts > guest conversations > requests human handoff honestly, idempotently, and blocks further automation
{"level":"info","time":"2026-07-27T15:55:48.461Z","service":"api","msg":"request.completed","method":"POST","url":"/v1/guest/request-drafts","statusCode":200,"requestId":"c57558fe-f6ac-4c9f-b799-8766d97614ba"}

stdout | src/conversations.integration.test.ts > guest conversations > requests human handoff honestly, idempotently, and blocks further automation
{"level":"info","time":"2026-07-27T15:55:48.465Z","service":"api","msg":"request.completed","method":"POST","url":"/v1/guest/conversations/9dc4718f-4d8a-4503-abd4-64e83bb9c7be/handoff","statusCode":200,"requestId":"1d6a1908-cd99-4703-866b-feb6a7b33e03"}

stdout | src/conversations.integration.test.ts > guest conversations > requests human handoff honestly, idempotently, and blocks further automation
{"level":"info","time":"2026-07-27T15:55:48.467Z","service":"api","msg":"request.completed","method":"POST","url":"/v1/guest/conversations/9dc4718f-4d8a-4503-abd4-64e83bb9c7be/handoff","statusCode":200,"requestId":"ec717eed-cd8a-49dd-a12f-cf349143622f"}

stdout | src/conversations.integration.test.ts > guest conversations > requests human handoff honestly, idempotently, and blocks further automation
{"level":"info","time":"2026-07-27T15:55:48.468Z","service":"api","msg":"request.completed","method":"POST","url":"/v1/guest/conversations/9dc4718f-4d8a-4503-abd4-64e83bb9c7be/messages","statusCode":409,"requestId":"11a88c7a-c860-420e-b6dc-88c04fa9c856"}

stdout | src/conversations.integration.test.ts > guest conversations > requests human handoff honestly, idempotently, and blocks further automation
{"level":"info","time":"2026-07-27T15:55:48.470Z","service":"api","msg":"request.completed","method":"POST","url":"/v1/guest/conversations/9dc4718f-4d8a-4503-abd4-64e83bb9c7be/tool-results","statusCode":409,"requestId":"4c6b473d-4b63-4fbf-ab7c-ea8a76ec7a7f"}

stdout | src/conversations.integration.test.ts > guest conversations > requests human handoff honestly, idempotently, and blocks further automation
{"level":"info","time":"2026-07-27T15:55:48.473Z","service":"api","msg":"request.completed","method":"POST","url":"/v1/guest/request-drafts/595a03c9-a8f6-4f58-942f-411e62c09115/confirm","statusCode":409,"requestId":"5904f1a2-efd7-4422-a76e-e4755f0e25f2"}

stdout | src/conversations.integration.test.ts > guest conversations > requests human handoff honestly, idempotently, and blocks further automation
{"level":"info","time":"2026-07-27T15:55:48.475Z","service":"api","msg":"request.completed","method":"GET","url":"/v1/guest/conversations/9dc4718f-4d8a-4503-abd4-64e83bb9c7be","statusCode":200,"requestId":"ee640aba-5cf9-4ae4-bfdf-dc2f99bb5bae"}

stdout | src/conversations.integration.test.ts > guest conversations > executes scoped read-only AI tools and persists validated tool output
{"level":"info","time":"2026-07-27T15:55:48.820Z","service":"api","msg":"request.completed","method":"POST","url":"/v1/auth/login","statusCode":200,"requestId":"441ef9ff-cf19-467a-ae89-9509d214b0b0"}

stdout | src/conversations.integration.test.ts > guest conversations > executes scoped read-only AI tools and persists validated tool output
{"level":"info","time":"2026-07-27T15:55:48.823Z","service":"api","msg":"request.completed","method":"GET","url":"/v1/properties?organizationId=d215a186-f84d-4c7c-b75a-3189969999c2","statusCode":200,"requestId":"4dbef66f-a192-4838-b242-bd3a936cf0d1"}

stdout | src/conversations.integration.test.ts > guest conversations > executes scoped read-only AI tools and persists validated tool output
{"level":"info","time":"2026-07-27T15:55:48.825Z","service":"api","msg":"request.completed","method":"GET","url":"/v1/properties/3ab87d2a-0c78-4fac-aa15-515a733cc3ae/locations","statusCode":200,"requestId":"bc664b5a-eca8-4a44-addb-b7013492c37f"}

stdout | src/conversations.integration.test.ts > guest conversations > executes scoped read-only AI tools and persists validated tool output
{"level":"info","time":"2026-07-27T15:55:48.829Z","service":"api","msg":"request.completed","method":"POST","url":"/v1/properties/3ab87d2a-0c78-4fac-aa15-515a733cc3ae/qr-codes","statusCode":200,"requestId":"75f6eab2-97d5-456d-a0f9-4876ed0487c6"}

stdout | src/conversations.integration.test.ts > guest conversations > executes scoped read-only AI tools and persists validated tool output
{"level":"info","time":"2026-07-27T15:55:48.832Z","service":"api","msg":"request.completed","method":"POST","url":"/v1/guest/sessions","statusCode":200,"requestId":"18e9e109-a370-45f6-a8ca-9693cb77250f"}

stdout | src/conversations.integration.test.ts > guest conversations > executes scoped read-only AI tools and persists validated tool output
{"level":"info","time":"2026-07-27T15:55:48.838Z","service":"api","msg":"request.completed","method":"POST","url":"/v1/guest/conversations","statusCode":200,"requestId":"0a99edc6-b132-47c5-97e3-d32e9f576362"}

stdout | src/conversations.integration.test.ts > guest conversations > executes scoped read-only AI tools and persists validated tool output
{"level":"info","time":"2026-07-27T15:55:48.863Z","service":"api","msg":"request.completed","method":"POST","url":"/v1/guest/conversations/0376ac26-66c4-4474-a73e-0307bcc44108/tool-results","statusCode":200,"requestId":"793dceb7-058a-45aa-b33c-ac3f04fd481d"}

stdout | src/conversations.integration.test.ts > guest conversations > executes scoped read-only AI tools and persists validated tool output
{"level":"info","time":"2026-07-27T15:55:48.866Z","service":"api","msg":"request.completed","method":"GET","url":"/v1/guest/conversations/0376ac26-66c4-4474-a73e-0307bcc44108","statusCode":200,"requestId":"6ef6acf6-5607-413e-8809-b9e5bfdca011"}

stdout | src/conversations.integration.test.ts > guest conversations > validates AI tool input and denies unscoped tool calls
{"level":"info","time":"2026-07-27T15:55:49.129Z","service":"api","msg":"request.completed","method":"POST","url":"/v1/auth/login","statusCode":200,"requestId":"3f288949-5bbd-44c0-ad90-a7c53abdaeed"}

stdout | src/conversations.integration.test.ts > guest conversations > validates AI tool input and denies unscoped tool calls
{"level":"info","time":"2026-07-27T15:55:49.132Z","service":"api","msg":"request.completed","method":"GET","url":"/v1/properties?organizationId=d215a186-f84d-4c7c-b75a-3189969999c2","statusCode":200,"requestId":"30b45028-d23f-4f28-a037-7aaad0c9cdc2"}

stdout | src/conversations.integration.test.ts > guest conversations > validates AI tool input and denies unscoped tool calls
{"level":"info","time":"2026-07-27T15:55:49.134Z","service":"api","msg":"request.completed","method":"GET","url":"/v1/properties/3ab87d2a-0c78-4fac-aa15-515a733cc3ae/locations","statusCode":200,"requestId":"633ccea9-b9f6-4949-a024-eea5906fb6fb"}

stdout | src/conversations.integration.test.ts > guest conversations > validates AI tool input and denies unscoped tool calls
{"level":"info","time":"2026-07-27T15:55:49.139Z","service":"api","msg":"request.completed","method":"POST","url":"/v1/properties/3ab87d2a-0c78-4fac-aa15-515a733cc3ae/qr-codes","statusCode":200,"requestId":"9d8b31c8-6d95-47e5-98fd-37102de0666d"}

stdout | src/conversations.integration.test.ts > guest conversations > validates AI tool input and denies unscoped tool calls
{"level":"info","time":"2026-07-27T15:55:49.141Z","service":"api","msg":"request.completed","method":"POST","url":"/v1/guest/sessions","statusCode":200,"requestId":"a26b32a8-ffb4-411d-a5ea-e24a5b184774"}

stdout | src/conversations.integration.test.ts > guest conversations > validates AI tool input and denies unscoped tool calls
{"level":"info","time":"2026-07-27T15:55:49.382Z","service":"api","msg":"request.completed","method":"POST","url":"/v1/auth/login","statusCode":200,"requestId":"0e5869cc-2b07-4df7-a769-1dab776ce988"}

stdout | src/conversations.integration.test.ts > guest conversations > validates AI tool input and denies unscoped tool calls
{"level":"info","time":"2026-07-27T15:55:49.385Z","service":"api","msg":"request.completed","method":"GET","url":"/v1/properties?organizationId=d215a186-f84d-4c7c-b75a-3189969999c2","statusCode":200,"requestId":"7aa6881f-5487-428b-94ab-ae77ef7779f7"}

stdout | src/conversations.integration.test.ts > guest conversations > validates AI tool input and denies unscoped tool calls
{"level":"info","time":"2026-07-27T15:55:49.388Z","service":"api","msg":"request.completed","method":"GET","url":"/v1/properties/3ab87d2a-0c78-4fac-aa15-515a733cc3ae/locations","statusCode":200,"requestId":"44305287-7cc9-472e-896b-2fa12acbc015"}

stdout | src/conversations.integration.test.ts > guest conversations > validates AI tool input and denies unscoped tool calls
{"level":"info","time":"2026-07-27T15:55:49.393Z","service":"api","msg":"request.completed","method":"POST","url":"/v1/properties/3ab87d2a-0c78-4fac-aa15-515a733cc3ae/qr-codes","statusCode":200,"requestId":"25204798-51a5-4a45-b142-2903bd353636"}

stdout | src/conversations.integration.test.ts > guest conversations > validates AI tool input and denies unscoped tool calls
{"level":"info","time":"2026-07-27T15:55:49.395Z","service":"api","msg":"request.completed","method":"POST","url":"/v1/guest/sessions","statusCode":200,"requestId":"43b70d6e-0ee9-469b-9be8-60dc98ed044f"}

stdout | src/conversations.integration.test.ts > guest conversations > validates AI tool input and denies unscoped tool calls
{"level":"info","time":"2026-07-27T15:55:49.397Z","service":"api","msg":"request.completed","method":"POST","url":"/v1/guest/conversations","statusCode":200,"requestId":"57970443-ddd3-4e81-afcd-c8884e593b07"}

stdout | src/conversations.integration.test.ts > guest conversations > validates AI tool input and denies unscoped tool calls
{"level":"info","time":"2026-07-27T15:55:49.398Z","service":"api","msg":"request.completed","method":"POST","url":"/v1/guest/conversations/c98fa832-b34c-4ca3-b739-5e4b86e4775f/tool-results","statusCode":401,"requestId":"be34e8f7-36a7-4bfd-8891-ba43366d07af"}

stdout | src/conversations.integration.test.ts > guest conversations > validates AI tool input and denies unscoped tool calls
{"level":"info","time":"2026-07-27T15:55:49.400Z","service":"api","msg":"request.completed","method":"POST","url":"/v1/guest/conversations/c98fa832-b34c-4ca3-b739-5e4b86e4775f/tool-results","statusCode":404,"requestId":"d6f0971f-99a5-4139-b0b7-6fa3d8c04af8"}

stdout | src/conversations.integration.test.ts > guest conversations > validates AI tool input and denies unscoped tool calls
{"level":"info","time":"2026-07-27T15:55:49.402Z","service":"api","msg":"request.completed","method":"POST","url":"/v1/guest/conversations/c98fa832-b34c-4ca3-b739-5e4b86e4775f/tool-results","statusCode":400,"requestId":"c185620a-2535-4cb7-bae9-4de8256b503e"}

stdout | src/conversations.integration.test.ts > guest conversations > fails closed when prompt injection asks a read-only tool to bypass confirmation
{"level":"info","time":"2026-07-27T15:55:49.645Z","service":"api","msg":"request.completed","method":"POST","url":"/v1/auth/login","statusCode":200,"requestId":"c5dacd5c-5e4b-4217-ae09-5e642f1f2e54"}

stdout | src/conversations.integration.test.ts > guest conversations > fails closed when prompt injection asks a read-only tool to bypass confirmation
{"level":"info","time":"2026-07-27T15:55:49.647Z","service":"api","msg":"request.completed","method":"GET","url":"/v1/properties?organizationId=d215a186-f84d-4c7c-b75a-3189969999c2","statusCode":200,"requestId":"91d5fbf9-3c74-41e8-8507-96771b88f08d"}

stdout | src/conversations.integration.test.ts > guest conversations > fails closed when prompt injection asks a read-only tool to bypass confirmation
{"level":"info","time":"2026-07-27T15:55:49.649Z","service":"api","msg":"request.completed","method":"GET","url":"/v1/properties/3ab87d2a-0c78-4fac-aa15-515a733cc3ae/locations","statusCode":200,"requestId":"7728cbb5-6d1a-4736-a6b4-b93d1642f43d"}

stdout | src/conversations.integration.test.ts > guest conversations > fails closed when prompt injection asks a read-only tool to bypass confirmation
{"level":"info","time":"2026-07-27T15:55:49.653Z","service":"api","msg":"request.completed","method":"POST","url":"/v1/properties/3ab87d2a-0c78-4fac-aa15-515a733cc3ae/qr-codes","statusCode":200,"requestId":"e89eec20-ba86-4ed6-a653-1b8092cb9be3"}

stdout | src/conversations.integration.test.ts > guest conversations > fails closed when prompt injection asks a read-only tool to bypass confirmation
{"level":"info","time":"2026-07-27T15:55:49.656Z","service":"api","msg":"request.completed","method":"POST","url":"/v1/guest/sessions","statusCode":200,"requestId":"85687f4b-4e26-41a1-97c6-e4b5c8a0138b"}

stdout | src/conversations.integration.test.ts > guest conversations > fails closed when prompt injection asks a read-only tool to bypass confirmation
{"level":"info","time":"2026-07-27T15:55:49.658Z","service":"api","msg":"request.completed","method":"POST","url":"/v1/guest/conversations","statusCode":200,"requestId":"536acddf-a7b6-4dd1-a497-8ba8c13e4c53"}

stdout | src/conversations.integration.test.ts > guest conversations > fails closed when prompt injection asks a read-only tool to bypass confirmation
{"level":"info","time":"2026-07-27T15:55:49.663Z","service":"api","msg":"request.completed","method":"POST","url":"/v1/guest/conversations/c3a22828-1b0e-4260-acff-887877343143/tool-results","statusCode":200,"requestId":"878e2931-88e1-494c-b1e0-c38fac7e3d9b"}

stdout | src/conversations.integration.test.ts > guest conversations > reads catalog tool output only from the scoped published portal
{"level":"info","time":"2026-07-27T15:55:49.900Z","service":"api","msg":"request.completed","method":"POST","url":"/v1/auth/login","statusCode":200,"requestId":"c073c602-60a6-44f1-9717-ff6e8ca4d8be"}

stdout | src/conversations.integration.test.ts > guest conversations > reads catalog tool output only from the scoped published portal
{"level":"info","time":"2026-07-27T15:55:49.902Z","service":"api","msg":"request.completed","method":"GET","url":"/v1/properties?organizationId=d215a186-f84d-4c7c-b75a-3189969999c2","statusCode":200,"requestId":"f8dd1ba0-5996-42c0-85d1-3cf93a669332"}

stdout | src/conversations.integration.test.ts > guest conversations > reads catalog tool output only from the scoped published portal
{"level":"info","time":"2026-07-27T15:55:49.904Z","service":"api","msg":"request.completed","method":"GET","url":"/v1/properties/3ab87d2a-0c78-4fac-aa15-515a733cc3ae/locations","statusCode":200,"requestId":"e90da36e-3a7f-4a20-9ecc-e59141b79c13"}

stdout | src/conversations.integration.test.ts > guest conversations > reads catalog tool output only from the scoped published portal
{"level":"info","time":"2026-07-27T15:55:49.908Z","service":"api","msg":"request.completed","method":"POST","url":"/v1/properties/3ab87d2a-0c78-4fac-aa15-515a733cc3ae/qr-codes","statusCode":200,"requestId":"1b4e275e-c3ca-4e89-8c39-55d1861e94ea"}

stdout | src/conversations.integration.test.ts > guest conversations > reads catalog tool output only from the scoped published portal
{"level":"info","time":"2026-07-27T15:55:49.910Z","service":"api","msg":"request.completed","method":"POST","url":"/v1/guest/sessions","statusCode":200,"requestId":"c847b1d9-b161-4100-8a8c-2989b1dfc61f"}

stdout | src/conversations.integration.test.ts > guest conversations > reads catalog tool output only from the scoped published portal
{"level":"info","time":"2026-07-27T15:55:49.914Z","service":"api","msg":"request.completed","method":"GET","url":"/v1/properties/3ab87d2a-0c78-4fac-aa15-515a733cc3ae/portal/draft","statusCode":200,"requestId":"e5742761-7504-41d4-85f7-2e8eba0c5bfb"}

stdout | src/conversations.integration.test.ts > guest conversations > reads catalog tool output only from the scoped published portal
{"level":"info","time":"2026-07-27T15:55:49.922Z","service":"api","msg":"request.completed","method":"POST","url":"/v1/properties/3ab87d2a-0c78-4fac-aa15-515a733cc3ae/portal/publish","statusCode":200,"requestId":"1224ad4c-486b-497b-9d4f-eebe40b123df"}

stdout | src/conversations.integration.test.ts > guest conversations > reads catalog tool output only from the scoped published portal
{"level":"info","time":"2026-07-27T15:55:49.925Z","service":"api","msg":"request.completed","method":"POST","url":"/v1/guest/conversations","statusCode":200,"requestId":"8fd92ed5-cd5c-4ac4-a88e-cc3952e92975"}

stdout | src/conversations.integration.test.ts > guest conversations > reads catalog tool output only from the scoped published portal
{"level":"info","time":"2026-07-27T15:55:49.932Z","service":"api","msg":"request.completed","method":"POST","url":"/v1/guest/conversations/ddc77292-738d-4227-aa4f-d092e82fbafe/tool-results","statusCode":200,"requestId":"57b03273-7d75-486e-a2d1-488e90e0a036"}

stdout | src/conversations.integration.test.ts > guest conversations > keeps voice request draft tools behind idempotent guest confirmation
{"level":"info","time":"2026-07-27T15:55:50.176Z","service":"api","msg":"request.completed","method":"POST","url":"/v1/auth/login","statusCode":200,"requestId":"62ef42a7-851a-4d63-9c69-bf1b7d4feaf5"}

stdout | src/conversations.integration.test.ts > guest conversations > keeps voice request draft tools behind idempotent guest confirmation
{"level":"info","time":"2026-07-27T15:55:50.178Z","service":"api","msg":"request.completed","method":"GET","url":"/v1/properties?organizationId=d215a186-f84d-4c7c-b75a-3189969999c2","statusCode":200,"requestId":"96dfede2-e13c-417f-81c1-1f9f3044e23a"}

stdout | src/conversations.integration.test.ts > guest conversations > keeps voice request draft tools behind idempotent guest confirmation
{"level":"info","time":"2026-07-27T15:55:50.180Z","service":"api","msg":"request.completed","method":"GET","url":"/v1/properties/3ab87d2a-0c78-4fac-aa15-515a733cc3ae/locations","statusCode":200,"requestId":"0f9b6157-7870-4d57-a3d1-8baef8bc4f57"}

stdout | src/conversations.integration.test.ts > guest conversations > keeps voice request draft tools behind idempotent guest confirmation
{"level":"info","time":"2026-07-27T15:55:50.184Z","service":"api","msg":"request.completed","method":"POST","url":"/v1/properties/3ab87d2a-0c78-4fac-aa15-515a733cc3ae/qr-codes","statusCode":200,"requestId":"6584e737-9c1d-4236-84c3-8a912c287958"}

stdout | src/conversations.integration.test.ts > guest conversations > keeps voice request draft tools behind idempotent guest confirmation
{"level":"info","time":"2026-07-27T15:55:50.185Z","service":"api","msg":"request.completed","method":"POST","url":"/v1/guest/sessions","statusCode":200,"requestId":"1ec19d18-aea9-431c-ab09-c66983637ae5"}

stdout | src/conversations.integration.test.ts > guest conversations > keeps voice request draft tools behind idempotent guest confirmation
{"level":"info","time":"2026-07-27T15:55:50.188Z","service":"api","msg":"request.completed","method":"POST","url":"/v1/guest/conversations","statusCode":200,"requestId":"c16f0aef-a27f-4a9e-8351-77bfb73ccc05"}

stdout | src/conversations.integration.test.ts > guest conversations > keeps voice request draft tools behind idempotent guest confirmation
{"level":"info","time":"2026-07-27T15:55:50.192Z","service":"api","msg":"request.completed","method":"POST","url":"/v1/guest/conversations/5821586c-a6a9-45de-8a16-4ee6711c7814/tool-results","statusCode":200,"requestId":"51dfdc4d-1e7e-4d14-aa7d-2d3f1bcfbf85"}

stdout | src/conversations.integration.test.ts > guest conversations > keeps voice request draft tools behind idempotent guest confirmation
{"level":"info","time":"2026-07-27T15:55:50.199Z","service":"api","msg":"request.completed","method":"POST","url":"/v1/guest/request-drafts/33df10eb-642d-4531-9818-32481e02b81b/confirm","statusCode":200,"requestId":"fcccbb45-eadb-4d71-a23e-c62904fe7325"}

stdout | src/conversations.integration.test.ts > guest conversations > keeps voice request draft tools behind idempotent guest confirmation
{"level":"info","time":"2026-07-27T15:55:50.202Z","service":"api","msg":"request.completed","method":"POST","url":"/v1/guest/request-drafts/33df10eb-642d-4531-9818-32481e02b81b/confirm","statusCode":200,"requestId":"653d4658-69c3-4c3d-9a5b-dff9e4ba904a"}

stdout | src/conversations.integration.test.ts > guest conversations > keeps voice request draft tools behind idempotent guest confirmation
{"level":"info","time":"2026-07-27T15:55:50.206Z","service":"api","msg":"request.completed","method":"GET","url":"/v1/guest/conversations/5821586c-a6a9-45de-8a16-4ee6711c7814","statusCode":200,"requestId":"68c80f04-2108-49c8-9069-86e55541c8a3"}

stdout | src/conversations.integration.test.ts > guest conversations > accepts tenant-scoped voice metrics and denies cross-session metrics
{"level":"info","time":"2026-07-27T15:55:50.580Z","service":"api","msg":"request.completed","method":"POST","url":"/v1/auth/login","statusCode":200,"requestId":"f99ea8b6-0af7-4cc7-ae74-d613ed5825d3"}

stdout | src/conversations.integration.test.ts > guest conversations > accepts tenant-scoped voice metrics and denies cross-session metrics
{"level":"info","time":"2026-07-27T15:55:50.583Z","service":"api","msg":"request.completed","method":"GET","url":"/v1/properties?organizationId=d215a186-f84d-4c7c-b75a-3189969999c2","statusCode":200,"requestId":"03961c08-fb03-4a61-9559-2be5b7de8987"}

stdout | src/conversations.integration.test.ts > guest conversations > accepts tenant-scoped voice metrics and denies cross-session metrics
{"level":"info","time":"2026-07-27T15:55:50.585Z","service":"api","msg":"request.completed","method":"GET","url":"/v1/properties/3ab87d2a-0c78-4fac-aa15-515a733cc3ae/locations","statusCode":200,"requestId":"fdca154f-1435-4536-8d8d-40327b88f3f3"}

stdout | src/conversations.integration.test.ts > guest conversations > accepts tenant-scoped voice metrics and denies cross-session metrics
{"level":"info","time":"2026-07-27T15:55:50.588Z","service":"api","msg":"request.completed","method":"POST","url":"/v1/properties/3ab87d2a-0c78-4fac-aa15-515a733cc3ae/qr-codes","statusCode":200,"requestId":"cc9e104d-8805-40ae-8106-34a532a9f1ad"}

stdout | src/conversations.integration.test.ts > guest conversations > accepts tenant-scoped voice metrics and denies cross-session metrics
{"level":"info","time":"2026-07-27T15:55:50.590Z","service":"api","msg":"request.completed","method":"POST","url":"/v1/guest/sessions","statusCode":200,"requestId":"1b04bd91-a4c9-413d-a1fd-5d78276b3679"}

stdout | src/conversations.integration.test.ts > guest conversations > accepts tenant-scoped voice metrics and denies cross-session metrics
{"level":"info","time":"2026-07-27T15:55:50.826Z","service":"api","msg":"request.completed","method":"POST","url":"/v1/auth/login","statusCode":200,"requestId":"f10e2c08-517c-4ac7-849f-9b23c080afaf"}

stdout | src/conversations.integration.test.ts > guest conversations > accepts tenant-scoped voice metrics and denies cross-session metrics
{"level":"info","time":"2026-07-27T15:55:50.828Z","service":"api","msg":"request.completed","method":"GET","url":"/v1/properties?organizationId=d215a186-f84d-4c7c-b75a-3189969999c2","statusCode":200,"requestId":"e4825f55-5812-45f4-abbf-667a4db48410"}

stdout | src/conversations.integration.test.ts > guest conversations > accepts tenant-scoped voice metrics and denies cross-session metrics
{"level":"info","time":"2026-07-27T15:55:50.832Z","service":"api","msg":"request.completed","method":"GET","url":"/v1/properties/3ab87d2a-0c78-4fac-aa15-515a733cc3ae/locations","statusCode":200,"requestId":"d48a7702-6082-441e-a968-1c82a21608c7"}

stdout | src/conversations.integration.test.ts > guest conversations > accepts tenant-scoped voice metrics and denies cross-session metrics
{"level":"info","time":"2026-07-27T15:55:50.835Z","service":"api","msg":"request.completed","method":"POST","url":"/v1/properties/3ab87d2a-0c78-4fac-aa15-515a733cc3ae/qr-codes","statusCode":200,"requestId":"2f364f58-9032-4f4a-8f18-2c75537d557f"}

stdout | src/conversations.integration.test.ts > guest conversations > accepts tenant-scoped voice metrics and denies cross-session metrics
{"level":"info","time":"2026-07-27T15:55:50.837Z","service":"api","msg":"request.completed","method":"POST","url":"/v1/guest/sessions","statusCode":200,"requestId":"892a8940-26c8-4ddd-9a8b-0d1ee2065b56"}

stdout | src/conversations.integration.test.ts > guest conversations > accepts tenant-scoped voice metrics and denies cross-session metrics
{"level":"info","time":"2026-07-27T15:55:50.839Z","service":"api","msg":"request.completed","method":"POST","url":"/v1/guest/conversations","statusCode":200,"requestId":"5491bb6f-4592-49d3-b163-863e753de325"}

stdout | src/conversations.integration.test.ts > guest conversations > accepts tenant-scoped voice metrics and denies cross-session metrics
{"level":"info","time":"2026-07-27T15:55:50.841Z","service":"api","msg":"request.completed","method":"POST","url":"/v1/guest/conversations/29e407f6-21b2-438d-9e27-92947f1b87a7/voice-metrics","statusCode":200,"requestId":"6c9b0540-867b-48f2-af24-10235d1bddbe"}

stdout | src/conversations.integration.test.ts > guest conversations > accepts tenant-scoped voice metrics and denies cross-session metrics
{"level":"info","time":"2026-07-27T15:55:50.843Z","service":"api","msg":"request.completed","method":"POST","url":"/v1/guest/conversations/29e407f6-21b2-438d-9e27-92947f1b87a7/voice-metrics","statusCode":404,"requestId":"956eab16-2638-4b5d-95b5-3deaa6304f53"}

stdout | src/conversations.integration.test.ts > guest conversations > accepts tenant-scoped voice metrics and denies cross-session metrics
{"level":"info","time":"2026-07-27T15:55:50.846Z","service":"api","msg":"request.completed","method":"POST","url":"/v1/guest/conversations/29e407f6-21b2-438d-9e27-92947f1b87a7/handoff","statusCode":200,"requestId":"caff07af-f3ec-4be2-aade-4ee901f0fef9"}

stdout | src/conversations.integration.test.ts > guest conversations > accepts tenant-scoped voice metrics and denies cross-session metrics
{"level":"info","time":"2026-07-27T15:55:50.848Z","service":"api","msg":"request.completed","method":"POST","url":"/v1/guest/conversations/29e407f6-21b2-438d-9e27-92947f1b87a7/voice-metrics","statusCode":409,"requestId":"c237009a-8f4f-4346-9386-5d1c9ee27f55"}

stdout | src/conversations.integration.test.ts > guest conversations > requires explicit idempotent guest confirmation for request drafts
{"level":"info","time":"2026-07-27T15:55:51.086Z","service":"api","msg":"request.completed","method":"POST","url":"/v1/auth/login","statusCode":200,"requestId":"fb7965b1-247f-41f4-ae9c-d6f570f0f684"}

stdout | src/conversations.integration.test.ts > guest conversations > requires explicit idempotent guest confirmation for request drafts
{"level":"info","time":"2026-07-27T15:55:51.089Z","service":"api","msg":"request.completed","method":"GET","url":"/v1/properties?organizationId=d215a186-f84d-4c7c-b75a-3189969999c2","statusCode":200,"requestId":"bfbe397b-8dc1-4b44-9817-00e66f5e4a4e"}

stdout | src/conversations.integration.test.ts > guest conversations > requires explicit idempotent guest confirmation for request drafts
{"level":"info","time":"2026-07-27T15:55:51.091Z","service":"api","msg":"request.completed","method":"GET","url":"/v1/properties/3ab87d2a-0c78-4fac-aa15-515a733cc3ae/locations","statusCode":200,"requestId":"520993ec-9f6f-4d4e-b76d-373e28baef2a"}

stdout | src/conversations.integration.test.ts > guest conversations > requires explicit idempotent guest confirmation for request drafts
{"level":"info","time":"2026-07-27T15:55:51.094Z","service":"api","msg":"request.completed","method":"POST","url":"/v1/properties/3ab87d2a-0c78-4fac-aa15-515a733cc3ae/qr-codes","statusCode":200,"requestId":"9d6a74a6-1301-4253-8564-23173231aca9"}

stdout | src/conversations.integration.test.ts > guest conversations > requires explicit idempotent guest confirmation for request drafts
{"level":"info","time":"2026-07-27T15:55:51.097Z","service":"api","msg":"request.completed","method":"POST","url":"/v1/guest/sessions","statusCode":200,"requestId":"5925d483-7ba5-410a-821d-5e9bc08fa5ca"}

stdout | src/conversations.integration.test.ts > guest conversations > requires explicit idempotent guest confirmation for request drafts
{"level":"info","time":"2026-07-27T15:55:51.099Z","service":"api","msg":"request.completed","method":"POST","url":"/v1/guest/conversations","statusCode":200,"requestId":"1ac62b64-0767-425f-8dba-5a16dfd257d8"}

stdout | src/conversations.integration.test.ts > guest conversations > requires explicit idempotent guest confirmation for request drafts
{"level":"info","time":"2026-07-27T15:55:51.101Z","service":"api","msg":"request.completed","method":"POST","url":"/v1/guest/request-drafts","statusCode":200,"requestId":"c83d92e9-4c87-4da0-b2d2-5789e94aadd3"}

stdout | src/conversations.integration.test.ts > guest conversations > requires explicit idempotent guest confirmation for request drafts
{"level":"info","time":"2026-07-27T15:55:51.105Z","service":"api","msg":"request.completed","method":"POST","url":"/v1/guest/request-drafts/60803fa5-5836-460f-8de0-5bdc9716ddc3/confirm","statusCode":200,"requestId":"70baf1b6-b1a3-4d8e-9127-7768776e0249"}

stdout | src/conversations.integration.test.ts > guest conversations > requires explicit idempotent guest confirmation for request drafts
{"level":"info","time":"2026-07-27T15:55:51.108Z","service":"api","msg":"request.completed","method":"POST","url":"/v1/guest/request-drafts/60803fa5-5836-460f-8de0-5bdc9716ddc3/confirm","statusCode":200,"requestId":"b67136c5-45f5-4db8-9db3-c674e7661a5e"}

stdout | src/conversations.integration.test.ts > guest conversations > requires explicit idempotent guest confirmation for request drafts
{"level":"info","time":"2026-07-27T15:55:51.112Z","service":"api","msg":"request.completed","method":"GET","url":"/v1/guest/conversations/ac4331bc-d994-4dc4-8653-fd48e2a50eb9","statusCode":200,"requestId":"96d027c6-bda7-454c-bc24-e9dbed9cc3f0"}

stdout | src/conversations.integration.test.ts > guest conversations > rejects expired drafts without committing a request
{"level":"info","time":"2026-07-27T15:55:51.352Z","service":"api","msg":"request.completed","method":"POST","url":"/v1/auth/login","statusCode":200,"requestId":"381d3a08-c50d-406b-9484-0758083f9396"}

stdout | src/conversations.integration.test.ts > guest conversations > rejects expired drafts without committing a request
{"level":"info","time":"2026-07-27T15:55:51.354Z","service":"api","msg":"request.completed","method":"GET","url":"/v1/properties?organizationId=d215a186-f84d-4c7c-b75a-3189969999c2","statusCode":200,"requestId":"7b5fc01b-a6ff-428f-936f-5c781c8e686e"}

stdout | src/conversations.integration.test.ts > guest conversations > rejects expired drafts without committing a request
{"level":"info","time":"2026-07-27T15:55:51.357Z","service":"api","msg":"request.completed","method":"GET","url":"/v1/properties/3ab87d2a-0c78-4fac-aa15-515a733cc3ae/locations","statusCode":200,"requestId":"0e439fea-7328-47e8-a507-99e3d17d60d6"}

stdout | src/conversations.integration.test.ts > guest conversations > rejects expired drafts without committing a request
{"level":"info","time":"2026-07-27T15:55:51.360Z","service":"api","msg":"request.completed","method":"POST","url":"/v1/properties/3ab87d2a-0c78-4fac-aa15-515a733cc3ae/qr-codes","statusCode":200,"requestId":"5bcc435d-92e5-456f-b44c-93518a349f02"}

stdout | src/conversations.integration.test.ts > guest conversations > rejects expired drafts without committing a request
{"level":"info","time":"2026-07-27T15:55:51.362Z","service":"api","msg":"request.completed","method":"POST","url":"/v1/guest/sessions","statusCode":200,"requestId":"01b61855-bfc0-4c7c-98bf-6e6a86eac2ff"}

stdout | src/conversations.integration.test.ts > guest conversations > rejects expired drafts without committing a request
{"level":"info","time":"2026-07-27T15:55:51.364Z","service":"api","msg":"request.completed","method":"POST","url":"/v1/guest/conversations","statusCode":200,"requestId":"b3b25c09-ed2e-4a6e-8288-c086df4484d2"}

stdout | src/conversations.integration.test.ts > guest conversations > rejects expired drafts without committing a request
{"level":"info","time":"2026-07-27T15:55:51.367Z","service":"api","msg":"request.completed","method":"POST","url":"/v1/guest/request-drafts","statusCode":200,"requestId":"ded1ffe5-612d-4473-bfa0-d263de0e21c9"}

stdout | src/conversations.integration.test.ts > guest conversations > rejects expired drafts without committing a request
{"level":"info","time":"2026-07-27T15:55:51.371Z","service":"api","msg":"request.completed","method":"POST","url":"/v1/guest/request-drafts/25f45e63-5eac-48d6-98b8-a6a337610688/confirm","statusCode":410,"requestId":"53f7e5b8-c56b-49c4-ac2d-3290972e5308"}

stdout | src/conversations.integration.test.ts > guest conversations > denies unauthorized draft commits across guest sessions
{"level":"info","time":"2026-07-27T15:55:51.604Z","service":"api","msg":"request.completed","method":"POST","url":"/v1/auth/login","statusCode":200,"requestId":"e75a172e-cf02-4a89-9136-16a9cb276dd9"}

stdout | src/conversations.integration.test.ts > guest conversations > denies unauthorized draft commits across guest sessions
{"level":"info","time":"2026-07-27T15:55:51.607Z","service":"api","msg":"request.completed","method":"GET","url":"/v1/properties?organizationId=d215a186-f84d-4c7c-b75a-3189969999c2","statusCode":200,"requestId":"d2ba116c-e317-4fb1-b252-189a17322648"}

stdout | src/conversations.integration.test.ts > guest conversations > denies unauthorized draft commits across guest sessions
{"level":"info","time":"2026-07-27T15:55:51.609Z","service":"api","msg":"request.completed","method":"GET","url":"/v1/properties/3ab87d2a-0c78-4fac-aa15-515a733cc3ae/locations","statusCode":200,"requestId":"72ce8236-94cf-4906-93fc-902fb4f5d55c"}

stdout | src/conversations.integration.test.ts > guest conversations > denies unauthorized draft commits across guest sessions
{"level":"info","time":"2026-07-27T15:55:51.612Z","service":"api","msg":"request.completed","method":"POST","url":"/v1/properties/3ab87d2a-0c78-4fac-aa15-515a733cc3ae/qr-codes","statusCode":200,"requestId":"7a4ed864-d61c-4c8b-bf2e-4382360aefce"}

stdout | src/conversations.integration.test.ts > guest conversations > denies unauthorized draft commits across guest sessions
{"level":"info","time":"2026-07-27T15:55:51.614Z","service":"api","msg":"request.completed","method":"POST","url":"/v1/guest/sessions","statusCode":200,"requestId":"552836b7-c2ce-42e6-be65-9627349d529d"}

stdout | src/conversations.integration.test.ts > guest conversations > denies unauthorized draft commits across guest sessions
{"level":"info","time":"2026-07-27T15:55:51.845Z","service":"api","msg":"request.completed","method":"POST","url":"/v1/auth/login","statusCode":200,"requestId":"1bbeb436-bd45-4305-8371-d288177cb9db"}

stdout | src/conversations.integration.test.ts > guest conversations > denies unauthorized draft commits across guest sessions
{"level":"info","time":"2026-07-27T15:55:51.847Z","service":"api","msg":"request.completed","method":"GET","url":"/v1/properties?organizationId=d215a186-f84d-4c7c-b75a-3189969999c2","statusCode":200,"requestId":"39c86e14-4420-4730-8534-5893d6bb3012"}

stdout | src/conversations.integration.test.ts > guest conversations > denies unauthorized draft commits across guest sessions
{"level":"info","time":"2026-07-27T15:55:51.850Z","service":"api","msg":"request.completed","method":"GET","url":"/v1/properties/3ab87d2a-0c78-4fac-aa15-515a733cc3ae/locations","statusCode":200,"requestId":"0abf8a7f-8095-46f2-a598-3783c447a187"}

stdout | src/conversations.integration.test.ts > guest conversations > denies unauthorized draft commits across guest sessions
{"level":"info","time":"2026-07-27T15:55:51.853Z","service":"api","msg":"request.completed","method":"POST","url":"/v1/properties/3ab87d2a-0c78-4fac-aa15-515a733cc3ae/qr-codes","statusCode":200,"requestId":"a15ad5cc-5527-4844-b437-68a404b68f59"}

stdout | src/conversations.integration.test.ts > guest conversations > denies unauthorized draft commits across guest sessions
{"level":"info","time":"2026-07-27T15:55:51.855Z","service":"api","msg":"request.completed","method":"POST","url":"/v1/guest/sessions","statusCode":200,"requestId":"0a519f24-1495-4448-883b-1141e9897bf6"}

stdout | src/conversations.integration.test.ts > guest conversations > denies unauthorized draft commits across guest sessions
{"level":"info","time":"2026-07-27T15:55:51.857Z","service":"api","msg":"request.completed","method":"POST","url":"/v1/guest/conversations","statusCode":200,"requestId":"3e693839-0892-457c-a59b-aea080b5c18b"}

stdout | src/conversations.integration.test.ts > guest conversations > denies unauthorized draft commits across guest sessions
{"level":"info","time":"2026-07-27T15:55:51.859Z","service":"api","msg":"request.completed","method":"POST","url":"/v1/guest/request-drafts","statusCode":200,"requestId":"9ffe01c5-a9ed-4059-b378-9dc4e417e7ac"}

stdout | src/conversations.integration.test.ts > guest conversations > denies unauthorized draft commits across guest sessions
{"level":"info","time":"2026-07-27T15:55:51.860Z","service":"api","msg":"request.completed","method":"POST","url":"/v1/guest/request-drafts/fcfaf1d5-1017-45c7-97e6-532138917a41/confirm","statusCode":404,"requestId":"32d21740-6aa1-4dc8-8848-ee23342dd4a7"}

stdout | src/conversations.integration.test.ts > guest conversations > creates order drafts through AI tools and commits only after guest confirmation
{"level":"info","time":"2026-07-27T15:55:52.097Z","service":"api","msg":"request.completed","method":"POST","url":"/v1/auth/login","statusCode":200,"requestId":"b93ab8e9-19b5-48ae-be1a-04f8d423ee40"}

stdout | src/conversations.integration.test.ts > guest conversations > creates order drafts through AI tools and commits only after guest confirmation
{"level":"info","time":"2026-07-27T15:55:52.100Z","service":"api","msg":"request.completed","method":"GET","url":"/v1/properties?organizationId=d215a186-f84d-4c7c-b75a-3189969999c2","statusCode":200,"requestId":"5b2e0daa-fb42-4ff1-9f17-451580729dc0"}

stdout | src/conversations.integration.test.ts > guest conversations > creates order drafts through AI tools and commits only after guest confirmation
{"level":"info","time":"2026-07-27T15:55:52.102Z","service":"api","msg":"request.completed","method":"GET","url":"/v1/properties/3ab87d2a-0c78-4fac-aa15-515a733cc3ae/locations","statusCode":200,"requestId":"a05c78df-2442-4aaa-b962-4d21c280f14f"}

stdout | src/conversations.integration.test.ts > guest conversations > creates order drafts through AI tools and commits only after guest confirmation
{"level":"info","time":"2026-07-27T15:55:52.106Z","service":"api","msg":"request.completed","method":"POST","url":"/v1/properties/3ab87d2a-0c78-4fac-aa15-515a733cc3ae/qr-codes","statusCode":200,"requestId":"9ee765f9-a3fe-4c49-8f71-84b1b1ef5ae6"}

stdout | src/conversations.integration.test.ts > guest conversations > creates order drafts through AI tools and commits only after guest confirmation
{"level":"info","time":"2026-07-27T15:55:52.108Z","service":"api","msg":"request.completed","method":"POST","url":"/v1/guest/sessions","statusCode":200,"requestId":"13d8bf58-66ab-46d2-ad19-7c776a84f8d5"}

stdout | src/conversations.integration.test.ts > guest conversations > creates order drafts through AI tools and commits only after guest confirmation
{"level":"info","time":"2026-07-27T15:55:52.109Z","service":"api","msg":"request.completed","method":"POST","url":"/v1/guest/conversations","statusCode":200,"requestId":"177e2eeb-a3b4-49d2-b45d-03c78a840eea"}

stdout | src/conversations.integration.test.ts > guest conversations > creates order drafts through AI tools and commits only after guest confirmation
{"level":"info","time":"2026-07-27T15:55:52.116Z","service":"api","msg":"request.completed","method":"POST","url":"/v1/guest/conversations/697102f5-1d57-45ef-bf5b-d083939d6c47/tool-results","statusCode":200,"requestId":"544dc54d-d41b-436e-9de7-7d8615bcce11"}

stdout | src/conversations.integration.test.ts > guest conversations > creates order drafts through AI tools and commits only after guest confirmation
{"level":"info","time":"2026-07-27T15:55:52.118Z","service":"api","msg":"request.completed","method":"POST","url":"/v1/guest/conversations/697102f5-1d57-45ef-bf5b-d083939d6c47/tool-results","statusCode":400,"requestId":"dbcfbba4-bea0-49f5-b117-504ce8b79745"}

stdout | src/conversations.integration.test.ts > guest conversations > creates order drafts through AI tools and commits only after guest confirmation
{"level":"info","time":"2026-07-27T15:55:52.124Z","service":"api","msg":"request.completed","method":"POST","url":"/v1/guest/order-drafts/0e3399b7-0308-4d63-9c69-8ddf131c0b71/confirm","statusCode":200,"requestId":"f037313d-d15f-4a54-955f-d7272b25ff87"}

 ✓ src/conversations.integration.test.ts (14 tests) 5488ms
   ✓ guest conversations > isolates conversations by guest session and tenant scope  952ms
   ✓ guest conversations > executes scoped read-only AI tools and persists validated tool output  390ms
   ✓ guest conversations > validates AI tool input and denies unscoped tool calls  536ms
   ✓ guest conversations > accepts tenant-scoped voice metrics and denies cross-session metrics  642ms
   ✓ guest conversations > denies unauthorized draft commits across guest sessions  489ms
stdout | src/uploads.integration.test.ts > uploads and assets (R2 REAL_STAGING) > rejects unauthorized and invalid content-type/size
{"level":"info","time":"2026-07-27T15:55:52.864Z","service":"api","msg":"request.completed","method":"POST","url":"/v1/uploads/presign","statusCode":401,"requestId":"6754c7d3-6370-4613-9b14-0d27d95571b1"}

stdout | src/uploads.integration.test.ts > uploads and assets (R2 REAL_STAGING) > rejects unauthorized and invalid content-type/size
{"level":"info","time":"2026-07-27T15:55:53.126Z","service":"api","msg":"request.completed","method":"POST","url":"/v1/auth/login","statusCode":200,"requestId":"55ab1694-08aa-4df9-ab8e-6fbce61ea937"}

stdout | src/uploads.integration.test.ts > uploads and assets (R2 REAL_STAGING) > rejects unauthorized and invalid content-type/size
{"level":"info","time":"2026-07-27T15:55:53.131Z","service":"api","msg":"request.completed","method":"GET","url":"/v1/properties?organizationId=d215a186-f84d-4c7c-b75a-3189969999c2","statusCode":200,"requestId":"0d93e155-13c2-450d-b9ec-7900afad7b5d"}

stdout | src/uploads.integration.test.ts > uploads and assets (R2 REAL_STAGING) > rejects unauthorized and invalid content-type/size
{"level":"info","time":"2026-07-27T15:55:53.134Z","service":"api","msg":"request.completed","method":"POST","url":"/v1/uploads/presign","statusCode":400,"requestId":"7b568891-80b1-4a6f-b754-a0e2bd52e67f"}

stdout | src/uploads.integration.test.ts > uploads and assets (R2 REAL_STAGING) > rejects unauthorized and invalid content-type/size
{"level":"info","time":"2026-07-27T15:55:53.136Z","service":"api","msg":"request.completed","method":"POST","url":"/v1/uploads/presign","statusCode":400,"requestId":"7f0e7bfc-e96c-448d-a2bb-d88cad7cffa3"}

stdout | src/uploads.integration.test.ts > uploads and assets (R2 REAL_STAGING) > rejects unauthorized and invalid content-type/size
{"level":"info","time":"2026-07-27T15:55:53.355Z","service":"api","msg":"request.completed","method":"POST","url":"/v1/auth/login","statusCode":200,"requestId":"3614e8d2-039a-492d-81f6-893c47c84093"}

stdout | src/uploads.integration.test.ts > uploads and assets (R2 REAL_STAGING) > rejects unauthorized and invalid content-type/size
{"level":"info","time":"2026-07-27T15:55:53.358Z","service":"api","msg":"request.completed","method":"POST","url":"/v1/uploads/presign","statusCode":403,"requestId":"621a1b54-f75e-466c-ac9e-dab0bd9b88fc"}

stdout | src/uploads.integration.test.ts > uploads and assets (R2 REAL_STAGING) > presigns, uploads to R2, completes, reads, and deletes
{"level":"info","time":"2026-07-27T15:55:53.592Z","service":"api","msg":"request.completed","method":"POST","url":"/v1/auth/login","statusCode":200,"requestId":"d2af3c06-818a-4cb4-ad10-1d143b617a71"}

stdout | src/uploads.integration.test.ts > uploads and assets (R2 REAL_STAGING) > presigns, uploads to R2, completes, reads, and deletes
{"level":"info","time":"2026-07-27T15:55:53.594Z","service":"api","msg":"request.completed","method":"GET","url":"/v1/properties?organizationId=d215a186-f84d-4c7c-b75a-3189969999c2","statusCode":200,"requestId":"76692479-76e2-4fec-88fb-df3535a7c297"}

stdout | src/uploads.integration.test.ts > uploads and assets (R2 REAL_STAGING) > presigns, uploads to R2, completes, reads, and deletes
{"level":"info","time":"2026-07-27T15:55:53.730Z","service":"api","msg":"request.completed","method":"POST","url":"/v1/uploads/presign","statusCode":200,"requestId":"55db5634-3ea6-4eaa-b2a7-2c438c422597"}

stdout | src/uploads.integration.test.ts > uploads and assets (R2 REAL_STAGING) > presigns, uploads to R2, completes, reads, and deletes
{"level":"info","time":"2026-07-27T15:55:54.297Z","service":"api","msg":"request.completed","method":"POST","url":"/v1/uploads/complete","statusCode":200,"requestId":"526fdc77-71c9-431d-989c-074d8d17460d"}

stdout | src/uploads.integration.test.ts > uploads and assets (R2 REAL_STAGING) > presigns, uploads to R2, completes, reads, and deletes
{"level":"info","time":"2026-07-27T15:55:54.316Z","service":"api","msg":"request.completed","method":"GET","url":"/v1/assets/58cf798a-dc66-4f64-beb7-8e5dec380e28","statusCode":200,"requestId":"ec3f1a81-6e30-4d5b-9d37-925a5aeeedf8"}

stdout | src/uploads.integration.test.ts > uploads and assets (R2 REAL_STAGING) > presigns, uploads to R2, completes, reads, and deletes
{"level":"info","time":"2026-07-27T15:55:54.557Z","service":"api","msg":"request.completed","method":"POST","url":"/v1/auth/login","statusCode":200,"requestId":"ae416c01-d081-4bf0-9cb3-101d5dde960a"}

stdout | src/uploads.integration.test.ts > uploads and assets (R2 REAL_STAGING) > presigns, uploads to R2, completes, reads, and deletes
{"level":"info","time":"2026-07-27T15:55:54.793Z","service":"api","msg":"request.completed","method":"POST","url":"/v1/auth/login","statusCode":200,"requestId":"f46265e4-9ff5-4272-85af-c5415db2cb89"}

stdout | src/uploads.integration.test.ts > uploads and assets (R2 REAL_STAGING) > presigns, uploads to R2, completes, reads, and deletes
{"level":"info","time":"2026-07-27T15:55:54.797Z","service":"api","msg":"request.completed","method":"GET","url":"/v1/assets/58cf798a-dc66-4f64-beb7-8e5dec380e28","statusCode":403,"requestId":"2b163b7c-7d59-4fa5-b84c-e56e0b01cad0"}

stdout | src/uploads.integration.test.ts > uploads and assets (R2 REAL_STAGING) > presigns, uploads to R2, completes, reads, and deletes
{"level":"info","time":"2026-07-27T15:55:54.953Z","service":"api","msg":"request.completed","method":"DELETE","url":"/v1/assets/58cf798a-dc66-4f64-beb7-8e5dec380e28","statusCode":200,"requestId":"5d02eaf1-9d20-4ade-85df-85bff6210455"}

stdout | src/uploads.integration.test.ts > uploads and assets (R2 REAL_STAGING) > presigns, uploads to R2, completes, reads, and deletes
{"level":"info","time":"2026-07-27T15:55:54.956Z","service":"api","msg":"request.completed","method":"GET","url":"/v1/assets/58cf798a-dc66-4f64-beb7-8e5dec380e28","statusCode":404,"requestId":"629f676d-31d1-4e6a-a016-d172abcb5911"}

 ✓ src/uploads.integration.test.ts (2 tests) 2155ms
   ✓ uploads and assets (R2 REAL_STAGING) > rejects unauthorized and invalid content-type/size  504ms
   ✓ uploads and assets (R2 REAL_STAGING) > presigns, uploads to R2, completes, reads, and deletes  1598ms
stdout | src/knowledge.integration.test.ts > knowledge source upload lifecycle > uploads a real text file, tracks status, and denies cross-tenant access
{"level":"info","time":"2026-07-27T15:55:55.776Z","service":"api","msg":"request.completed","method":"POST","url":"/v1/auth/login","statusCode":200,"requestId":"0fbc1cab-c0f5-48e9-8df8-128078c7df20"}

stdout | src/knowledge.integration.test.ts > knowledge source upload lifecycle > uploads a real text file, tracks status, and denies cross-tenant access
{"level":"info","time":"2026-07-27T15:55:55.782Z","service":"api","msg":"request.completed","method":"GET","url":"/v1/properties?organizationId=d215a186-f84d-4c7c-b75a-3189969999c2","statusCode":200,"requestId":"e0d6ae13-3bbd-4c5f-bc1d-90a552e62edb"}

stdout | src/knowledge.integration.test.ts > knowledge source upload lifecycle > uploads a real text file, tracks status, and denies cross-tenant access
{"level":"info","time":"2026-07-27T15:55:55.935Z","service":"api","msg":"request.completed","method":"POST","url":"/v1/uploads/presign","statusCode":200,"requestId":"3cf96b25-efbb-434c-8f67-328d263a1902"}

stdout | src/knowledge.integration.test.ts > knowledge source upload lifecycle > uploads a real text file, tracks status, and denies cross-tenant access
{"level":"info","time":"2026-07-27T15:55:56.455Z","service":"api","msg":"request.completed","method":"POST","url":"/v1/uploads/complete","statusCode":200,"requestId":"b1da19c0-3491-4fa0-ac06-846ea6ef002d"}

stdout | src/knowledge.integration.test.ts > knowledge source upload lifecycle > uploads a real text file, tracks status, and denies cross-tenant access
{"level":"info","time":"2026-07-27T15:55:56.468Z","service":"api","msg":"request.completed","method":"POST","url":"/v1/properties/3ab87d2a-0c78-4fac-aa15-515a733cc3ae/knowledge-sources","statusCode":200,"requestId":"82d19611-195c-4de1-8120-f4874559bc48"}

stdout | src/knowledge.integration.test.ts > knowledge source upload lifecycle > uploads a real text file, tracks status, and denies cross-tenant access
{"level":"info","time":"2026-07-27T15:55:56.475Z","service":"api","msg":"request.completed","method":"GET","url":"/v1/properties/3ab87d2a-0c78-4fac-aa15-515a733cc3ae/knowledge-sources/c7d02fb4-1f34-49af-a90d-13840ea65f23","statusCode":200,"requestId":"037e6455-bdff-4a89-ab72-d2d36241dd5b"}

stdout | src/knowledge.integration.test.ts > knowledge source upload lifecycle > uploads a real text file, tracks status, and denies cross-tenant access
{"level":"info","time":"2026-07-27T15:55:56.482Z","service":"api","msg":"request.completed","method":"POST","url":"/v1/uploads/presign","statusCode":400,"requestId":"7bae0f80-935f-4153-b3aa-fd6c13f415ae"}

stdout | src/knowledge.integration.test.ts > knowledge source upload lifecycle > uploads a real text file, tracks status, and denies cross-tenant access
{"level":"info","time":"2026-07-27T15:55:56.719Z","service":"api","msg":"request.completed","method":"POST","url":"/v1/auth/login","statusCode":200,"requestId":"56e3c822-04d3-44b8-90df-e1554a82357c"}

stdout | src/knowledge.integration.test.ts > knowledge source upload lifecycle > uploads a real text file, tracks status, and denies cross-tenant access
{"level":"info","time":"2026-07-27T15:55:56.722Z","service":"api","msg":"request.completed","method":"POST","url":"/v1/properties/3ab87d2a-0c78-4fac-aa15-515a733cc3ae/knowledge-sources","statusCode":403,"requestId":"6a2fff4e-eaca-4e7c-98df-54d1c99a17b9"}

stdout | src/knowledge.integration.test.ts > knowledge source upload lifecycle > uploads a real text file, tracks status, and denies cross-tenant access
{"level":"info","time":"2026-07-27T15:55:56.958Z","service":"api","msg":"request.completed","method":"POST","url":"/v1/auth/login","statusCode":200,"requestId":"d9701bb1-6a4e-4c0b-8a21-d9b03d05d8e3"}

stdout | src/knowledge.integration.test.ts > knowledge source upload lifecycle > uploads a real text file, tracks status, and denies cross-tenant access
{"level":"info","time":"2026-07-27T15:55:56.961Z","service":"api","msg":"request.completed","method":"GET","url":"/v1/properties/3ab87d2a-0c78-4fac-aa15-515a733cc3ae/knowledge-sources","statusCode":403,"requestId":"18f63a0f-a561-454e-bd42-495a4aa46db9"}

 ✓ src/knowledge.integration.test.ts (1 test) 1945ms
   ✓ knowledge source upload lifecycle > uploads a real text file, tracks status, and denies cross-tenant access  1428ms
stdout | src/tenant.integration.test.ts > tenant isolation integration > prevents aurora owner from listing nomad properties
{"level":"info","time":"2026-07-27T15:55:58.379Z","service":"api","msg":"request.completed","method":"POST","url":"/v1/auth/login","statusCode":200,"requestId":"9170a575-7bbc-440b-be71-e1d5e38eed31"}

stdout | src/tenant.integration.test.ts > tenant isolation integration > prevents aurora owner from listing nomad properties
{"level":"info","time":"2026-07-27T15:55:58.679Z","service":"api","msg":"request.completed","method":"POST","url":"/v1/auth/login","statusCode":200,"requestId":"1368903f-247d-4417-a085-63d2c3c33ca5"}

stdout | src/tenant.integration.test.ts > tenant isolation integration > prevents aurora owner from listing nomad properties
{"level":"info","time":"2026-07-27T15:55:58.685Z","service":"api","msg":"request.completed","method":"GET","url":"/v1/properties?organizationId=67e4e9e6-f0b4-4e7f-a247-674a503d4ba6","statusCode":403,"requestId":"84e70982-7590-415f-9a50-9ab2a6f5bb34"}

stdout | src/tenant.integration.test.ts > tenant isolation integration > scopes property manager to assigned properties only
{"level":"info","time":"2026-07-27T15:55:58.940Z","service":"api","msg":"request.completed","method":"POST","url":"/v1/auth/login","statusCode":200,"requestId":"b6f29512-d45c-4d7f-9eaa-fc3bc716d7a2"}

stdout | src/tenant.integration.test.ts > tenant isolation integration > scopes property manager to assigned properties only
{"level":"info","time":"2026-07-27T15:55:58.945Z","service":"api","msg":"request.completed","method":"GET","url":"/v1/properties?organizationId=d215a186-f84d-4c7c-b75a-3189969999c2","statusCode":200,"requestId":"fc681895-2290-4835-aa1b-8bfb90f3e76b"}

stdout | src/tenant.integration.test.ts > tenant isolation integration > supports logout and session revocation
{"level":"info","time":"2026-07-27T15:55:59.185Z","service":"api","msg":"request.completed","method":"POST","url":"/v1/auth/login","statusCode":200,"requestId":"a07e277f-2fcd-4dae-9d09-7ed486cb5e1f"}

stdout | src/tenant.integration.test.ts > tenant isolation integration > supports logout and session revocation
{"level":"info","time":"2026-07-27T15:55:59.187Z","service":"api","msg":"request.completed","method":"GET","url":"/v1/me","statusCode":200,"requestId":"bd0dd7fa-cb03-4b08-a79e-2104526aab62"}

stdout | src/tenant.integration.test.ts > tenant isolation integration > supports logout and session revocation
{"level":"info","time":"2026-07-27T15:55:59.191Z","service":"api","msg":"request.completed","method":"POST","url":"/v1/auth/logout","statusCode":200,"requestId":"afe320ba-bfe2-47aa-a051-4dcf0e35cd3a"}

stdout | src/tenant.integration.test.ts > tenant isolation integration > supports logout and session revocation
{"level":"info","time":"2026-07-27T15:55:59.191Z","service":"api","msg":"request.completed","method":"GET","url":"/v1/me","statusCode":401,"requestId":"9f95b0e5-4321-426d-af7f-bb3d9a15d89c"}

stdout | src/tenant.integration.test.ts > tenant isolation integration > blocks IDOR property fetch across tenants
{"level":"info","time":"2026-07-27T15:55:59.419Z","service":"api","msg":"request.completed","method":"POST","url":"/v1/auth/login","statusCode":200,"requestId":"2b9efdb8-3074-4530-b205-f31e9f899588"}

stdout | src/tenant.integration.test.ts > tenant isolation integration > blocks IDOR property fetch across tenants
{"level":"info","time":"2026-07-27T15:55:59.652Z","service":"api","msg":"request.completed","method":"POST","url":"/v1/auth/login","statusCode":200,"requestId":"81a9b08b-9038-4c22-a867-9a41890b9f54"}

stdout | src/tenant.integration.test.ts > tenant isolation integration > blocks IDOR property fetch across tenants
{"level":"info","time":"2026-07-27T15:55:59.654Z","service":"api","msg":"request.completed","method":"GET","url":"/v1/properties?organizationId=67e4e9e6-f0b4-4e7f-a247-674a503d4ba6","statusCode":200,"requestId":"fb10c807-1e8d-4b6a-88ee-3483b9a52bea"}

stdout | src/tenant.integration.test.ts > tenant isolation integration > blocks IDOR property fetch across tenants
{"level":"info","time":"2026-07-27T15:55:59.657Z","service":"api","msg":"request.completed","method":"GET","url":"/v1/properties/8efde0b2-790a-49cd-8a14-20be5b6b29b1","statusCode":403,"requestId":"cb618729-82c4-4de9-8a8c-eda6253c09dd"}

 ✓ src/tenant.integration.test.ts (5 tests) 1570ms
   ✓ tenant isolation integration > prevents aurora owner from listing nomad properties  564ms
   ✓ tenant isolation integration > blocks IDOR property fetch across tenants  464ms
stdout | src/branding.integration.test.ts > property settings and branding > allows owner to update property settings and branding
{"level":"info","time":"2026-07-27T15:56:00.534Z","service":"api","msg":"request.completed","method":"POST","url":"/v1/auth/login","statusCode":200,"requestId":"071422f4-6a51-4d92-88e7-cb0b9f9d043a"}

stdout | src/branding.integration.test.ts > property settings and branding > allows owner to update property settings and branding
{"level":"info","time":"2026-07-27T15:56:00.540Z","service":"api","msg":"request.completed","method":"GET","url":"/v1/properties?organizationId=d215a186-f84d-4c7c-b75a-3189969999c2","statusCode":200,"requestId":"4386d362-1a6b-40e2-a2ca-47445a55d8be"}

stdout | src/branding.integration.test.ts > property settings and branding > allows owner to update property settings and branding
{"level":"info","time":"2026-07-27T15:56:00.544Z","service":"api","msg":"request.completed","method":"PATCH","url":"/v1/properties/3ab87d2a-0c78-4fac-aa15-515a733cc3ae","statusCode":200,"requestId":"3a5680a1-e977-406c-b763-4a26c097bd90"}

stdout | src/branding.integration.test.ts > property settings and branding > allows owner to update property settings and branding
{"level":"info","time":"2026-07-27T15:56:00.549Z","service":"api","msg":"request.completed","method":"PUT","url":"/v1/properties/3ab87d2a-0c78-4fac-aa15-515a733cc3ae/branding","statusCode":200,"requestId":"38066c72-d639-4882-9d9b-cd20abfc5a98"}

stdout | src/branding.integration.test.ts > property settings and branding > allows owner to update property settings and branding
{"level":"info","time":"2026-07-27T15:56:00.552Z","service":"api","msg":"request.completed","method":"GET","url":"/v1/properties/3ab87d2a-0c78-4fac-aa15-515a733cc3ae/branding","statusCode":200,"requestId":"7ad0deb2-0533-44d9-a8b1-8ef4902ec5a0"}

stdout | src/branding.integration.test.ts > property settings and branding > rejects invalid branding and unauthorized content manager mutation
{"level":"info","time":"2026-07-27T15:56:00.780Z","service":"api","msg":"request.completed","method":"POST","url":"/v1/auth/login","statusCode":200,"requestId":"dc940513-2609-4b72-9f10-e273b583323a"}

stdout | src/branding.integration.test.ts > property settings and branding > rejects invalid branding and unauthorized content manager mutation
{"level":"info","time":"2026-07-27T15:56:00.783Z","service":"api","msg":"request.completed","method":"GET","url":"/v1/properties?organizationId=d215a186-f84d-4c7c-b75a-3189969999c2","statusCode":200,"requestId":"221e05c1-7e30-4bca-801e-cb97ada06ad9"}

stdout | src/branding.integration.test.ts > property settings and branding > rejects invalid branding and unauthorized content manager mutation
{"level":"info","time":"2026-07-27T15:56:00.786Z","service":"api","msg":"request.completed","method":"PUT","url":"/v1/properties/df1e1282-981b-4f9f-a5ee-34dad323efb5/branding","statusCode":400,"requestId":"54f61c17-7dc9-48bb-97f5-f928365b8cb7"}

stdout | src/branding.integration.test.ts > property settings and branding > rejects invalid branding and unauthorized content manager mutation
{"level":"info","time":"2026-07-27T15:56:01.022Z","service":"api","msg":"request.completed","method":"POST","url":"/v1/auth/login","statusCode":200,"requestId":"b6588ef2-7bb4-406e-a230-bdc631f705e0"}

stdout | src/branding.integration.test.ts > property settings and branding > rejects invalid branding and unauthorized content manager mutation
{"level":"info","time":"2026-07-27T15:56:01.025Z","service":"api","msg":"request.completed","method":"PATCH","url":"/v1/properties/3ab87d2a-0c78-4fac-aa15-515a733cc3ae","statusCode":403,"requestId":"5e915a8d-018b-478c-8adc-2986e1a04bbb"}

stdout | src/branding.integration.test.ts > property settings and branding > isolates branding reads across organizations
{"level":"info","time":"2026-07-27T15:56:01.262Z","service":"api","msg":"request.completed","method":"POST","url":"/v1/auth/login","statusCode":200,"requestId":"9cdbedd3-bbb7-47dc-a1a3-1da93a8c56db"}

stdout | src/branding.integration.test.ts > property settings and branding > isolates branding reads across organizations
{"level":"info","time":"2026-07-27T15:56:01.497Z","service":"api","msg":"request.completed","method":"POST","url":"/v1/auth/login","statusCode":200,"requestId":"c5e11f3e-b78b-423c-b159-9d0f5061fc90"}

stdout | src/branding.integration.test.ts > property settings and branding > isolates branding reads across organizations
{"level":"info","time":"2026-07-27T15:56:01.499Z","service":"api","msg":"request.completed","method":"GET","url":"/v1/properties?organizationId=d215a186-f84d-4c7c-b75a-3189969999c2","statusCode":200,"requestId":"e1ec52e5-65ce-48a2-8994-1491bf36aff6"}

stdout | src/branding.integration.test.ts > property settings and branding > isolates branding reads across organizations
{"level":"info","time":"2026-07-27T15:56:01.501Z","service":"api","msg":"request.completed","method":"GET","url":"/v1/properties/df1e1282-981b-4f9f-a5ee-34dad323efb5/branding","statusCode":403,"requestId":"d3dbb243-d184-437d-8a6c-8460a95edfd5"}

 ✓ src/branding.integration.test.ts (3 tests) 1270ms
   ✓ property settings and branding > rejects invalid branding and unauthorized content manager mutation  472ms
   ✓ property settings and branding > isolates branding reads across organizations  476ms
stdout | src/portal.integration.test.ts > portal draft and templates > creates draft from template and autosaves with optimistic versioning
{"level":"info","time":"2026-07-27T15:56:02.297Z","service":"api","msg":"request.completed","method":"POST","url":"/v1/auth/login","statusCode":200,"requestId":"f2bbf3bd-a8a0-4007-91c0-d1bd84e7c9bd"}

stdout | src/portal.integration.test.ts > portal draft and templates > creates draft from template and autosaves with optimistic versioning
{"level":"info","time":"2026-07-27T15:56:02.302Z","service":"api","msg":"request.completed","method":"GET","url":"/v1/properties?organizationId=d215a186-f84d-4c7c-b75a-3189969999c2","statusCode":200,"requestId":"fbb25939-c178-44b8-8d49-80282a4d1a92"}

stdout | src/portal.integration.test.ts > portal draft and templates > creates draft from template and autosaves with optimistic versioning
{"level":"info","time":"2026-07-27T15:56:02.307Z","service":"api","msg":"request.completed","method":"GET","url":"/v1/properties/df1e1282-981b-4f9f-a5ee-34dad323efb5/portal/draft","statusCode":200,"requestId":"ad3edc88-a6af-4927-8071-494877c878de"}

stdout | src/portal.integration.test.ts > portal draft and templates > creates draft from template and autosaves with optimistic versioning
{"level":"info","time":"2026-07-27T15:56:02.315Z","service":"api","msg":"request.completed","method":"PUT","url":"/v1/properties/df1e1282-981b-4f9f-a5ee-34dad323efb5/portal/draft","statusCode":200,"requestId":"3f359c8c-e11c-4279-b177-4b4e26f8f358"}

stdout | src/portal.integration.test.ts > portal draft and templates > creates draft from template and autosaves with optimistic versioning
{"level":"info","time":"2026-07-27T15:56:02.318Z","service":"api","msg":"request.completed","method":"PUT","url":"/v1/properties/df1e1282-981b-4f9f-a5ee-34dad323efb5/portal/draft","statusCode":409,"requestId":"9927cc79-4539-475c-9871-9c7ae3c8709f"}

stdout | src/portal.integration.test.ts > portal draft and templates > creates draft from template and autosaves with optimistic versioning
{"level":"info","time":"2026-07-27T15:56:02.321Z","service":"api","msg":"request.completed","method":"PUT","url":"/v1/properties/df1e1282-981b-4f9f-a5ee-34dad323efb5/portal/draft","statusCode":400,"requestId":"052fa35f-2b86-486b-b4c8-0b9ab67a6d1a"}

stdout | src/portal.integration.test.ts > portal draft and templates > creates draft from template and autosaves with optimistic versioning
{"level":"info","time":"2026-07-27T15:56:02.323Z","service":"api","msg":"request.completed","method":"POST","url":"/v1/properties/df1e1282-981b-4f9f-a5ee-34dad323efb5/portal/validate","statusCode":200,"requestId":"ee2f21ba-c142-4362-a60d-4b5f30bcfec0"}

stdout | src/portal.integration.test.ts > portal draft and templates > enforces tenant isolation and portal.update permission
{"level":"info","time":"2026-07-27T15:56:02.534Z","service":"api","msg":"request.completed","method":"POST","url":"/v1/auth/login","statusCode":200,"requestId":"758a96bb-5771-48d0-ac0c-0e8595e06ac3"}

stdout | src/portal.integration.test.ts > portal draft and templates > enforces tenant isolation and portal.update permission
{"level":"info","time":"2026-07-27T15:56:02.536Z","service":"api","msg":"request.completed","method":"GET","url":"/v1/properties?organizationId=d215a186-f84d-4c7c-b75a-3189969999c2","statusCode":200,"requestId":"002ed812-a4c2-4630-974d-e90a116a0c16"}

stdout | src/portal.integration.test.ts > portal draft and templates > enforces tenant isolation and portal.update permission
{"level":"info","time":"2026-07-27T15:56:02.746Z","service":"api","msg":"request.completed","method":"POST","url":"/v1/auth/login","statusCode":200,"requestId":"7fb4aed4-eacc-459f-99d5-4e5dcb96d129"}

stdout | src/portal.integration.test.ts > portal draft and templates > enforces tenant isolation and portal.update permission
{"level":"info","time":"2026-07-27T15:56:02.748Z","service":"api","msg":"request.completed","method":"PUT","url":"/v1/properties/df1e1282-981b-4f9f-a5ee-34dad323efb5/portal/draft","statusCode":403,"requestId":"54e66387-e7b2-477b-b7e5-5922abc5931a"}

stdout | src/portal.integration.test.ts > portal draft and templates > enforces tenant isolation and portal.update permission
{"level":"info","time":"2026-07-27T15:56:02.974Z","service":"api","msg":"request.completed","method":"POST","url":"/v1/auth/login","statusCode":200,"requestId":"3e278e7b-1880-4979-a210-d750b95f8292"}

stdout | src/portal.integration.test.ts > portal draft and templates > enforces tenant isolation and portal.update permission
{"level":"info","time":"2026-07-27T15:56:02.977Z","service":"api","msg":"request.completed","method":"GET","url":"/v1/properties/df1e1282-981b-4f9f-a5ee-34dad323efb5/portal/draft","statusCode":403,"requestId":"3cf4ca21-de24-44c9-b3fc-2f0c12ea9521"}

stdout | src/portal.integration.test.ts > portal draft and templates > enforces tenant isolation and portal.update permission
{"level":"info","time":"2026-07-27T15:56:02.980Z","service":"api","msg":"request.completed","method":"GET","url":"/v1/portal/templates","statusCode":200,"requestId":"28f68558-7fe0-4db6-b30e-b2a9a564935e"}

stdout | src/portal.integration.test.ts > portal draft and templates > previews draft by locale/device and blocks cross-property locations
{"level":"info","time":"2026-07-27T15:56:03.211Z","service":"api","msg":"request.completed","method":"POST","url":"/v1/auth/login","statusCode":200,"requestId":"adf96b53-2158-4e1c-af68-4ffefa141b05"}

stdout | src/portal.integration.test.ts > portal draft and templates > previews draft by locale/device and blocks cross-property locations
{"level":"info","time":"2026-07-27T15:56:03.214Z","service":"api","msg":"request.completed","method":"GET","url":"/v1/properties?organizationId=d215a186-f84d-4c7c-b75a-3189969999c2","statusCode":200,"requestId":"2b9bd083-6874-423b-8bbb-1cbecd091fec"}

stdout | src/portal.integration.test.ts > portal draft and templates > previews draft by locale/device and blocks cross-property locations
{"level":"info","time":"2026-07-27T15:56:03.218Z","service":"api","msg":"request.completed","method":"GET","url":"/v1/properties/df1e1282-981b-4f9f-a5ee-34dad323efb5/locations","statusCode":200,"requestId":"cf39d03b-e691-4f14-aaf3-eeee932b03a1"}

stdout | src/portal.integration.test.ts > portal draft and templates > previews draft by locale/device and blocks cross-property locations
{"level":"info","time":"2026-07-27T15:56:03.221Z","service":"api","msg":"request.completed","method":"GET","url":"/v1/properties/df1e1282-981b-4f9f-a5ee-34dad323efb5/portal/preview?locale=vi&device=phone&locationId=020d5019-eaa3-49ce-8bd1-b13e423e3af8","statusCode":200,"requestId":"69539f99-ebc7-4f81-a609-aa315df02c10"}

stdout | src/portal.integration.test.ts > portal draft and templates > previews draft by locale/device and blocks cross-property locations
{"level":"info","time":"2026-07-27T15:56:03.224Z","service":"api","msg":"request.completed","method":"GET","url":"/v1/properties/df1e1282-981b-4f9f-a5ee-34dad323efb5/portal/preview?locationId=2d0f991e-37e8-4ffa-a54e-2228be83d415","statusCode":403,"requestId":"881a1250-ee69-4fb2-8fa0-9d93a99273eb"}

stdout | src/portal.integration.test.ts > portal draft and templates > previews draft by locale/device and blocks cross-property locations
{"level":"info","time":"2026-07-27T15:56:03.228Z","service":"api","msg":"request.completed","method":"PUT","url":"/v1/properties/df1e1282-981b-4f9f-a5ee-34dad323efb5/portal/navigation","statusCode":200,"requestId":"b9d386f4-954a-40ca-a60c-278afb6320b2"}

 ✓ src/portal.integration.test.ts (3 tests) 1213ms
   ✓ portal draft and templates > enforces tenant isolation and portal.update permission  656ms
stdout | src/voice-live.integration.test.ts > Gemini Live token endpoint > requires guest authorization and a configured provider credential
{"level":"info","time":"2026-07-27T15:56:03.764Z","service":"api","msg":"request.completed","method":"POST","url":"/v1/guest/live-sessions","statusCode":401,"requestId":"42a37c08-ab69-4cfb-a866-91d02f9ca551"}

stdout | src/voice-live.integration.test.ts > Gemini Live token endpoint > requires guest authorization and a configured provider credential
{"level":"info","time":"2026-07-27T15:56:04.020Z","service":"api","msg":"request.completed","method":"POST","url":"/v1/auth/login","statusCode":200,"requestId":"0a55f942-e609-4495-bfec-ac6999406a21"}

stdout | src/voice-live.integration.test.ts > Gemini Live token endpoint > requires guest authorization and a configured provider credential
{"level":"info","time":"2026-07-27T15:56:04.026Z","service":"api","msg":"request.completed","method":"GET","url":"/v1/properties?organizationId=d215a186-f84d-4c7c-b75a-3189969999c2","statusCode":200,"requestId":"b5fe02cf-befe-4418-948c-99a9d9393d57"}

stdout | src/voice-live.integration.test.ts > Gemini Live token endpoint > requires guest authorization and a configured provider credential
{"level":"info","time":"2026-07-27T15:56:04.029Z","service":"api","msg":"request.completed","method":"GET","url":"/v1/properties/df1e1282-981b-4f9f-a5ee-34dad323efb5/locations","statusCode":200,"requestId":"64aa63e4-1cb8-45b9-be30-532fd12b1c2c"}

stdout | src/voice-live.integration.test.ts > Gemini Live token endpoint > requires guest authorization and a configured provider credential
{"level":"info","time":"2026-07-27T15:56:04.035Z","service":"api","msg":"request.completed","method":"POST","url":"/v1/properties/df1e1282-981b-4f9f-a5ee-34dad323efb5/qr-codes","statusCode":200,"requestId":"3c154c8d-24bb-4639-9ac1-5466930b63a8"}

stdout | src/voice-live.integration.test.ts > Gemini Live token endpoint > requires guest authorization and a configured provider credential
{"level":"info","time":"2026-07-27T15:56:04.041Z","service":"api","msg":"request.completed","method":"POST","url":"/v1/guest/sessions","statusCode":200,"requestId":"c4c3fb2f-14e4-44fd-a257-1002e8c76cb4"}

stdout | src/voice-live.integration.test.ts > Gemini Live token endpoint > requires guest authorization and a configured provider credential
{"level":"info","time":"2026-07-27T15:56:04.045Z","service":"api","msg":"request.completed","method":"POST","url":"/v1/guest/conversations","statusCode":200,"requestId":"a54984db-60df-4450-9878-bcee917d165c"}

stdout | src/voice-live.integration.test.ts > Gemini Live token endpoint > requires guest authorization and a configured provider credential
{"level":"info","time":"2026-07-27T15:56:04.048Z","service":"api","msg":"request.completed","method":"POST","url":"/v1/guest/live-sessions","statusCode":503,"requestId":"6aec31ab-13a2-4a49-a338-dc7170849994"}

stdout | src/voice-live.integration.test.ts > Gemini Live token endpoint > issues scoped ephemeral tokens without leaking the provider key
{"level":"info","time":"2026-07-27T15:56:04.282Z","service":"api","msg":"request.completed","method":"POST","url":"/v1/auth/login","statusCode":200,"requestId":"43847c7e-d313-4767-948a-709ff8212cf2"}

stdout | src/voice-live.integration.test.ts > Gemini Live token endpoint > issues scoped ephemeral tokens without leaking the provider key
{"level":"info","time":"2026-07-27T15:56:04.285Z","service":"api","msg":"request.completed","method":"GET","url":"/v1/properties?organizationId=d215a186-f84d-4c7c-b75a-3189969999c2","statusCode":200,"requestId":"e30b5d5a-f176-4a9e-8267-584b5052e981"}

stdout | src/voice-live.integration.test.ts > Gemini Live token endpoint > issues scoped ephemeral tokens without leaking the provider key
{"level":"info","time":"2026-07-27T15:56:04.287Z","service":"api","msg":"request.completed","method":"GET","url":"/v1/properties/df1e1282-981b-4f9f-a5ee-34dad323efb5/locations","statusCode":200,"requestId":"b1ffae84-9be3-4075-861f-cee94db83f49"}

stdout | src/voice-live.integration.test.ts > Gemini Live token endpoint > issues scoped ephemeral tokens without leaking the provider key
{"level":"info","time":"2026-07-27T15:56:04.292Z","service":"api","msg":"request.completed","method":"POST","url":"/v1/properties/df1e1282-981b-4f9f-a5ee-34dad323efb5/qr-codes","statusCode":200,"requestId":"297fb72a-2b2e-4807-b9c1-7ddd370c7d37"}

stdout | src/voice-live.integration.test.ts > Gemini Live token endpoint > issues scoped ephemeral tokens without leaking the provider key
{"level":"info","time":"2026-07-27T15:56:04.295Z","service":"api","msg":"request.completed","method":"POST","url":"/v1/guest/sessions","statusCode":200,"requestId":"60c308aa-fe67-4870-b79c-40459e5516d6"}

stdout | src/voice-live.integration.test.ts > Gemini Live token endpoint > issues scoped ephemeral tokens without leaking the provider key
{"level":"info","time":"2026-07-27T15:56:04.298Z","service":"api","msg":"request.completed","method":"POST","url":"/v1/guest/conversations","statusCode":200,"requestId":"3889ed67-cc37-4dd9-a098-423cda81e26d"}

stdout | src/voice-live.integration.test.ts > Gemini Live token endpoint > issues scoped ephemeral tokens without leaking the provider key
{"level":"info","time":"2026-07-27T15:56:04.301Z","service":"api","msg":"request.completed","method":"POST","url":"/v1/guest/live-sessions","statusCode":200,"requestId":"abdd1ab1-4c15-48db-a536-e95fa34fd6c9"}

stdout | src/voice-live.integration.test.ts > Gemini Live token endpoint > denies cross-session conversation scope and rate limits token creation
{"level":"info","time":"2026-07-27T15:56:04.531Z","service":"api","msg":"request.completed","method":"POST","url":"/v1/auth/login","statusCode":200,"requestId":"6319d602-0510-4aec-b67a-bc995a822efc"}

stdout | src/voice-live.integration.test.ts > Gemini Live token endpoint > denies cross-session conversation scope and rate limits token creation
{"level":"info","time":"2026-07-27T15:56:04.534Z","service":"api","msg":"request.completed","method":"GET","url":"/v1/properties?organizationId=d215a186-f84d-4c7c-b75a-3189969999c2","statusCode":200,"requestId":"54faf064-f91d-4e98-9d74-0b49d7d70c6a"}

stdout | src/voice-live.integration.test.ts > Gemini Live token endpoint > denies cross-session conversation scope and rate limits token creation
{"level":"info","time":"2026-07-27T15:56:04.537Z","service":"api","msg":"request.completed","method":"GET","url":"/v1/properties/df1e1282-981b-4f9f-a5ee-34dad323efb5/locations","statusCode":200,"requestId":"d9a06016-c696-4a78-bd6f-66f5454a960b"}

stdout | src/voice-live.integration.test.ts > Gemini Live token endpoint > denies cross-session conversation scope and rate limits token creation
{"level":"info","time":"2026-07-27T15:56:04.542Z","service":"api","msg":"request.completed","method":"POST","url":"/v1/properties/df1e1282-981b-4f9f-a5ee-34dad323efb5/qr-codes","statusCode":200,"requestId":"2fdb9c33-c132-4d8e-9179-277c73597bf9"}

stdout | src/voice-live.integration.test.ts > Gemini Live token endpoint > denies cross-session conversation scope and rate limits token creation
{"level":"info","time":"2026-07-27T15:56:04.545Z","service":"api","msg":"request.completed","method":"POST","url":"/v1/guest/sessions","statusCode":200,"requestId":"be1694ad-a77b-437d-a84a-9ed0c941df1c"}

stdout | src/voice-live.integration.test.ts > Gemini Live token endpoint > denies cross-session conversation scope and rate limits token creation
{"level":"info","time":"2026-07-27T15:56:04.763Z","service":"api","msg":"request.completed","method":"POST","url":"/v1/auth/login","statusCode":200,"requestId":"0abb805a-2f26-4213-be7c-352bb163a99e"}

stdout | src/voice-live.integration.test.ts > Gemini Live token endpoint > denies cross-session conversation scope and rate limits token creation
{"level":"info","time":"2026-07-27T15:56:04.766Z","service":"api","msg":"request.completed","method":"GET","url":"/v1/properties?organizationId=d215a186-f84d-4c7c-b75a-3189969999c2","statusCode":200,"requestId":"150b00aa-2219-464d-882a-c564261915fa"}

stdout | src/voice-live.integration.test.ts > Gemini Live token endpoint > denies cross-session conversation scope and rate limits token creation
{"level":"info","time":"2026-07-27T15:56:04.772Z","service":"api","msg":"request.completed","method":"GET","url":"/v1/properties/df1e1282-981b-4f9f-a5ee-34dad323efb5/locations","statusCode":200,"requestId":"fb2ca0ae-f4d8-40b3-93f2-e562066dde65"}

stdout | src/voice-live.integration.test.ts > Gemini Live token endpoint > denies cross-session conversation scope and rate limits token creation
{"level":"info","time":"2026-07-27T15:56:04.781Z","service":"api","msg":"request.completed","method":"POST","url":"/v1/properties/df1e1282-981b-4f9f-a5ee-34dad323efb5/qr-codes","statusCode":200,"requestId":"bc0e3430-732d-487d-b1b4-54ade084f3b7"}

stdout | src/voice-live.integration.test.ts > Gemini Live token endpoint > denies cross-session conversation scope and rate limits token creation
{"level":"info","time":"2026-07-27T15:56:04.784Z","service":"api","msg":"request.completed","method":"POST","url":"/v1/guest/sessions","statusCode":200,"requestId":"7dbefccd-0761-46a4-b2df-5074c3ff881d"}

stdout | src/voice-live.integration.test.ts > Gemini Live token endpoint > denies cross-session conversation scope and rate limits token creation
{"level":"info","time":"2026-07-27T15:56:04.787Z","service":"api","msg":"request.completed","method":"POST","url":"/v1/guest/conversations","statusCode":200,"requestId":"f405218a-4b60-4510-8179-81339d7944ca"}

stdout | src/voice-live.integration.test.ts > Gemini Live token endpoint > denies cross-session conversation scope and rate limits token creation
{"level":"info","time":"2026-07-27T15:56:04.789Z","service":"api","msg":"request.completed","method":"POST","url":"/v1/guest/live-sessions","statusCode":404,"requestId":"7fc31a33-fa4b-4d85-b422-19a8b504a771"}

stdout | src/voice-live.integration.test.ts > Gemini Live token endpoint > denies cross-session conversation scope and rate limits token creation
{"level":"info","time":"2026-07-27T15:56:04.791Z","service":"api","msg":"request.completed","method":"POST","url":"/v1/guest/live-sessions","statusCode":200,"requestId":"b1155a3b-4e32-408b-baf4-b3d07eca37b6"}

stdout | src/voice-live.integration.test.ts > Gemini Live token endpoint > denies cross-session conversation scope and rate limits token creation
{"level":"info","time":"2026-07-27T15:56:04.793Z","service":"api","msg":"request.completed","method":"POST","url":"/v1/guest/live-sessions","statusCode":200,"requestId":"50908706-4f27-4f26-a77f-7952b4714675"}

stdout | src/voice-live.integration.test.ts > Gemini Live token endpoint > denies cross-session conversation scope and rate limits token creation
{"level":"info","time":"2026-07-27T15:56:04.795Z","service":"api","msg":"request.completed","method":"POST","url":"/v1/guest/live-sessions","statusCode":200,"requestId":"f9348e97-7724-43d9-8947-941fcee7ad54"}

stdout | src/voice-live.integration.test.ts > Gemini Live token endpoint > denies cross-session conversation scope and rate limits token creation
{"level":"info","time":"2026-07-27T15:56:04.798Z","service":"api","msg":"request.completed","method":"POST","url":"/v1/guest/live-sessions","statusCode":200,"requestId":"87f8c61d-0134-4c18-8d7a-a87bcafa0c1a"}

stdout | src/voice-live.integration.test.ts > Gemini Live token endpoint > denies cross-session conversation scope and rate limits token creation
{"level":"info","time":"2026-07-27T15:56:04.800Z","service":"api","msg":"request.completed","method":"POST","url":"/v1/guest/live-sessions","statusCode":200,"requestId":"e88bd19f-827a-4632-8763-bb881640b330"}

stdout | src/voice-live.integration.test.ts > Gemini Live token endpoint > denies cross-session conversation scope and rate limits token creation
{"level":"info","time":"2026-07-27T15:56:04.802Z","service":"api","msg":"request.completed","method":"POST","url":"/v1/guest/live-sessions","statusCode":200,"requestId":"c5dafa50-dd47-4701-8a11-f602a2a829aa"}

stdout | src/voice-live.integration.test.ts > Gemini Live token endpoint > denies cross-session conversation scope and rate limits token creation
{"level":"info","time":"2026-07-27T15:56:04.803Z","service":"api","msg":"request.completed","method":"POST","url":"/v1/guest/live-sessions","statusCode":429,"requestId":"2ad2fe6b-cfcd-49cf-99c7-7878f374a2e7"}

 ✓ src/voice-live.integration.test.ts (3 tests) 1083ms
   ✓ Gemini Live token endpoint > denies cross-session conversation scope and rate limits token creation  501ms
stdout | src/qr.integration.test.ts > qr token lifecycle > creates opaque tokens, resolves, disables, downloads, and enforces permissions
{"level":"info","time":"2026-07-27T15:56:05.658Z","service":"api","msg":"request.completed","method":"POST","url":"/v1/auth/login","statusCode":200,"requestId":"64ffa014-0f02-4b9c-9adb-38113f4d25fc"}

stdout | src/qr.integration.test.ts > qr token lifecycle > creates opaque tokens, resolves, disables, downloads, and enforces permissions
{"level":"info","time":"2026-07-27T15:56:05.664Z","service":"api","msg":"request.completed","method":"GET","url":"/v1/properties?organizationId=d215a186-f84d-4c7c-b75a-3189969999c2","statusCode":200,"requestId":"0d20e732-57ba-40b7-8a94-0d3610ea56e7"}

stdout | src/qr.integration.test.ts > qr token lifecycle > creates opaque tokens, resolves, disables, downloads, and enforces permissions
{"level":"info","time":"2026-07-27T15:56:05.668Z","service":"api","msg":"request.completed","method":"GET","url":"/v1/properties/df1e1282-981b-4f9f-a5ee-34dad323efb5/locations","statusCode":200,"requestId":"633d13f0-c9ef-4790-95ff-d56bac905541"}

stdout | src/qr.integration.test.ts > qr token lifecycle > creates opaque tokens, resolves, disables, downloads, and enforces permissions
{"level":"info","time":"2026-07-27T15:56:05.674Z","service":"api","msg":"request.completed","method":"POST","url":"/v1/properties/df1e1282-981b-4f9f-a5ee-34dad323efb5/qr-codes","statusCode":200,"requestId":"db983dc2-cd70-4d03-b1b3-6bdbd99572fe"}

stdout | src/qr.integration.test.ts > qr token lifecycle > creates opaque tokens, resolves, disables, downloads, and enforces permissions
{"level":"info","time":"2026-07-27T15:56:05.681Z","service":"api","msg":"request.completed","method":"POST","url":"/v1/guest/resolve-qr","statusCode":200,"requestId":"6513a22c-9425-48c4-bf40-1136c4cc38cf"}

stdout | src/qr.integration.test.ts > qr token lifecycle > creates opaque tokens, resolves, disables, downloads, and enforces permissions
{"level":"info","time":"2026-07-27T15:56:05.685Z","service":"api","msg":"request.completed","method":"PATCH","url":"/v1/properties/df1e1282-981b-4f9f-a5ee-34dad323efb5/qr-codes/65e5c914-5e83-43c8-a3b1-9d2af7ea1cfd","statusCode":200,"requestId":"39154ccb-b5b0-44cd-b9de-616e52a07c4f"}

stdout | src/qr.integration.test.ts > qr token lifecycle > creates opaque tokens, resolves, disables, downloads, and enforces permissions
{"level":"info","time":"2026-07-27T15:56:05.687Z","service":"api","msg":"request.completed","method":"POST","url":"/v1/guest/resolve-qr","statusCode":200,"requestId":"1a8264e3-e686-44c5-ae38-8017f23a12e5"}

stdout | src/qr.integration.test.ts > qr token lifecycle > creates opaque tokens, resolves, disables, downloads, and enforces permissions
{"level":"info","time":"2026-07-27T15:56:05.695Z","service":"api","msg":"request.completed","method":"GET","url":"/v1/properties/df1e1282-981b-4f9f-a5ee-34dad323efb5/qr-codes/65e5c914-5e83-43c8-a3b1-9d2af7ea1cfd/download?format=svg","statusCode":200,"requestId":"0f9b18a3-6ede-4f63-934a-81bee13cc785"}

stdout | src/qr.integration.test.ts > qr token lifecycle > creates opaque tokens, resolves, disables, downloads, and enforces permissions
{"level":"info","time":"2026-07-27T15:56:05.699Z","service":"api","msg":"request.completed","method":"PATCH","url":"/v1/properties/df1e1282-981b-4f9f-a5ee-34dad323efb5/qr-codes/65e5c914-5e83-43c8-a3b1-9d2af7ea1cfd","statusCode":200,"requestId":"f4a98d82-159d-4f62-9f88-728b33415ab5"}

stdout | src/qr.integration.test.ts > qr token lifecycle > creates opaque tokens, resolves, disables, downloads, and enforces permissions
{"level":"info","time":"2026-07-27T15:56:05.700Z","service":"api","msg":"request.completed","method":"POST","url":"/v1/guest/resolve-qr","statusCode":404,"requestId":"b214016c-aaa3-485f-bf3f-0d13c0eedfd5"}

stdout | src/qr.integration.test.ts > qr token lifecycle > creates opaque tokens, resolves, disables, downloads, and enforces permissions
{"level":"info","time":"2026-07-27T15:56:05.701Z","service":"api","msg":"request.completed","method":"POST","url":"/v1/guest/resolve-qr","statusCode":404,"requestId":"063136e3-f654-4244-8d22-fc42889f220b"}

stdout | src/qr.integration.test.ts > qr token lifecycle > creates opaque tokens, resolves, disables, downloads, and enforces permissions
{"level":"info","time":"2026-07-27T15:56:05.932Z","service":"api","msg":"request.completed","method":"POST","url":"/v1/auth/login","statusCode":200,"requestId":"6867a306-d7a4-49d0-93f0-75f48ccefb66"}

stdout | src/qr.integration.test.ts > qr token lifecycle > creates opaque tokens, resolves, disables, downloads, and enforces permissions
{"level":"info","time":"2026-07-27T15:56:05.934Z","service":"api","msg":"request.completed","method":"POST","url":"/v1/properties/df1e1282-981b-4f9f-a5ee-34dad323efb5/qr-codes","statusCode":403,"requestId":"379f00a3-9500-451b-8a17-5f61ce4e26de"}

stdout | src/qr.integration.test.ts > qr token lifecycle > creates opaque tokens, resolves, disables, downloads, and enforces permissions
{"level":"info","time":"2026-07-27T15:56:06.161Z","service":"api","msg":"request.completed","method":"POST","url":"/v1/auth/login","statusCode":200,"requestId":"fa2db337-166c-4097-8de5-ba0e940b9a60"}

stdout | src/qr.integration.test.ts > qr token lifecycle > creates opaque tokens, resolves, disables, downloads, and enforces permissions
{"level":"info","time":"2026-07-27T15:56:06.164Z","service":"api","msg":"request.completed","method":"GET","url":"/v1/properties/df1e1282-981b-4f9f-a5ee-34dad323efb5/qr-codes","statusCode":403,"requestId":"bb6cfe9a-deb2-46ad-aa7e-fa941fac959c"}

stdout | src/qr.integration.test.ts > qr token lifecycle > rate limits QR resolution
{"level":"info","time":"2026-07-27T15:56:06.165Z","service":"api","msg":"request.completed","method":"POST","url":"/v1/guest/resolve-qr","statusCode":404,"requestId":"80838110-8680-4b6d-8f98-2531285b3893"}

stdout | src/qr.integration.test.ts > qr token lifecycle > rate limits QR resolution
{"level":"info","time":"2026-07-27T15:56:06.166Z","service":"api","msg":"request.completed","method":"POST","url":"/v1/guest/resolve-qr","statusCode":404,"requestId":"0da3cbaa-5ce6-4a37-adc1-3dda2f02033c"}

stdout | src/qr.integration.test.ts > qr token lifecycle > rate limits QR resolution
{"level":"info","time":"2026-07-27T15:56:06.167Z","service":"api","msg":"request.completed","method":"POST","url":"/v1/guest/resolve-qr","statusCode":404,"requestId":"a33b17bf-46fe-4987-9d8c-26a0b4e0dff9"}

stdout | src/qr.integration.test.ts > qr token lifecycle > rate limits QR resolution
{"level":"info","time":"2026-07-27T15:56:06.168Z","service":"api","msg":"request.completed","method":"POST","url":"/v1/guest/resolve-qr","statusCode":404,"requestId":"8ef4ee0f-8792-4229-80b7-0df2eb1915e0"}

stdout | src/qr.integration.test.ts > qr token lifecycle > rate limits QR resolution
{"level":"info","time":"2026-07-27T15:56:06.168Z","service":"api","msg":"request.completed","method":"POST","url":"/v1/guest/resolve-qr","statusCode":404,"requestId":"5c6a3b20-a540-458a-91f3-6e611d976bc0"}

stdout | src/qr.integration.test.ts > qr token lifecycle > rate limits QR resolution
{"level":"info","time":"2026-07-27T15:56:06.169Z","service":"api","msg":"request.completed","method":"POST","url":"/v1/guest/resolve-qr","statusCode":404,"requestId":"6b30f9fe-a671-479d-b6e5-215c27e26625"}

stdout | src/qr.integration.test.ts > qr token lifecycle > rate limits QR resolution
{"level":"info","time":"2026-07-27T15:56:06.170Z","service":"api","msg":"request.completed","method":"POST","url":"/v1/guest/resolve-qr","statusCode":404,"requestId":"93bc6884-b1ff-4c85-bebb-ca983ec8f60f"}

stdout | src/qr.integration.test.ts > qr token lifecycle > rate limits QR resolution
{"level":"info","time":"2026-07-27T15:56:06.171Z","service":"api","msg":"request.completed","method":"POST","url":"/v1/guest/resolve-qr","statusCode":404,"requestId":"6a1cb6ca-93f0-44e1-967b-3b925a726ef4"}

stdout | src/qr.integration.test.ts > qr token lifecycle > rate limits QR resolution
{"level":"info","time":"2026-07-27T15:56:06.172Z","service":"api","msg":"request.completed","method":"POST","url":"/v1/guest/resolve-qr","statusCode":404,"requestId":"b2118dc2-9a1c-4592-bd33-1be577c07d65"}

stdout | src/qr.integration.test.ts > qr token lifecycle > rate limits QR resolution
{"level":"info","time":"2026-07-27T15:56:06.173Z","service":"api","msg":"request.completed","method":"POST","url":"/v1/guest/resolve-qr","statusCode":404,"requestId":"c6f95ac9-de94-4158-b7d0-7ce0cd2e98bc"}

stdout | src/qr.integration.test.ts > qr token lifecycle > rate limits QR resolution
{"level":"info","time":"2026-07-27T15:56:06.174Z","service":"api","msg":"request.completed","method":"POST","url":"/v1/guest/resolve-qr","statusCode":404,"requestId":"68d31a8b-23ec-4b91-a79d-4a0380bca1cd"}

stdout | src/qr.integration.test.ts > qr token lifecycle > rate limits QR resolution
{"level":"info","time":"2026-07-27T15:56:06.175Z","service":"api","msg":"request.completed","method":"POST","url":"/v1/guest/resolve-qr","statusCode":404,"requestId":"b09b479b-68f3-445e-931e-430ca9c7bfe6"}

stdout | src/qr.integration.test.ts > qr token lifecycle > rate limits QR resolution
{"level":"info","time":"2026-07-27T15:56:06.176Z","service":"api","msg":"request.completed","method":"POST","url":"/v1/guest/resolve-qr","statusCode":404,"requestId":"fe52342e-e561-4ea9-95f0-2041fd72e700"}

stdout | src/qr.integration.test.ts > qr token lifecycle > rate limits QR resolution
{"level":"info","time":"2026-07-27T15:56:06.177Z","service":"api","msg":"request.completed","method":"POST","url":"/v1/guest/resolve-qr","statusCode":404,"requestId":"5323802a-903c-4fb4-a6d8-6eb723e6336d"}

stdout | src/qr.integration.test.ts > qr token lifecycle > rate limits QR resolution
{"level":"info","time":"2026-07-27T15:56:06.177Z","service":"api","msg":"request.completed","method":"POST","url":"/v1/guest/resolve-qr","statusCode":404,"requestId":"05eb43b4-cca2-4888-834d-16a02c1d9479"}

stdout | src/qr.integration.test.ts > qr token lifecycle > rate limits QR resolution
{"level":"info","time":"2026-07-27T15:56:06.179Z","service":"api","msg":"request.completed","method":"POST","url":"/v1/guest/resolve-qr","statusCode":404,"requestId":"5dca1aa6-8189-4ee3-8bf0-b2c6e48ee9c8"}

stdout | src/qr.integration.test.ts > qr token lifecycle > rate limits QR resolution
{"level":"info","time":"2026-07-27T15:56:06.180Z","service":"api","msg":"request.completed","method":"POST","url":"/v1/guest/resolve-qr","statusCode":404,"requestId":"9116ca5f-c87a-430b-b8c6-78f12af0ce7f"}

stdout | src/qr.integration.test.ts > qr token lifecycle > rate limits QR resolution
{"level":"info","time":"2026-07-27T15:56:06.181Z","service":"api","msg":"request.completed","method":"POST","url":"/v1/guest/resolve-qr","statusCode":404,"requestId":"712a44af-3261-4949-acf7-188862aad8f5"}

stdout | src/qr.integration.test.ts > qr token lifecycle > rate limits QR resolution
{"level":"info","time":"2026-07-27T15:56:06.182Z","service":"api","msg":"request.completed","method":"POST","url":"/v1/guest/resolve-qr","statusCode":404,"requestId":"cb01934f-0a27-4662-af3a-1905e7bce1f9"}

stdout | src/qr.integration.test.ts > qr token lifecycle > rate limits QR resolution
{"level":"info","time":"2026-07-27T15:56:06.183Z","service":"api","msg":"request.completed","method":"POST","url":"/v1/guest/resolve-qr","statusCode":404,"requestId":"ff8693c1-83b0-4c8c-bf9e-55c918b0018a"}

stdout | src/qr.integration.test.ts > qr token lifecycle > rate limits QR resolution
{"level":"info","time":"2026-07-27T15:56:06.184Z","service":"api","msg":"request.completed","method":"POST","url":"/v1/guest/resolve-qr","statusCode":404,"requestId":"72f82502-e384-4a42-8f96-554f0f6170fe"}

stdout | src/qr.integration.test.ts > qr token lifecycle > rate limits QR resolution
{"level":"info","time":"2026-07-27T15:56:06.184Z","service":"api","msg":"request.completed","method":"POST","url":"/v1/guest/resolve-qr","statusCode":404,"requestId":"bfd36f82-b545-4b3b-9da3-f5b8754bb466"}

stdout | src/qr.integration.test.ts > qr token lifecycle > rate limits QR resolution
{"level":"info","time":"2026-07-27T15:56:06.185Z","service":"api","msg":"request.completed","method":"POST","url":"/v1/guest/resolve-qr","statusCode":404,"requestId":"edf89736-5efb-4d65-a607-c7faec34cb20"}

stdout | src/qr.integration.test.ts > qr token lifecycle > rate limits QR resolution
{"level":"info","time":"2026-07-27T15:56:06.186Z","service":"api","msg":"request.completed","method":"POST","url":"/v1/guest/resolve-qr","statusCode":404,"requestId":"20336796-1996-47e1-8cbf-d4021276fb20"}

stdout | src/qr.integration.test.ts > qr token lifecycle > rate limits QR resolution
{"level":"info","time":"2026-07-27T15:56:06.187Z","service":"api","msg":"request.completed","method":"POST","url":"/v1/guest/resolve-qr","statusCode":404,"requestId":"7033d9b1-b72b-4ff7-b0ec-4aa46b402641"}

stdout | src/qr.integration.test.ts > qr token lifecycle > rate limits QR resolution
{"level":"info","time":"2026-07-27T15:56:06.188Z","service":"api","msg":"request.completed","method":"POST","url":"/v1/guest/resolve-qr","statusCode":404,"requestId":"90d5a4b2-2299-4d86-8246-2c31dafeaf34"}

stdout | src/qr.integration.test.ts > qr token lifecycle > rate limits QR resolution
{"level":"info","time":"2026-07-27T15:56:06.189Z","service":"api","msg":"request.completed","method":"POST","url":"/v1/guest/resolve-qr","statusCode":404,"requestId":"ee7cfd2a-3180-44b1-863e-6e578452feda"}

stdout | src/qr.integration.test.ts > qr token lifecycle > rate limits QR resolution
{"level":"info","time":"2026-07-27T15:56:06.190Z","service":"api","msg":"request.completed","method":"POST","url":"/v1/guest/resolve-qr","statusCode":404,"requestId":"aefa0b7f-d7eb-46b3-8716-d5a72048ee44"}

stdout | src/qr.integration.test.ts > qr token lifecycle > rate limits QR resolution
{"level":"info","time":"2026-07-27T15:56:06.192Z","service":"api","msg":"request.completed","method":"POST","url":"/v1/guest/resolve-qr","statusCode":404,"requestId":"712d39ce-574e-437f-9926-66890617140a"}

stdout | src/qr.integration.test.ts > qr token lifecycle > rate limits QR resolution
{"level":"info","time":"2026-07-27T15:56:06.193Z","service":"api","msg":"request.completed","method":"POST","url":"/v1/guest/resolve-qr","statusCode":404,"requestId":"5b2ad9a3-72ff-4188-92ee-111c67c6cb41"}

stdout | src/qr.integration.test.ts > qr token lifecycle > rate limits QR resolution
{"level":"info","time":"2026-07-27T15:56:06.193Z","service":"api","msg":"request.completed","method":"POST","url":"/v1/guest/resolve-qr","statusCode":429,"requestId":"a960699c-c59f-4e80-9b81-0d28607e84ad"}

 ✓ src/qr.integration.test.ts (2 tests) 841ms
   ✓ qr token lifecycle > creates opaque tokens, resolves, disables, downloads, and enforces permissions  770ms
stdout | src/guest-sessions.integration.test.ts > guest sessions > creates scoped guest sessions with minimal public context
{"level":"info","time":"2026-07-27T15:56:07.065Z","service":"api","msg":"request.completed","method":"POST","url":"/v1/auth/login","statusCode":200,"requestId":"7747f0e3-7065-4eb8-81fe-27502801b499"}

stdout | src/guest-sessions.integration.test.ts > guest sessions > creates scoped guest sessions with minimal public context
{"level":"info","time":"2026-07-27T15:56:07.106Z","service":"api","msg":"request.completed","method":"GET","url":"/v1/properties?organizationId=d215a186-f84d-4c7c-b75a-3189969999c2","statusCode":200,"requestId":"22e8c8ad-48f7-4b05-a690-a099062f55da"}

stdout | src/guest-sessions.integration.test.ts > guest sessions > creates scoped guest sessions with minimal public context
{"level":"info","time":"2026-07-27T15:56:07.123Z","service":"api","msg":"request.completed","method":"GET","url":"/v1/properties/df1e1282-981b-4f9f-a5ee-34dad323efb5/locations","statusCode":200,"requestId":"2d484a84-17d2-4642-9af8-e92a789f35f6"}

stdout | src/guest-sessions.integration.test.ts > guest sessions > creates scoped guest sessions with minimal public context
{"level":"info","time":"2026-07-27T15:56:07.128Z","service":"api","msg":"request.completed","method":"POST","url":"/v1/properties/df1e1282-981b-4f9f-a5ee-34dad323efb5/qr-codes","statusCode":200,"requestId":"e125856c-5fd7-4a14-9c3d-3f7500bab754"}

stdout | src/guest-sessions.integration.test.ts > guest sessions > creates scoped guest sessions with minimal public context
{"level":"info","time":"2026-07-27T15:56:07.129Z","service":"api","msg":"request.completed","method":"POST","url":"/v1/guest/sessions","statusCode":400,"requestId":"d4619b57-51be-4a34-b409-f9a1a023e6ea"}

stdout | src/guest-sessions.integration.test.ts > guest sessions > creates scoped guest sessions with minimal public context
{"level":"info","time":"2026-07-27T15:56:07.131Z","service":"api","msg":"request.completed","method":"POST","url":"/v1/guest/sessions","statusCode":404,"requestId":"aff3c4c7-3237-4b01-b990-b08845ba9273"}

stdout | src/guest-sessions.integration.test.ts > guest sessions > creates scoped guest sessions with minimal public context
{"level":"info","time":"2026-07-27T15:56:07.134Z","service":"api","msg":"request.completed","method":"POST","url":"/v1/guest/sessions","statusCode":200,"requestId":"e93e5b0e-b763-4a80-bef6-5e8f91bc8b44"}

stdout | src/guest-sessions.integration.test.ts > guest sessions > creates scoped guest sessions with minimal public context
{"level":"info","time":"2026-07-27T15:56:07.137Z","service":"api","msg":"request.completed","method":"GET","url":"/v1/guest/session","statusCode":200,"requestId":"5e42f4f9-5c58-450d-9cbc-e13ad9aa60b7"}

stdout | src/guest-sessions.integration.test.ts > guest sessions > creates scoped guest sessions with minimal public context
{"level":"info","time":"2026-07-27T15:56:07.137Z","service":"api","msg":"request.completed","method":"GET","url":"/v1/guest/session","statusCode":401,"requestId":"af64cd8a-df66-4cd3-af81-8f3aa7f109e8"}

stdout | src/guest-sessions.integration.test.ts > guest sessions > creates scoped guest sessions with minimal public context
{"level":"info","time":"2026-07-27T15:56:07.138Z","service":"api","msg":"request.completed","method":"GET","url":"/v1/guest/session","statusCode":401,"requestId":"2ce7eb7e-7ace-4067-bc35-f3338b687428"}

stdout | src/guest-sessions.integration.test.ts > guest sessions > isolates guest sessions across properties/orgs
{"level":"info","time":"2026-07-27T15:56:07.409Z","service":"api","msg":"request.completed","method":"POST","url":"/v1/auth/login","statusCode":200,"requestId":"4443dbdb-23e0-49b7-ac44-79706f2eb236"}

stdout | src/guest-sessions.integration.test.ts > guest sessions > isolates guest sessions across properties/orgs
{"level":"info","time":"2026-07-27T15:56:07.658Z","service":"api","msg":"request.completed","method":"POST","url":"/v1/auth/login","statusCode":200,"requestId":"bf1a89bc-d857-492e-8408-464b26c8120c"}

stdout | src/guest-sessions.integration.test.ts > guest sessions > isolates guest sessions across properties/orgs
{"level":"info","time":"2026-07-27T15:56:07.661Z","service":"api","msg":"request.completed","method":"GET","url":"/v1/properties?organizationId=d215a186-f84d-4c7c-b75a-3189969999c2","statusCode":200,"requestId":"67ebd833-feed-47a3-907d-4eff50298a56"}

stdout | src/guest-sessions.integration.test.ts > guest sessions > isolates guest sessions across properties/orgs
{"level":"info","time":"2026-07-27T15:56:07.663Z","service":"api","msg":"request.completed","method":"GET","url":"/v1/properties/df1e1282-981b-4f9f-a5ee-34dad323efb5/locations","statusCode":200,"requestId":"4a377a13-4947-466d-ada7-4bb8bb15b154"}

stdout | src/guest-sessions.integration.test.ts > guest sessions > isolates guest sessions across properties/orgs
{"level":"info","time":"2026-07-27T15:56:07.667Z","service":"api","msg":"request.completed","method":"POST","url":"/v1/properties/df1e1282-981b-4f9f-a5ee-34dad323efb5/qr-codes","statusCode":200,"requestId":"3c926de5-4897-4416-b365-7dc810098805"}

stdout | src/guest-sessions.integration.test.ts > guest sessions > isolates guest sessions across properties/orgs
{"level":"info","time":"2026-07-27T15:56:07.670Z","service":"api","msg":"request.completed","method":"GET","url":"/v1/properties?organizationId=67e4e9e6-f0b4-4e7f-a247-674a503d4ba6","statusCode":200,"requestId":"3cba9347-8a84-4d3e-b229-5ba7c8cf44e6"}

stdout | src/guest-sessions.integration.test.ts > guest sessions > isolates guest sessions across properties/orgs
{"level":"info","time":"2026-07-27T15:56:07.672Z","service":"api","msg":"request.completed","method":"GET","url":"/v1/properties/8efde0b2-790a-49cd-8a14-20be5b6b29b1/locations","statusCode":200,"requestId":"4acc47f7-6f6a-4875-86e3-5c96d0b8ba7f"}

stdout | src/guest-sessions.integration.test.ts > guest sessions > isolates guest sessions across properties/orgs
{"level":"info","time":"2026-07-27T15:56:07.676Z","service":"api","msg":"request.completed","method":"POST","url":"/v1/properties/8efde0b2-790a-49cd-8a14-20be5b6b29b1/qr-codes","statusCode":200,"requestId":"1abc852d-b140-4cbc-ab24-ed94475cc49d"}

stdout | src/guest-sessions.integration.test.ts > guest sessions > isolates guest sessions across properties/orgs
{"level":"info","time":"2026-07-27T15:56:07.679Z","service":"api","msg":"request.completed","method":"POST","url":"/v1/guest/sessions","statusCode":200,"requestId":"05f4c3ca-00d2-4439-ba7e-49fcc7a9d68b"}

stdout | src/guest-sessions.integration.test.ts > guest sessions > isolates guest sessions across properties/orgs
{"level":"info","time":"2026-07-27T15:56:07.681Z","service":"api","msg":"request.completed","method":"POST","url":"/v1/guest/sessions","statusCode":200,"requestId":"38b12880-e363-4fd3-818b-191f332c6c81"}

stdout | src/guest-sessions.integration.test.ts > guest sessions > isolates guest sessions across properties/orgs
{"level":"info","time":"2026-07-27T15:56:07.684Z","service":"api","msg":"request.completed","method":"GET","url":"/v1/guest/session","statusCode":200,"requestId":"7b45bd39-5a68-43fa-a121-2e45f5a3a1b3"}

 ✓ src/guest-sessions.integration.test.ts (2 tests) 920ms
   ✓ guest sessions > creates scoped guest sessions with minimal public context  326ms
   ✓ guest sessions > isolates guest sessions across properties/orgs  546ms
stdout | src/portal-publish.integration.test.ts > portal publish and rollback > publishes immutably, handles concurrency/idempotency, and rolls back as new version
{"level":"info","time":"2026-07-27T15:56:08.567Z","service":"api","msg":"request.completed","method":"POST","url":"/v1/auth/login","statusCode":200,"requestId":"2ba8f8e2-99b1-4589-915c-d5287588e2d0"}

stdout | src/portal-publish.integration.test.ts > portal publish and rollback > publishes immutably, handles concurrency/idempotency, and rolls back as new version
{"level":"info","time":"2026-07-27T15:56:08.577Z","service":"api","msg":"request.completed","method":"GET","url":"/v1/properties?organizationId=d215a186-f84d-4c7c-b75a-3189969999c2","statusCode":200,"requestId":"d338803a-fd59-4a2b-9aa8-9ff9f169fcfb"}

stdout | src/portal-publish.integration.test.ts > portal publish and rollback > publishes immutably, handles concurrency/idempotency, and rolls back as new version
{"level":"info","time":"2026-07-27T15:56:08.583Z","service":"api","msg":"request.completed","method":"GET","url":"/v1/properties/df1e1282-981b-4f9f-a5ee-34dad323efb5/portal/draft","statusCode":200,"requestId":"30be9a28-0fbb-4a7b-9139-cfa03a283c33"}

stdout | src/portal-publish.integration.test.ts > portal publish and rollback > publishes immutably, handles concurrency/idempotency, and rolls back as new version
{"level":"info","time":"2026-07-27T15:56:08.593Z","service":"api","msg":"request.completed","method":"POST","url":"/v1/properties/df1e1282-981b-4f9f-a5ee-34dad323efb5/portal/publish","statusCode":200,"requestId":"c65d7859-ddc3-49dd-87eb-9096f7d9e3ba"}

stdout | src/portal-publish.integration.test.ts > portal publish and rollback > publishes immutably, handles concurrency/idempotency, and rolls back as new version
{"level":"info","time":"2026-07-27T15:56:08.597Z","service":"api","msg":"request.completed","method":"POST","url":"/v1/properties/df1e1282-981b-4f9f-a5ee-34dad323efb5/portal/publish","statusCode":200,"requestId":"f12e0b87-b920-410f-8d2e-ce81919e9c6d"}

stdout | src/portal-publish.integration.test.ts > portal publish and rollback > publishes immutably, handles concurrency/idempotency, and rolls back as new version
{"level":"info","time":"2026-07-27T15:56:08.601Z","service":"api","msg":"request.completed","method":"POST","url":"/v1/properties/df1e1282-981b-4f9f-a5ee-34dad323efb5/portal/publish","statusCode":409,"requestId":"2f853eaa-d8ad-40f3-b63b-d57b38aa0a04"}

stdout | src/portal-publish.integration.test.ts > portal publish and rollback > publishes immutably, handles concurrency/idempotency, and rolls back as new version
{"level":"info","time":"2026-07-27T15:56:08.609Z","service":"api","msg":"request.completed","method":"POST","url":"/v1/properties/df1e1282-981b-4f9f-a5ee-34dad323efb5/portal/versions/471bceda-ee9f-4e35-932f-7cffd1aa8449/restore","statusCode":200,"requestId":"f0bf28cd-2dc1-4e43-8f35-b4503b3e7518"}

stdout | src/portal-publish.integration.test.ts > portal publish and rollback > publishes immutably, handles concurrency/idempotency, and rolls back as new version
{"level":"info","time":"2026-07-27T15:56:08.613Z","service":"api","msg":"request.completed","method":"GET","url":"/v1/properties/df1e1282-981b-4f9f-a5ee-34dad323efb5/portal/versions","statusCode":200,"requestId":"39356034-b99a-4ca8-962f-f945e884ec94"}

 ✓ src/portal-publish.integration.test.ts (1 test) 341ms
   ✓ portal publish and rollback > publishes immutably, handles concurrency/idempotency, and rolls back as new version  308ms
stdout | src/guest-portal.integration.test.ts > guest portal homepage API > returns published branding with asset fallbacks
{"level":"info","time":"2026-07-27T15:56:09.416Z","service":"api","msg":"request.completed","method":"POST","url":"/v1/auth/login","statusCode":200,"requestId":"bec46abb-b44b-4b16-8d59-8f7d4671c395"}

stdout | src/guest-portal.integration.test.ts > guest portal homepage API > returns published branding with asset fallbacks
{"level":"info","time":"2026-07-27T15:56:09.421Z","service":"api","msg":"request.completed","method":"GET","url":"/v1/properties?organizationId=d215a186-f84d-4c7c-b75a-3189969999c2","statusCode":200,"requestId":"5bb36704-14ae-40fa-ba81-f6caa9bb7e58"}

stdout | src/guest-portal.integration.test.ts > guest portal homepage API > returns published branding with asset fallbacks
{"level":"info","time":"2026-07-27T15:56:09.426Z","service":"api","msg":"request.completed","method":"GET","url":"/v1/properties/df1e1282-981b-4f9f-a5ee-34dad323efb5/portal/draft","statusCode":200,"requestId":"8672c4a8-5fa3-411d-8008-e659df96c7fd"}

stdout | src/guest-portal.integration.test.ts > guest portal homepage API > returns published branding with asset fallbacks
{"level":"info","time":"2026-07-27T15:56:09.435Z","service":"api","msg":"request.completed","method":"POST","url":"/v1/properties/df1e1282-981b-4f9f-a5ee-34dad323efb5/portal/publish","statusCode":200,"requestId":"95a2305c-e682-4865-bf27-f538a63b5c67"}

stdout | src/guest-portal.integration.test.ts > guest portal homepage API > returns published branding with asset fallbacks
{"level":"info","time":"2026-07-27T15:56:09.444Z","service":"api","msg":"request.completed","method":"GET","url":"/v1/properties/df1e1282-981b-4f9f-a5ee-34dad323efb5/locations","statusCode":200,"requestId":"82eb18d6-97e6-4668-86d5-9b4f815b0e9d"}

stdout | src/guest-portal.integration.test.ts > guest portal homepage API > returns published branding with asset fallbacks
{"level":"info","time":"2026-07-27T15:56:09.450Z","service":"api","msg":"request.completed","method":"POST","url":"/v1/properties/df1e1282-981b-4f9f-a5ee-34dad323efb5/qr-codes","statusCode":200,"requestId":"585ae471-f3b2-403a-adf8-3546979940ac"}

stdout | src/guest-portal.integration.test.ts > guest portal homepage API > returns published branding with asset fallbacks
{"level":"info","time":"2026-07-27T15:56:09.454Z","service":"api","msg":"request.completed","method":"POST","url":"/v1/guest/sessions","statusCode":200,"requestId":"6f6f3e5a-b5ec-4d0d-a230-26b00438c5d2"}

stdout | src/guest-portal.integration.test.ts > guest portal homepage API > returns published branding with asset fallbacks
{"level":"info","time":"2026-07-27T15:56:09.459Z","service":"api","msg":"request.completed","method":"GET","url":"/v1/guest/portal","statusCode":200,"requestId":"98a211ed-a0fd-4783-9a7b-2e7c9828873a"}

 ✓ src/guest-portal.integration.test.ts (1 test) 335ms
   ✓ guest portal homepage API > returns published branding with asset fallbacks  307ms
stdout | src/knowledge-search.integration.test.ts > knowledge hybrid retrieval
{"level":"info","time":"2026-07-27T15:56:10.238Z","service":"api","msg":"request.completed","method":"POST","url":"/v1/auth/login","statusCode":200,"requestId":"81bd0866-c6ab-4d4c-bc18-1c755af19d0e"}

stdout | src/knowledge-search.integration.test.ts > knowledge hybrid retrieval
{"level":"info","time":"2026-07-27T15:56:10.242Z","service":"api","msg":"request.completed","method":"GET","url":"/v1/properties?organizationId=d215a186-f84d-4c7c-b75a-3189969999c2","statusCode":200,"requestId":"0efd1434-27d5-452d-9690-21ced0fd50f1"}

stdout | src/knowledge-search.integration.test.ts > knowledge hybrid retrieval > returns citations mapped to source and stores benchmark recall
{"level":"info","time":"2026-07-27T15:56:10.265Z","service":"api","msg":"request.completed","method":"POST","url":"/v1/properties/df1e1282-981b-4f9f-a5ee-34dad323efb5/knowledge/search","statusCode":200,"requestId":"4cdb56c8-314d-4c9e-aba8-91f61feff47a"}

stdout | src/knowledge-search.integration.test.ts > knowledge hybrid retrieval > supports cross-language query against Vietnamese source text
{"level":"info","time":"2026-07-27T15:56:10.270Z","service":"api","msg":"request.completed","method":"POST","url":"/v1/properties/df1e1282-981b-4f9f-a5ee-34dad323efb5/knowledge/search","statusCode":200,"requestId":"875caecc-6388-494f-8fc6-61a83e3f3c0b"}

stdout | src/knowledge-search.integration.test.ts > knowledge hybrid retrieval > returns noResult for unknown queries and blocks injection-only payloads
{"level":"info","time":"2026-07-27T15:56:10.273Z","service":"api","msg":"request.completed","method":"POST","url":"/v1/properties/2c375cb5-1912-476f-a3db-7e4ec5b187c9/knowledge/search","statusCode":200,"requestId":"a0df890b-5b15-4a43-843d-d6eed9ad22ee"}

stdout | src/knowledge-search.integration.test.ts > knowledge hybrid retrieval > returns noResult for unknown queries and blocks injection-only payloads
{"level":"info","time":"2026-07-27T15:56:10.277Z","service":"api","msg":"request.completed","method":"POST","url":"/v1/properties/df1e1282-981b-4f9f-a5ee-34dad323efb5/knowledge/search","statusCode":200,"requestId":"1a21738a-0a82-4ab7-b26f-e3c623aba261"}

stdout | src/knowledge-search.integration.test.ts > knowledge hybrid retrieval > denies cross-tenant leakage via property scope
{"level":"info","time":"2026-07-27T15:56:10.287Z","service":"api","msg":"request.completed","method":"POST","url":"/v1/properties/0bcefe4c-09c2-40c7-a004-de21f4f74292/knowledge/search","statusCode":403,"requestId":"c94a5bef-c093-429b-8ece-9ec91e47c741"}

 ✓ src/knowledge-search.integration.test.ts (4 tests) 319ms

 Test Files  12 passed (12)
      Tests  41 passed (41)
   Start at  22:55:45
   Duration  24.49s (transform 182ms, setup 0ms, collect 5.63s, tests 17.48s, environment 1ms, prepare 296ms)

$ vitest run --config vitest.integration.config.ts
