$ vitest run --config vitest.integration.config.ts

 RUN  v3.2.7 /Users/huypq/Documents/Projects/guestportal/apps/api

stdout | src/request-orders.integration.test.ts > request/order lifecycle operations > transitions requests with optimistic versioning, history, outbox, and audit
{"level":"info","time":"2026-07-28T08:19:28.666Z","service":"api","msg":"request.completed","method":"POST","url":"/v1/auth/login","statusCode":200,"requestId":"29389f5f-bc18-42dd-96dc-3a922310dd1d"}

stdout | src/request-orders.integration.test.ts > request/order lifecycle operations > transitions requests with optimistic versioning, history, outbox, and audit
{"level":"info","time":"2026-07-28T08:19:28.888Z","service":"api","msg":"request.completed","method":"POST","url":"/v1/auth/login","statusCode":200,"requestId":"71cc079d-9474-4c29-82e8-ff72ca7ffa2e"}

stdout | src/request-orders.integration.test.ts > request/order lifecycle operations > transitions requests with optimistic versioning, history, outbox, and audit
{"level":"info","time":"2026-07-28T08:19:28.896Z","service":"api","msg":"request.completed","method":"GET","url":"/v1/properties?organizationId=d215a186-f84d-4c7c-b75a-3189969999c2","statusCode":200,"requestId":"174b9b03-8261-446e-b461-204056524c26"}

stdout | src/request-orders.integration.test.ts > request/order lifecycle operations > transitions requests with optimistic versioning, history, outbox, and audit
{"level":"info","time":"2026-07-28T08:19:28.909Z","service":"api","msg":"request.completed","method":"GET","url":"/v1/properties/3ab87d2a-0c78-4fac-aa15-515a733cc3ae/locations","statusCode":200,"requestId":"7c8ec972-3c78-4f22-9ba5-a9e0cf25d033"}

stdout | src/request-orders.integration.test.ts > request/order lifecycle operations > transitions requests with optimistic versioning, history, outbox, and audit
{"level":"info","time":"2026-07-28T08:19:28.920Z","service":"api","msg":"request.completed","method":"POST","url":"/v1/properties/3ab87d2a-0c78-4fac-aa15-515a733cc3ae/qr-codes","statusCode":200,"requestId":"e3fa8cf7-99b5-45a8-9b7a-ce38fa452a57"}

stdout | src/request-orders.integration.test.ts > request/order lifecycle operations > transitions requests with optimistic versioning, history, outbox, and audit
{"level":"info","time":"2026-07-28T08:19:28.926Z","service":"api","msg":"request.completed","method":"POST","url":"/v1/guest/sessions","statusCode":200,"requestId":"330cfcc2-f153-4a2f-b7f0-ba97db46b82c"}

stdout | src/request-orders.integration.test.ts > request/order lifecycle operations > transitions requests with optimistic versioning, history, outbox, and audit
{"level":"info","time":"2026-07-28T08:19:28.930Z","service":"api","msg":"request.completed","method":"POST","url":"/v1/guest/conversations","statusCode":200,"requestId":"0f6be5b6-e358-45f9-821f-de4dd0cf6dec"}

stdout | src/request-orders.integration.test.ts > request/order lifecycle operations > transitions requests with optimistic versioning, history, outbox, and audit
{"level":"info","time":"2026-07-28T08:19:28.933Z","service":"api","msg":"request.completed","method":"POST","url":"/v1/guest/request-drafts","statusCode":200,"requestId":"95f8957c-af92-4096-8a85-d2fd14d7ac09"}

stdout | src/request-orders.integration.test.ts > request/order lifecycle operations > transitions requests with optimistic versioning, history, outbox, and audit
{"level":"info","time":"2026-07-28T08:19:28.942Z","service":"api","msg":"request.completed","method":"POST","url":"/v1/guest/request-drafts/5d640b02-c477-4f1e-9a70-fca6125be259/confirm","statusCode":200,"requestId":"899a121a-d842-4761-82da-55f30be3e93c"}

stdout | src/request-orders.integration.test.ts > request/order lifecycle operations > transitions requests with optimistic versioning, history, outbox, and audit
{"level":"info","time":"2026-07-28T08:19:28.948Z","service":"api","msg":"request.completed","method":"POST","url":"/v1/staff/requests/b36fe64d-71c3-483a-8721-7c65d7280413/accept","statusCode":200,"requestId":"5cfa2773-5250-4fdc-88e9-94171953e165"}

stdout | src/request-orders.integration.test.ts > request/order lifecycle operations > transitions requests with optimistic versioning, history, outbox, and audit
{"level":"info","time":"2026-07-28T08:19:28.951Z","service":"api","msg":"request.completed","method":"POST","url":"/v1/staff/requests/b36fe64d-71c3-483a-8721-7c65d7280413/accept","statusCode":200,"requestId":"191004e7-822b-42a0-9698-f0169d95c994"}

stdout | src/request-orders.integration.test.ts > request/order lifecycle operations > transitions requests with optimistic versioning, history, outbox, and audit
{"level":"info","time":"2026-07-28T08:19:28.954Z","service":"api","msg":"request.completed","method":"POST","url":"/v1/staff/requests/b36fe64d-71c3-483a-8721-7c65d7280413/complete","statusCode":409,"requestId":"1dc603d7-fb95-4809-abdc-8c78fc07e056"}

stdout | src/request-orders.integration.test.ts > request/order lifecycle operations > transitions requests with optimistic versioning, history, outbox, and audit
{"level":"info","time":"2026-07-28T08:19:28.956Z","service":"api","msg":"request.completed","method":"POST","url":"/v1/staff/requests/b36fe64d-71c3-483a-8721-7c65d7280413/start","statusCode":409,"requestId":"10fac38b-c579-468a-8e95-454eada22d64"}

stdout | src/request-orders.integration.test.ts > request/order lifecycle operations > transitions requests with optimistic versioning, history, outbox, and audit
{"level":"info","time":"2026-07-28T08:19:28.960Z","service":"api","msg":"request.completed","method":"POST","url":"/v1/staff/requests/b36fe64d-71c3-483a-8721-7c65d7280413/start","statusCode":200,"requestId":"dff3dba8-5cbb-4ef4-bad2-30f0d456545e"}

stdout | src/request-orders.integration.test.ts > request/order lifecycle operations > transitions requests with optimistic versioning, history, outbox, and audit
{"level":"info","time":"2026-07-28T08:19:28.963Z","service":"api","msg":"request.completed","method":"POST","url":"/v1/staff/requests/b36fe64d-71c3-483a-8721-7c65d7280413/complete","statusCode":200,"requestId":"a0465c2d-3b7c-4c40-a19f-41acf5712469"}

stdout | src/request-orders.integration.test.ts > request/order lifecycle operations > atomically claims requests with race safety, optimistic concurrency, permissions, and audit
{"level":"info","time":"2026-07-28T08:19:29.206Z","service":"api","msg":"request.completed","method":"POST","url":"/v1/auth/login","statusCode":200,"requestId":"3e12880d-9862-4888-a6ac-ee87c8f71276"}

stdout | src/request-orders.integration.test.ts > request/order lifecycle operations > atomically claims requests with race safety, optimistic concurrency, permissions, and audit
{"level":"info","time":"2026-07-28T08:19:29.415Z","service":"api","msg":"request.completed","method":"POST","url":"/v1/auth/login","statusCode":200,"requestId":"51e477b8-8991-401a-9e6c-1c5fe9cfc838"}

stdout | src/request-orders.integration.test.ts > request/order lifecycle operations > atomically claims requests with race safety, optimistic concurrency, permissions, and audit
{"level":"info","time":"2026-07-28T08:19:29.626Z","service":"api","msg":"request.completed","method":"POST","url":"/v1/auth/login","statusCode":200,"requestId":"88bfaa7a-2079-494a-ab7b-17a1552c7841"}

stdout | src/request-orders.integration.test.ts > request/order lifecycle operations > atomically claims requests with race safety, optimistic concurrency, permissions, and audit
{"level":"info","time":"2026-07-28T08:19:29.844Z","service":"api","msg":"request.completed","method":"POST","url":"/v1/auth/login","statusCode":200,"requestId":"ba7c7ff9-6b5d-43f4-b479-2fdd1f944f01"}

stdout | src/request-orders.integration.test.ts > request/order lifecycle operations > atomically claims requests with race safety, optimistic concurrency, permissions, and audit
{"level":"info","time":"2026-07-28T08:19:29.853Z","service":"api","msg":"request.completed","method":"GET","url":"/v1/properties?organizationId=d215a186-f84d-4c7c-b75a-3189969999c2","statusCode":200,"requestId":"83f1b92a-ff1e-49f9-ad4e-bc4617b1c330"}

stdout | src/request-orders.integration.test.ts > request/order lifecycle operations > atomically claims requests with race safety, optimistic concurrency, permissions, and audit
{"level":"info","time":"2026-07-28T08:19:29.857Z","service":"api","msg":"request.completed","method":"GET","url":"/v1/properties/3ab87d2a-0c78-4fac-aa15-515a733cc3ae/locations","statusCode":200,"requestId":"b71a97ea-c8af-4766-bcf9-3ac1aa3717ab"}

stdout | src/request-orders.integration.test.ts > request/order lifecycle operations > atomically claims requests with race safety, optimistic concurrency, permissions, and audit
{"level":"info","time":"2026-07-28T08:19:29.870Z","service":"api","msg":"request.completed","method":"POST","url":"/v1/properties/3ab87d2a-0c78-4fac-aa15-515a733cc3ae/qr-codes","statusCode":200,"requestId":"e1f559c1-533b-4658-a09b-81722dc28a80"}

stdout | src/request-orders.integration.test.ts > request/order lifecycle operations > atomically claims requests with race safety, optimistic concurrency, permissions, and audit
{"level":"info","time":"2026-07-28T08:19:29.872Z","service":"api","msg":"request.completed","method":"POST","url":"/v1/guest/sessions","statusCode":200,"requestId":"a093f17b-d30d-4eb6-bcef-362acb4cee36"}

stdout | src/request-orders.integration.test.ts > request/order lifecycle operations > atomically claims requests with race safety, optimistic concurrency, permissions, and audit
{"level":"info","time":"2026-07-28T08:19:29.878Z","service":"api","msg":"request.completed","method":"POST","url":"/v1/guest/conversations","statusCode":200,"requestId":"34a7c85d-5c7a-4c5b-9d27-1dff5ea417da"}

stdout | src/request-orders.integration.test.ts > request/order lifecycle operations > atomically claims requests with race safety, optimistic concurrency, permissions, and audit
{"level":"info","time":"2026-07-28T08:19:29.883Z","service":"api","msg":"request.completed","method":"POST","url":"/v1/guest/request-drafts","statusCode":200,"requestId":"4d3a8ad8-0ff4-492b-90c1-e7ccfb6d888c"}

stdout | src/request-orders.integration.test.ts > request/order lifecycle operations > atomically claims requests with race safety, optimistic concurrency, permissions, and audit
{"level":"info","time":"2026-07-28T08:19:29.891Z","service":"api","msg":"request.completed","method":"POST","url":"/v1/guest/request-drafts/eaba518f-dd12-4115-9d0e-d35d8583cd14/confirm","statusCode":200,"requestId":"bba74aaf-e726-4ef7-a107-d923c3189118"}

stdout | src/request-orders.integration.test.ts > request/order lifecycle operations > atomically claims requests with race safety, optimistic concurrency, permissions, and audit
{"level":"info","time":"2026-07-28T08:19:29.895Z","service":"api","msg":"request.completed","method":"POST","url":"/v1/staff/requests/0cb5b755-0d08-4e71-a7c0-17c2721fdce4/claim","statusCode":409,"requestId":"0634a3d9-ffc2-489d-89d8-d10f66442d3d"}

stdout | src/request-orders.integration.test.ts > request/order lifecycle operations > atomically claims requests with race safety, optimistic concurrency, permissions, and audit
{"level":"info","time":"2026-07-28T08:19:29.897Z","service":"api","msg":"request.completed","method":"POST","url":"/v1/staff/requests/0cb5b755-0d08-4e71-a7c0-17c2721fdce4/claim","statusCode":403,"requestId":"e36b0c32-1d85-4c9e-81d6-00191f939d5b"}

stdout | src/request-orders.integration.test.ts > request/order lifecycle operations > atomically claims requests with race safety, optimistic concurrency, permissions, and audit
{"level":"info","time":"2026-07-28T08:19:29.902Z","service":"api","msg":"request.completed","method":"POST","url":"/v1/staff/requests/0cb5b755-0d08-4e71-a7c0-17c2721fdce4/claim","statusCode":200,"requestId":"37875850-212a-4710-977b-2a351f0eea04"}

stdout | src/request-orders.integration.test.ts > request/order lifecycle operations > atomically claims requests with race safety, optimistic concurrency, permissions, and audit
{"level":"info","time":"2026-07-28T08:19:29.921Z","service":"api","msg":"request.completed","method":"POST","url":"/v1/staff/requests/0cb5b755-0d08-4e71-a7c0-17c2721fdce4/claim","statusCode":409,"requestId":"eadba563-bd32-4ec3-82fe-f62f3951e12d"}

stdout | src/request-orders.integration.test.ts > request/order lifecycle operations > atomically claims requests with race safety, optimistic concurrency, permissions, and audit
{"level":"info","time":"2026-07-28T08:19:29.927Z","service":"api","msg":"request.completed","method":"POST","url":"/v1/staff/requests/0cb5b755-0d08-4e71-a7c0-17c2721fdce4/claim","statusCode":200,"requestId":"c82603a6-caf5-427d-864d-3df531d261f7"}

stdout | src/request-orders.integration.test.ts > request/order lifecycle operations > atomically claims requests with race safety, optimistic concurrency, permissions, and audit
{"level":"info","time":"2026-07-28T08:19:29.930Z","service":"api","msg":"request.completed","method":"POST","url":"/v1/staff/requests/0cb5b755-0d08-4e71-a7c0-17c2721fdce4/accept","statusCode":409,"requestId":"c8a55bc6-af0e-4070-9fea-7099eb307fbc"}

stdout | src/request-orders.integration.test.ts > request/order lifecycle operations > keeps order item and price snapshots immutable after confirmation
{"level":"info","time":"2026-07-28T08:19:30.145Z","service":"api","msg":"request.completed","method":"POST","url":"/v1/auth/login","statusCode":200,"requestId":"a1df5d69-f803-4272-91e9-d254e504969d"}

stdout | src/request-orders.integration.test.ts > request/order lifecycle operations > keeps order item and price snapshots immutable after confirmation
{"level":"info","time":"2026-07-28T08:19:30.357Z","service":"api","msg":"request.completed","method":"POST","url":"/v1/auth/login","statusCode":200,"requestId":"d8ee613f-edbc-4b05-9565-d6b8ce935997"}

stdout | src/request-orders.integration.test.ts > request/order lifecycle operations > keeps order item and price snapshots immutable after confirmation
{"level":"info","time":"2026-07-28T08:19:30.359Z","service":"api","msg":"request.completed","method":"GET","url":"/v1/properties?organizationId=d215a186-f84d-4c7c-b75a-3189969999c2","statusCode":200,"requestId":"508b0364-af5d-4770-aae7-1f5627a34d59"}

stdout | src/request-orders.integration.test.ts > request/order lifecycle operations > keeps order item and price snapshots immutable after confirmation
{"level":"info","time":"2026-07-28T08:19:30.361Z","service":"api","msg":"request.completed","method":"GET","url":"/v1/properties/3ab87d2a-0c78-4fac-aa15-515a733cc3ae/locations","statusCode":200,"requestId":"2338d4aa-d34e-4b32-b45b-73e79ffd06d0"}

stdout | src/request-orders.integration.test.ts > request/order lifecycle operations > keeps order item and price snapshots immutable after confirmation
{"level":"info","time":"2026-07-28T08:19:30.366Z","service":"api","msg":"request.completed","method":"POST","url":"/v1/properties/3ab87d2a-0c78-4fac-aa15-515a733cc3ae/qr-codes","statusCode":200,"requestId":"2b3663d6-ad09-470f-a943-54d5d46a8145"}

stdout | src/request-orders.integration.test.ts > request/order lifecycle operations > keeps order item and price snapshots immutable after confirmation
{"level":"info","time":"2026-07-28T08:19:30.369Z","service":"api","msg":"request.completed","method":"POST","url":"/v1/guest/sessions","statusCode":200,"requestId":"a1ca8ddf-008f-4484-98e2-548de8b3a8e0"}

stdout | src/request-orders.integration.test.ts > request/order lifecycle operations > keeps order item and price snapshots immutable after confirmation
{"level":"info","time":"2026-07-28T08:19:30.371Z","service":"api","msg":"request.completed","method":"POST","url":"/v1/guest/conversations","statusCode":200,"requestId":"f6697ef4-9bf3-4566-a540-a72139f1872a"}

stdout | src/request-orders.integration.test.ts > request/order lifecycle operations > keeps order item and price snapshots immutable after confirmation
{"level":"info","time":"2026-07-28T08:19:30.375Z","service":"api","msg":"request.completed","method":"POST","url":"/v1/guest/order-drafts","statusCode":200,"requestId":"08cd91eb-b23e-488d-baa7-551a9fa072e8"}

stdout | src/request-orders.integration.test.ts > request/order lifecycle operations > keeps order item and price snapshots immutable after confirmation
{"level":"info","time":"2026-07-28T08:19:30.384Z","service":"api","msg":"request.completed","method":"POST","url":"/v1/guest/order-drafts/ecf95c1e-cb0b-4467-b022-e79b847e108c/confirm","statusCode":200,"requestId":"9359f724-505f-44b3-8e2c-ef1877e13508"}

stdout | src/request-orders.integration.test.ts > request/order lifecycle operations > keeps order item and price snapshots immutable after confirmation
{"level":"info","time":"2026-07-28T08:19:30.391Z","service":"api","msg":"request.completed","method":"POST","url":"/v1/staff/orders/d757a1c1-3a1a-4a21-b259-532bd216b63f/confirm","statusCode":200,"requestId":"179c6662-38ab-4048-92b6-ac9149ce49b9"}

stdout | src/request-orders.integration.test.ts > request/order lifecycle operations > keeps order item and price snapshots immutable after confirmation
{"level":"info","time":"2026-07-28T08:19:30.393Z","service":"api","msg":"request.completed","method":"POST","url":"/v1/staff/orders/d757a1c1-3a1a-4a21-b259-532bd216b63f/ready","statusCode":409,"requestId":"1a95cb87-0ab7-44e1-ac3f-ff954311d86b"}

stdout | src/request-orders.integration.test.ts > request/order lifecycle operations > claims orders once and denies cross-property staff
{"level":"info","time":"2026-07-28T08:19:30.602Z","service":"api","msg":"request.completed","method":"POST","url":"/v1/auth/login","statusCode":200,"requestId":"9a47cddf-504c-4ab7-b74f-e3b4ca24ab9f"}

stdout | src/request-orders.integration.test.ts > request/order lifecycle operations > claims orders once and denies cross-property staff
{"level":"info","time":"2026-07-28T08:19:30.810Z","service":"api","msg":"request.completed","method":"POST","url":"/v1/auth/login","statusCode":200,"requestId":"0dd8f5af-7f6f-4c2b-aaf6-031b0e0af819"}

stdout | src/request-orders.integration.test.ts > request/order lifecycle operations > claims orders once and denies cross-property staff
{"level":"info","time":"2026-07-28T08:19:31.022Z","service":"api","msg":"request.completed","method":"POST","url":"/v1/auth/login","statusCode":200,"requestId":"49600124-a6f3-4918-ad4e-6adf10e4e6c1"}

stdout | src/request-orders.integration.test.ts > request/order lifecycle operations > claims orders once and denies cross-property staff
{"level":"info","time":"2026-07-28T08:19:31.024Z","service":"api","msg":"request.completed","method":"GET","url":"/v1/properties?organizationId=d215a186-f84d-4c7c-b75a-3189969999c2","statusCode":200,"requestId":"f9a55208-87f3-4cc7-96cf-9687f98197ac"}

stdout | src/request-orders.integration.test.ts > request/order lifecycle operations > claims orders once and denies cross-property staff
{"level":"info","time":"2026-07-28T08:19:31.026Z","service":"api","msg":"request.completed","method":"GET","url":"/v1/properties/3ab87d2a-0c78-4fac-aa15-515a733cc3ae/locations","statusCode":200,"requestId":"8f291ed0-e40c-4997-8027-009ab2835d14"}

stdout | src/request-orders.integration.test.ts > request/order lifecycle operations > claims orders once and denies cross-property staff
{"level":"info","time":"2026-07-28T08:19:31.032Z","service":"api","msg":"request.completed","method":"POST","url":"/v1/properties/3ab87d2a-0c78-4fac-aa15-515a733cc3ae/qr-codes","statusCode":200,"requestId":"85c45bb0-4e2c-4148-9c51-b1ec0fa73a19"}

stdout | src/request-orders.integration.test.ts > request/order lifecycle operations > claims orders once and denies cross-property staff
{"level":"info","time":"2026-07-28T08:19:31.040Z","service":"api","msg":"request.completed","method":"POST","url":"/v1/guest/sessions","statusCode":200,"requestId":"3e77c65f-9dcd-458e-a44d-2acabe67b81c"}

stdout | src/request-orders.integration.test.ts > request/order lifecycle operations > claims orders once and denies cross-property staff
{"level":"info","time":"2026-07-28T08:19:31.043Z","service":"api","msg":"request.completed","method":"POST","url":"/v1/guest/conversations","statusCode":200,"requestId":"8e856817-f1b0-4478-a876-19b0d6f806e2"}

stdout | src/request-orders.integration.test.ts > request/order lifecycle operations > claims orders once and denies cross-property staff
{"level":"info","time":"2026-07-28T08:19:31.045Z","service":"api","msg":"request.completed","method":"POST","url":"/v1/guest/order-drafts","statusCode":200,"requestId":"08afc097-581f-4e78-9d53-e336c022aeef"}

stdout | src/request-orders.integration.test.ts > request/order lifecycle operations > claims orders once and denies cross-property staff
{"level":"info","time":"2026-07-28T08:19:31.052Z","service":"api","msg":"request.completed","method":"POST","url":"/v1/guest/order-drafts/5cb61041-dff9-4b7d-8a82-8adf2805382f/confirm","statusCode":200,"requestId":"2acc1880-10c9-41ca-97a0-76a7e41805cf"}

stdout | src/request-orders.integration.test.ts > request/order lifecycle operations > claims orders once and denies cross-property staff
{"level":"info","time":"2026-07-28T08:19:31.056Z","service":"api","msg":"request.completed","method":"POST","url":"/v1/staff/orders/a3c7d210-d86d-4a4a-86fd-f2b668e9d2a4/claim","statusCode":200,"requestId":"44d7a965-c6a2-4677-a635-fe823f4e53e8"}

stdout | src/request-orders.integration.test.ts > request/order lifecycle operations > claims orders once and denies cross-property staff
{"level":"info","time":"2026-07-28T08:19:31.058Z","service":"api","msg":"request.completed","method":"POST","url":"/v1/staff/orders/a3c7d210-d86d-4a4a-86fd-f2b668e9d2a4/claim","statusCode":200,"requestId":"c3a4967e-bc28-499b-8148-60692459b2b9"}

stdout | src/request-orders.integration.test.ts > request/order lifecycle operations > claims orders once and denies cross-property staff
{"level":"info","time":"2026-07-28T08:19:31.060Z","service":"api","msg":"request.completed","method":"POST","url":"/v1/staff/orders/a3c7d210-d86d-4a4a-86fd-f2b668e9d2a4/claim","statusCode":403,"requestId":"be402a1c-2aca-4f0c-b2f9-ef5703a4da1e"}

stdout | src/request-orders.integration.test.ts > request/order lifecycle operations > denies staff transitions outside assigned tenant property
{"level":"info","time":"2026-07-28T08:19:31.267Z","service":"api","msg":"request.completed","method":"POST","url":"/v1/auth/login","statusCode":200,"requestId":"d36192bf-d166-4d9a-bce0-90b2656c9ee0"}

stdout | src/request-orders.integration.test.ts > request/order lifecycle operations > denies staff transitions outside assigned tenant property
{"level":"info","time":"2026-07-28T08:19:31.478Z","service":"api","msg":"request.completed","method":"POST","url":"/v1/auth/login","statusCode":200,"requestId":"ef352252-2e7f-4486-93a1-2dcb0b5b4f2a"}

stdout | src/request-orders.integration.test.ts > request/order lifecycle operations > denies staff transitions outside assigned tenant property
{"level":"info","time":"2026-07-28T08:19:31.480Z","service":"api","msg":"request.completed","method":"GET","url":"/v1/properties?organizationId=d215a186-f84d-4c7c-b75a-3189969999c2","statusCode":200,"requestId":"88d2b79d-904c-4c8b-92f8-7b712d90b25d"}

stdout | src/request-orders.integration.test.ts > request/order lifecycle operations > denies staff transitions outside assigned tenant property
{"level":"info","time":"2026-07-28T08:19:31.482Z","service":"api","msg":"request.completed","method":"GET","url":"/v1/properties/3ab87d2a-0c78-4fac-aa15-515a733cc3ae/locations","statusCode":200,"requestId":"68e9536a-a60c-4789-b444-11d75ee1b10d"}

stdout | src/request-orders.integration.test.ts > request/order lifecycle operations > denies staff transitions outside assigned tenant property
{"level":"info","time":"2026-07-28T08:19:31.486Z","service":"api","msg":"request.completed","method":"POST","url":"/v1/properties/3ab87d2a-0c78-4fac-aa15-515a733cc3ae/qr-codes","statusCode":200,"requestId":"eb8d9827-7460-4ac5-ae53-864c95acac8d"}

stdout | src/request-orders.integration.test.ts > request/order lifecycle operations > denies staff transitions outside assigned tenant property
{"level":"info","time":"2026-07-28T08:19:31.489Z","service":"api","msg":"request.completed","method":"POST","url":"/v1/guest/sessions","statusCode":200,"requestId":"2463fb84-4296-4d52-8e0d-64e4f5d09bb4"}

stdout | src/request-orders.integration.test.ts > request/order lifecycle operations > denies staff transitions outside assigned tenant property
{"level":"info","time":"2026-07-28T08:19:31.490Z","service":"api","msg":"request.completed","method":"POST","url":"/v1/guest/conversations","statusCode":200,"requestId":"454edca7-7f47-4e33-b352-97e8c21a163d"}

stdout | src/request-orders.integration.test.ts > request/order lifecycle operations > denies staff transitions outside assigned tenant property
{"level":"info","time":"2026-07-28T08:19:31.493Z","service":"api","msg":"request.completed","method":"POST","url":"/v1/guest/request-drafts","statusCode":200,"requestId":"0c008e2a-9cb1-4682-b739-40483ef09d6c"}

stdout | src/request-orders.integration.test.ts > request/order lifecycle operations > denies staff transitions outside assigned tenant property
{"level":"info","time":"2026-07-28T08:19:31.499Z","service":"api","msg":"request.completed","method":"POST","url":"/v1/guest/request-drafts/96631257-8dc5-43bb-8d04-b514dddb3115/confirm","statusCode":200,"requestId":"d0d46228-c5d6-47e8-ba0c-ed866d0c8804"}

stdout | src/request-orders.integration.test.ts > request/order lifecycle operations > denies staff transitions outside assigned tenant property
{"level":"info","time":"2026-07-28T08:19:31.501Z","service":"api","msg":"request.completed","method":"POST","url":"/v1/staff/requests/54f554a7-e8cd-4812-9960-de787d3b0148/accept","statusCode":403,"requestId":"00fdd849-df1e-44ae-82ec-12b87fe7f979"}

stdout | src/request-orders.integration.test.ts > request/order lifecycle operations > lets guests list, inspect, and idempotently cancel their own submitted work
{"level":"info","time":"2026-07-28T08:19:31.710Z","service":"api","msg":"request.completed","method":"POST","url":"/v1/auth/login","statusCode":200,"requestId":"d78ae450-94fe-4e8b-b161-be2bb18cd62c"}

stdout | src/request-orders.integration.test.ts > request/order lifecycle operations > lets guests list, inspect, and idempotently cancel their own submitted work
{"level":"info","time":"2026-07-28T08:19:31.712Z","service":"api","msg":"request.completed","method":"GET","url":"/v1/properties?organizationId=d215a186-f84d-4c7c-b75a-3189969999c2","statusCode":200,"requestId":"eb8243b8-7d65-454a-a87a-1dbb68edd0fb"}

stdout | src/request-orders.integration.test.ts > request/order lifecycle operations > lets guests list, inspect, and idempotently cancel their own submitted work
{"level":"info","time":"2026-07-28T08:19:31.714Z","service":"api","msg":"request.completed","method":"GET","url":"/v1/properties/3ab87d2a-0c78-4fac-aa15-515a733cc3ae/locations","statusCode":200,"requestId":"eee3f190-9b91-4be2-a920-f8d78c645613"}

stdout | src/request-orders.integration.test.ts > request/order lifecycle operations > lets guests list, inspect, and idempotently cancel their own submitted work
{"level":"info","time":"2026-07-28T08:19:31.717Z","service":"api","msg":"request.completed","method":"POST","url":"/v1/properties/3ab87d2a-0c78-4fac-aa15-515a733cc3ae/qr-codes","statusCode":200,"requestId":"81984719-9acc-4ddf-8ce0-23f8baa86da2"}

stdout | src/request-orders.integration.test.ts > request/order lifecycle operations > lets guests list, inspect, and idempotently cancel their own submitted work
{"level":"info","time":"2026-07-28T08:19:31.720Z","service":"api","msg":"request.completed","method":"POST","url":"/v1/guest/sessions","statusCode":200,"requestId":"69f78bde-b409-41fd-ac11-3d814455397e"}

stdout | src/request-orders.integration.test.ts > request/order lifecycle operations > lets guests list, inspect, and idempotently cancel their own submitted work
{"level":"info","time":"2026-07-28T08:19:31.722Z","service":"api","msg":"request.completed","method":"POST","url":"/v1/guest/conversations","statusCode":200,"requestId":"c8f16f14-6f82-4e5e-a391-8b2488e21d8e"}

stdout | src/request-orders.integration.test.ts > request/order lifecycle operations > lets guests list, inspect, and idempotently cancel their own submitted work
{"level":"info","time":"2026-07-28T08:19:31.724Z","service":"api","msg":"request.completed","method":"POST","url":"/v1/guest/request-drafts","statusCode":200,"requestId":"c18a249b-4f28-4669-8191-fb5d3bed66fd"}

stdout | src/request-orders.integration.test.ts > request/order lifecycle operations > lets guests list, inspect, and idempotently cancel their own submitted work
{"level":"info","time":"2026-07-28T08:19:31.728Z","service":"api","msg":"request.completed","method":"POST","url":"/v1/guest/request-drafts/3edb7939-3d36-49f7-a904-cc39460576fc/confirm","statusCode":200,"requestId":"14020c39-e949-4feb-bc90-56f6e2c3e899"}

stdout | src/request-orders.integration.test.ts > request/order lifecycle operations > lets guests list, inspect, and idempotently cancel their own submitted work
{"level":"info","time":"2026-07-28T08:19:31.730Z","service":"api","msg":"request.completed","method":"POST","url":"/v1/guest/conversations","statusCode":200,"requestId":"47a14585-3be3-4a07-b929-7389c6ea839d"}

stdout | src/request-orders.integration.test.ts > request/order lifecycle operations > lets guests list, inspect, and idempotently cancel their own submitted work
{"level":"info","time":"2026-07-28T08:19:31.733Z","service":"api","msg":"request.completed","method":"POST","url":"/v1/guest/order-drafts","statusCode":200,"requestId":"2e3e8391-c65c-4a91-a11d-30adeee2085b"}

stdout | src/request-orders.integration.test.ts > request/order lifecycle operations > lets guests list, inspect, and idempotently cancel their own submitted work
{"level":"info","time":"2026-07-28T08:19:31.737Z","service":"api","msg":"request.completed","method":"POST","url":"/v1/guest/order-drafts/26ac9ebf-401f-4a38-bd2f-e7bd90a2d63f/confirm","statusCode":200,"requestId":"d8ba409c-d26e-41b5-9c21-50c3bf4b6411"}

stdout | src/request-orders.integration.test.ts > request/order lifecycle operations > lets guests list, inspect, and idempotently cancel their own submitted work
{"level":"info","time":"2026-07-28T08:19:31.740Z","service":"api","msg":"request.completed","method":"GET","url":"/v1/guest/requests","statusCode":200,"requestId":"0e5dbb96-7056-49a2-b01b-7f5d18452f6e"}

stdout | src/request-orders.integration.test.ts > request/order lifecycle operations > lets guests list, inspect, and idempotently cancel their own submitted work
{"level":"info","time":"2026-07-28T08:19:31.741Z","service":"api","msg":"request.completed","method":"GET","url":"/v1/guest/orders","statusCode":200,"requestId":"e2d1246b-38d8-4572-8ef7-4883e9ae7a75"}

stdout | src/request-orders.integration.test.ts > request/order lifecycle operations > lets guests list, inspect, and idempotently cancel their own submitted work
{"level":"info","time":"2026-07-28T08:19:31.743Z","service":"api","msg":"request.completed","method":"POST","url":"/v1/guest/sessions","statusCode":200,"requestId":"8793ecc1-e6b4-4443-b906-9a272884bcd7"}

stdout | src/request-orders.integration.test.ts > request/order lifecycle operations > lets guests list, inspect, and idempotently cancel their own submitted work
{"level":"info","time":"2026-07-28T08:19:31.745Z","service":"api","msg":"request.completed","method":"GET","url":"/v1/guest/requests","statusCode":200,"requestId":"e024eb82-1ff6-4cf7-ad17-8f9e082ae8e6"}

stdout | src/request-orders.integration.test.ts > request/order lifecycle operations > lets guests list, inspect, and idempotently cancel their own submitted work
{"level":"info","time":"2026-07-28T08:19:31.747Z","service":"api","msg":"request.completed","method":"GET","url":"/v1/guest/requests/02d57f5c-9f7b-4682-bc62-84c50b4818a9","statusCode":200,"requestId":"a580c3e4-a972-4743-8f2b-aa37d6062386"}

stdout | src/request-orders.integration.test.ts > request/order lifecycle operations > lets guests list, inspect, and idempotently cancel their own submitted work
{"level":"info","time":"2026-07-28T08:19:31.956Z","service":"api","msg":"request.completed","method":"POST","url":"/v1/auth/login","statusCode":200,"requestId":"b6d5e173-026d-44a4-a82b-8149bb1375f8"}

stdout | src/request-orders.integration.test.ts > request/order lifecycle operations > lets guests list, inspect, and idempotently cancel their own submitted work
{"level":"info","time":"2026-07-28T08:19:31.958Z","service":"api","msg":"request.completed","method":"GET","url":"/v1/properties?organizationId=d215a186-f84d-4c7c-b75a-3189969999c2","statusCode":200,"requestId":"16bf8370-7bb0-45be-8978-e2ce1d4acfc6"}

stdout | src/request-orders.integration.test.ts > request/order lifecycle operations > lets guests list, inspect, and idempotently cancel their own submitted work
{"level":"info","time":"2026-07-28T08:19:31.960Z","service":"api","msg":"request.completed","method":"GET","url":"/v1/properties/3ab87d2a-0c78-4fac-aa15-515a733cc3ae/locations","statusCode":200,"requestId":"d8200697-b419-43ed-ac17-d34a560d4dc4"}

stdout | src/request-orders.integration.test.ts > request/order lifecycle operations > lets guests list, inspect, and idempotently cancel their own submitted work
{"level":"info","time":"2026-07-28T08:19:31.964Z","service":"api","msg":"request.completed","method":"POST","url":"/v1/properties/3ab87d2a-0c78-4fac-aa15-515a733cc3ae/qr-codes","statusCode":200,"requestId":"a6a1a651-dda8-43d2-a5ac-12412ee9cb83"}

stdout | src/request-orders.integration.test.ts > request/order lifecycle operations > lets guests list, inspect, and idempotently cancel their own submitted work
{"level":"info","time":"2026-07-28T08:19:31.966Z","service":"api","msg":"request.completed","method":"POST","url":"/v1/guest/sessions","statusCode":200,"requestId":"c59ecd5a-8279-467c-891d-c6027db2383d"}

stdout | src/request-orders.integration.test.ts > request/order lifecycle operations > lets guests list, inspect, and idempotently cancel their own submitted work
{"level":"info","time":"2026-07-28T08:19:31.968Z","service":"api","msg":"request.completed","method":"GET","url":"/v1/guest/orders/9bdff444-ab08-486e-9253-c6f0c33670df","statusCode":404,"requestId":"9f56bb4f-76e3-412c-b363-398934ffd408"}

stdout | src/request-orders.integration.test.ts > request/order lifecycle operations > lets guests list, inspect, and idempotently cancel their own submitted work
{"level":"info","time":"2026-07-28T08:19:31.972Z","service":"api","msg":"request.completed","method":"POST","url":"/v1/guest/requests/02d57f5c-9f7b-4682-bc62-84c50b4818a9/cancel","statusCode":200,"requestId":"967c4c9a-9722-4e70-8a53-4c06de4e8a84"}

stdout | src/request-orders.integration.test.ts > request/order lifecycle operations > lets guests list, inspect, and idempotently cancel their own submitted work
{"level":"info","time":"2026-07-28T08:19:31.974Z","service":"api","msg":"request.completed","method":"POST","url":"/v1/guest/requests/02d57f5c-9f7b-4682-bc62-84c50b4818a9/cancel","statusCode":200,"requestId":"07a683e8-ea14-4bb2-947f-01e4d66a5fcd"}

stdout | src/request-orders.integration.test.ts > request/order lifecycle operations > lets guests cancel submitted orders without creating duplicate transitions
{"level":"info","time":"2026-07-28T08:19:32.210Z","service":"api","msg":"request.completed","method":"POST","url":"/v1/auth/login","statusCode":200,"requestId":"2553b70e-79d2-4051-af21-1a1bbccbd42f"}

stdout | src/request-orders.integration.test.ts > request/order lifecycle operations > lets guests cancel submitted orders without creating duplicate transitions
{"level":"info","time":"2026-07-28T08:19:32.212Z","service":"api","msg":"request.completed","method":"GET","url":"/v1/properties?organizationId=d215a186-f84d-4c7c-b75a-3189969999c2","statusCode":200,"requestId":"59845e3c-b792-4212-84c9-f0adf8050f3f"}

stdout | src/request-orders.integration.test.ts > request/order lifecycle operations > lets guests cancel submitted orders without creating duplicate transitions
{"level":"info","time":"2026-07-28T08:19:32.214Z","service":"api","msg":"request.completed","method":"GET","url":"/v1/properties/3ab87d2a-0c78-4fac-aa15-515a733cc3ae/locations","statusCode":200,"requestId":"3f63e9c2-6641-4159-acff-111ed033afe9"}

stdout | src/request-orders.integration.test.ts > request/order lifecycle operations > lets guests cancel submitted orders without creating duplicate transitions
{"level":"info","time":"2026-07-28T08:19:32.217Z","service":"api","msg":"request.completed","method":"POST","url":"/v1/properties/3ab87d2a-0c78-4fac-aa15-515a733cc3ae/qr-codes","statusCode":200,"requestId":"6e1a69f1-4cdb-41a3-a3b2-b7f708ed5595"}

stdout | src/request-orders.integration.test.ts > request/order lifecycle operations > lets guests cancel submitted orders without creating duplicate transitions
{"level":"info","time":"2026-07-28T08:19:32.219Z","service":"api","msg":"request.completed","method":"POST","url":"/v1/guest/sessions","statusCode":200,"requestId":"474c2c69-50dc-4f7d-b02a-36e47936b389"}

stdout | src/request-orders.integration.test.ts > request/order lifecycle operations > lets guests cancel submitted orders without creating duplicate transitions
{"level":"info","time":"2026-07-28T08:19:32.222Z","service":"api","msg":"request.completed","method":"POST","url":"/v1/guest/conversations","statusCode":200,"requestId":"f81f0fba-a8ac-457b-b63d-79c8283846ec"}

stdout | src/request-orders.integration.test.ts > request/order lifecycle operations > lets guests cancel submitted orders without creating duplicate transitions
{"level":"info","time":"2026-07-28T08:19:32.224Z","service":"api","msg":"request.completed","method":"POST","url":"/v1/guest/order-drafts","statusCode":200,"requestId":"658453fe-9466-4a10-8c45-ae18a9d51c9d"}

stdout | src/request-orders.integration.test.ts > request/order lifecycle operations > lets guests cancel submitted orders without creating duplicate transitions
{"level":"info","time":"2026-07-28T08:19:32.228Z","service":"api","msg":"request.completed","method":"POST","url":"/v1/guest/order-drafts/ed91470d-5df2-43cc-8d14-9e520af0f46f/confirm","statusCode":200,"requestId":"4049de6f-ca2a-44e7-a24a-84ea94b247ff"}

stdout | src/request-orders.integration.test.ts > request/order lifecycle operations > lets guests cancel submitted orders without creating duplicate transitions
{"level":"info","time":"2026-07-28T08:19:32.232Z","service":"api","msg":"request.completed","method":"POST","url":"/v1/guest/orders/f82e3168-f20e-4cf0-a08f-0cf7b992367b/cancel","statusCode":200,"requestId":"61a5706d-a256-499c-87ba-66772ff31e56"}

stdout | src/request-orders.integration.test.ts > request/order lifecycle operations > lets guests cancel submitted orders without creating duplicate transitions
{"level":"info","time":"2026-07-28T08:19:32.233Z","service":"api","msg":"request.completed","method":"POST","url":"/v1/guest/orders/f82e3168-f20e-4cf0-a08f-0cf7b992367b/cancel","statusCode":200,"requestId":"f69bf515-3953-4175-92ca-a935ddd72b27"}

stdout | src/request-orders.integration.test.ts > request/order lifecycle operations > lists staff inbox items with details only for assigned properties
{"level":"info","time":"2026-07-28T08:19:32.444Z","service":"api","msg":"request.completed","method":"POST","url":"/v1/auth/login","statusCode":200,"requestId":"35480217-174b-4884-b2c8-8f06408870c9"}

stdout | src/request-orders.integration.test.ts > request/order lifecycle operations > lists staff inbox items with details only for assigned properties
{"level":"info","time":"2026-07-28T08:19:32.652Z","service":"api","msg":"request.completed","method":"POST","url":"/v1/auth/login","statusCode":200,"requestId":"e3a50fa5-505e-4c88-a2f9-1522470ea1a1"}

stdout | src/request-orders.integration.test.ts > request/order lifecycle operations > lists staff inbox items with details only for assigned properties
{"level":"info","time":"2026-07-28T08:19:32.874Z","service":"api","msg":"request.completed","method":"POST","url":"/v1/auth/login","statusCode":200,"requestId":"989efb84-5f0e-41e9-8fe1-b6ff8bcb6bc5"}

stdout | src/request-orders.integration.test.ts > request/order lifecycle operations > lists staff inbox items with details only for assigned properties
{"level":"info","time":"2026-07-28T08:19:32.875Z","service":"api","msg":"request.completed","method":"GET","url":"/v1/properties?organizationId=d215a186-f84d-4c7c-b75a-3189969999c2","statusCode":200,"requestId":"25b7a926-8264-45ca-a43e-0e77ab01f14e"}

stdout | src/request-orders.integration.test.ts > request/order lifecycle operations > lists staff inbox items with details only for assigned properties
{"level":"info","time":"2026-07-28T08:19:32.877Z","service":"api","msg":"request.completed","method":"GET","url":"/v1/properties/3ab87d2a-0c78-4fac-aa15-515a733cc3ae/locations","statusCode":200,"requestId":"a2dadf64-1dc3-46d0-9f9b-59a28725d9ad"}

stdout | src/request-orders.integration.test.ts > request/order lifecycle operations > lists staff inbox items with details only for assigned properties
{"level":"info","time":"2026-07-28T08:19:32.881Z","service":"api","msg":"request.completed","method":"POST","url":"/v1/properties/3ab87d2a-0c78-4fac-aa15-515a733cc3ae/qr-codes","statusCode":200,"requestId":"b725b2c4-7d2d-4ae4-8a1b-94fd9192c42d"}

stdout | src/request-orders.integration.test.ts > request/order lifecycle operations > lists staff inbox items with details only for assigned properties
{"level":"info","time":"2026-07-28T08:19:32.883Z","service":"api","msg":"request.completed","method":"POST","url":"/v1/guest/sessions","statusCode":200,"requestId":"dc46c35e-81b5-4b7b-9c65-82999a68dc98"}

stdout | src/request-orders.integration.test.ts > request/order lifecycle operations > lists staff inbox items with details only for assigned properties
{"level":"info","time":"2026-07-28T08:19:32.885Z","service":"api","msg":"request.completed","method":"POST","url":"/v1/guest/conversations","statusCode":200,"requestId":"32f138ce-6b96-4d0a-8e67-476e5a11a5b7"}

stdout | src/request-orders.integration.test.ts > request/order lifecycle operations > lists staff inbox items with details only for assigned properties
{"level":"info","time":"2026-07-28T08:19:32.886Z","service":"api","msg":"request.completed","method":"POST","url":"/v1/guest/request-drafts","statusCode":200,"requestId":"df7e6d75-ab68-4ec5-addf-ec5b824ef014"}

stdout | src/request-orders.integration.test.ts > request/order lifecycle operations > lists staff inbox items with details only for assigned properties
{"level":"info","time":"2026-07-28T08:19:32.891Z","service":"api","msg":"request.completed","method":"POST","url":"/v1/guest/request-drafts/11b5dfa4-6cd3-4a3d-892e-2bb62944e2d0/confirm","statusCode":200,"requestId":"ffde27fc-6c7a-40af-972b-74960539d7a1"}

stdout | src/request-orders.integration.test.ts > request/order lifecycle operations > lists staff inbox items with details only for assigned properties
{"level":"info","time":"2026-07-28T08:19:32.892Z","service":"api","msg":"request.completed","method":"POST","url":"/v1/guest/conversations","statusCode":200,"requestId":"09d49437-051b-4531-9f31-7031e8558cf5"}

stdout | src/request-orders.integration.test.ts > request/order lifecycle operations > lists staff inbox items with details only for assigned properties
{"level":"info","time":"2026-07-28T08:19:32.894Z","service":"api","msg":"request.completed","method":"POST","url":"/v1/guest/order-drafts","statusCode":200,"requestId":"5b4ced49-7db3-4e28-9a98-8938b5339768"}

stdout | src/request-orders.integration.test.ts > request/order lifecycle operations > lists staff inbox items with details only for assigned properties
{"level":"info","time":"2026-07-28T08:19:32.899Z","service":"api","msg":"request.completed","method":"POST","url":"/v1/guest/order-drafts/610c7f01-7b84-4a31-8afa-e9dc8da575f2/confirm","statusCode":200,"requestId":"b030f678-bb61-4b8a-9691-4db6f0941ad6"}

stdout | src/request-orders.integration.test.ts > request/order lifecycle operations > lists staff inbox items with details only for assigned properties
{"level":"info","time":"2026-07-28T08:19:32.907Z","service":"api","msg":"request.completed","method":"GET","url":"/v1/staff/work-items?propertyId=3ab87d2a-0c78-4fac-aa15-515a733cc3ae&queue=inbox","statusCode":200,"requestId":"4da9f6a8-ff43-4140-9198-ba06cf1dc7ac"}

stdout | src/request-orders.integration.test.ts > request/order lifecycle operations > lists staff inbox items with details only for assigned properties
{"level":"info","time":"2026-07-28T08:19:32.911Z","service":"api","msg":"request.completed","method":"GET","url":"/v1/staff/requests/988a6628-99c2-42e1-adae-3ef955ef21fb","statusCode":200,"requestId":"95888ad2-01d9-4387-880a-567f482d3c0d"}

stdout | src/request-orders.integration.test.ts > request/order lifecycle operations > lists staff inbox items with details only for assigned properties
{"level":"info","time":"2026-07-28T08:19:32.916Z","service":"api","msg":"request.completed","method":"GET","url":"/v1/staff/orders/f7735c43-0265-4178-8e31-b697c74d3a0f","statusCode":200,"requestId":"20c94222-5994-47b7-8514-614ae7488e1f"}

stdout | src/request-orders.integration.test.ts > request/order lifecycle operations > lists staff inbox items with details only for assigned properties
{"level":"info","time":"2026-07-28T08:19:32.917Z","service":"api","msg":"request.completed","method":"GET","url":"/v1/staff/work-items?propertyId=3ab87d2a-0c78-4fac-aa15-515a733cc3ae&queue=inbox","statusCode":403,"requestId":"35cdd5ed-93b8-4892-b3a3-4b50b7af2e81"}

stdout | src/request-orders.integration.test.ts > request/order lifecycle operations > lists admin operation queues with filters, cursor pagination, detail deep links, and permissions
{"level":"info","time":"2026-07-28T08:19:33.129Z","service":"api","msg":"request.completed","method":"POST","url":"/v1/auth/login","statusCode":200,"requestId":"dd6f6e7c-98b6-43b0-9d7a-27438bd865ea"}

stdout | src/request-orders.integration.test.ts > request/order lifecycle operations > lists admin operation queues with filters, cursor pagination, detail deep links, and permissions
{"level":"info","time":"2026-07-28T08:19:33.346Z","service":"api","msg":"request.completed","method":"POST","url":"/v1/auth/login","statusCode":200,"requestId":"31d3cabb-9477-437d-acbc-db372d164355"}

stdout | src/request-orders.integration.test.ts > request/order lifecycle operations > lists admin operation queues with filters, cursor pagination, detail deep links, and permissions
{"level":"info","time":"2026-07-28T08:19:33.557Z","service":"api","msg":"request.completed","method":"POST","url":"/v1/auth/login","statusCode":200,"requestId":"bba31783-aa39-4c47-b682-38bd045a46c4"}

stdout | src/request-orders.integration.test.ts > request/order lifecycle operations > lists admin operation queues with filters, cursor pagination, detail deep links, and permissions
{"level":"info","time":"2026-07-28T08:19:33.780Z","service":"api","msg":"request.completed","method":"POST","url":"/v1/auth/login","statusCode":200,"requestId":"299ca7bd-1e5f-421f-abb0-8acc5f45c4f6"}

stdout | src/request-orders.integration.test.ts > request/order lifecycle operations > lists admin operation queues with filters, cursor pagination, detail deep links, and permissions
{"level":"info","time":"2026-07-28T08:19:33.782Z","service":"api","msg":"request.completed","method":"GET","url":"/v1/properties?organizationId=d215a186-f84d-4c7c-b75a-3189969999c2","statusCode":200,"requestId":"6e63b869-9532-4c56-a0bd-afe7b4252ee1"}

stdout | src/request-orders.integration.test.ts > request/order lifecycle operations > lists admin operation queues with filters, cursor pagination, detail deep links, and permissions
{"level":"info","time":"2026-07-28T08:19:33.783Z","service":"api","msg":"request.completed","method":"GET","url":"/v1/properties/3ab87d2a-0c78-4fac-aa15-515a733cc3ae/locations","statusCode":200,"requestId":"8789c415-0f6d-43bf-9c10-26349191055f"}

stdout | src/request-orders.integration.test.ts > request/order lifecycle operations > lists admin operation queues with filters, cursor pagination, detail deep links, and permissions
{"level":"info","time":"2026-07-28T08:19:33.786Z","service":"api","msg":"request.completed","method":"POST","url":"/v1/properties/3ab87d2a-0c78-4fac-aa15-515a733cc3ae/qr-codes","statusCode":200,"requestId":"65454e9b-9464-4ac6-a272-12472eb40f41"}

stdout | src/request-orders.integration.test.ts > request/order lifecycle operations > lists admin operation queues with filters, cursor pagination, detail deep links, and permissions
{"level":"info","time":"2026-07-28T08:19:33.788Z","service":"api","msg":"request.completed","method":"POST","url":"/v1/guest/sessions","statusCode":200,"requestId":"402fac31-271b-4724-b8d5-aebc5d8d76fc"}

stdout | src/request-orders.integration.test.ts > request/order lifecycle operations > lists admin operation queues with filters, cursor pagination, detail deep links, and permissions
{"level":"info","time":"2026-07-28T08:19:33.790Z","service":"api","msg":"request.completed","method":"POST","url":"/v1/guest/conversations","statusCode":200,"requestId":"83372076-e0ba-4f14-8d40-e8b955b8d7fe"}

stdout | src/request-orders.integration.test.ts > request/order lifecycle operations > lists admin operation queues with filters, cursor pagination, detail deep links, and permissions
{"level":"info","time":"2026-07-28T08:19:33.791Z","service":"api","msg":"request.completed","method":"POST","url":"/v1/guest/request-drafts","statusCode":200,"requestId":"d7f85a28-1ffa-4b1b-adf6-8a42e921df7a"}

stdout | src/request-orders.integration.test.ts > request/order lifecycle operations > lists admin operation queues with filters, cursor pagination, detail deep links, and permissions
{"level":"info","time":"2026-07-28T08:19:33.795Z","service":"api","msg":"request.completed","method":"POST","url":"/v1/guest/request-drafts/7312b75e-e747-4cdd-b74e-3073921ddfcd/confirm","statusCode":200,"requestId":"0f3971ce-0828-47b9-b782-f4147a58a5f4"}

stdout | src/request-orders.integration.test.ts > request/order lifecycle operations > lists admin operation queues with filters, cursor pagination, detail deep links, and permissions
{"level":"info","time":"2026-07-28T08:19:34.004Z","service":"api","msg":"request.completed","method":"POST","url":"/v1/auth/login","statusCode":200,"requestId":"dfdbb49d-d4fa-4d44-aca5-5eeaf01ad87e"}

stdout | src/request-orders.integration.test.ts > request/order lifecycle operations > lists admin operation queues with filters, cursor pagination, detail deep links, and permissions
{"level":"info","time":"2026-07-28T08:19:34.007Z","service":"api","msg":"request.completed","method":"GET","url":"/v1/properties?organizationId=d215a186-f84d-4c7c-b75a-3189969999c2","statusCode":200,"requestId":"5b08e4d1-fcf5-4ffd-af10-589a30189b83"}

stdout | src/request-orders.integration.test.ts > request/order lifecycle operations > lists admin operation queues with filters, cursor pagination, detail deep links, and permissions
{"level":"info","time":"2026-07-28T08:19:34.009Z","service":"api","msg":"request.completed","method":"GET","url":"/v1/properties/3ab87d2a-0c78-4fac-aa15-515a733cc3ae/locations","statusCode":200,"requestId":"72a45c66-0f68-44c0-b8ca-c4f9873463a2"}

stdout | src/request-orders.integration.test.ts > request/order lifecycle operations > lists admin operation queues with filters, cursor pagination, detail deep links, and permissions
{"level":"info","time":"2026-07-28T08:19:34.012Z","service":"api","msg":"request.completed","method":"POST","url":"/v1/properties/3ab87d2a-0c78-4fac-aa15-515a733cc3ae/qr-codes","statusCode":200,"requestId":"261ad9f5-6553-4a0b-8eae-6f8d58729188"}

stdout | src/request-orders.integration.test.ts > request/order lifecycle operations > lists admin operation queues with filters, cursor pagination, detail deep links, and permissions
{"level":"info","time":"2026-07-28T08:19:34.014Z","service":"api","msg":"request.completed","method":"POST","url":"/v1/guest/sessions","statusCode":200,"requestId":"414edcd9-f039-42f4-a96b-12f0dc484086"}

stdout | src/request-orders.integration.test.ts > request/order lifecycle operations > lists admin operation queues with filters, cursor pagination, detail deep links, and permissions
{"level":"info","time":"2026-07-28T08:19:34.016Z","service":"api","msg":"request.completed","method":"POST","url":"/v1/guest/conversations","statusCode":200,"requestId":"7ea89b68-4592-4df8-aad2-f566e0859123"}

stdout | src/request-orders.integration.test.ts > request/order lifecycle operations > lists admin operation queues with filters, cursor pagination, detail deep links, and permissions
{"level":"info","time":"2026-07-28T08:19:34.018Z","service":"api","msg":"request.completed","method":"POST","url":"/v1/guest/request-drafts","statusCode":200,"requestId":"5eeb1488-f25a-4726-b7bb-266da43c042f"}

stdout | src/request-orders.integration.test.ts > request/order lifecycle operations > lists admin operation queues with filters, cursor pagination, detail deep links, and permissions
{"level":"info","time":"2026-07-28T08:19:34.023Z","service":"api","msg":"request.completed","method":"POST","url":"/v1/guest/request-drafts/cd7b752c-e993-48c8-b12a-96599a6da5be/confirm","statusCode":200,"requestId":"839f194f-c13d-410b-b3ba-e7ec9e30ac70"}

stdout | src/request-orders.integration.test.ts > request/order lifecycle operations > lists admin operation queues with filters, cursor pagination, detail deep links, and permissions
{"level":"info","time":"2026-07-28T08:19:34.231Z","service":"api","msg":"request.completed","method":"POST","url":"/v1/auth/login","statusCode":200,"requestId":"2ab4258a-a1bf-4e3c-83ad-655eb26bd477"}

stdout | src/request-orders.integration.test.ts > request/order lifecycle operations > lists admin operation queues with filters, cursor pagination, detail deep links, and permissions
{"level":"info","time":"2026-07-28T08:19:34.233Z","service":"api","msg":"request.completed","method":"GET","url":"/v1/properties?organizationId=d215a186-f84d-4c7c-b75a-3189969999c2","statusCode":200,"requestId":"5cc8bbfe-3f3d-40a4-8c82-b49d6e966a26"}

stdout | src/request-orders.integration.test.ts > request/order lifecycle operations > lists admin operation queues with filters, cursor pagination, detail deep links, and permissions
{"level":"info","time":"2026-07-28T08:19:34.235Z","service":"api","msg":"request.completed","method":"GET","url":"/v1/properties/3ab87d2a-0c78-4fac-aa15-515a733cc3ae/locations","statusCode":200,"requestId":"05d3c2b8-ab36-4610-aaab-761b1c42634e"}

stdout | src/request-orders.integration.test.ts > request/order lifecycle operations > lists admin operation queues with filters, cursor pagination, detail deep links, and permissions
{"level":"info","time":"2026-07-28T08:19:34.238Z","service":"api","msg":"request.completed","method":"POST","url":"/v1/properties/3ab87d2a-0c78-4fac-aa15-515a733cc3ae/qr-codes","statusCode":200,"requestId":"851281e7-6e6c-4b39-93e8-00473183cd1e"}

stdout | src/request-orders.integration.test.ts > request/order lifecycle operations > lists admin operation queues with filters, cursor pagination, detail deep links, and permissions
{"level":"info","time":"2026-07-28T08:19:34.240Z","service":"api","msg":"request.completed","method":"POST","url":"/v1/guest/sessions","statusCode":200,"requestId":"22105ef4-4db4-4a2a-b47b-d03d588f3dde"}

stdout | src/request-orders.integration.test.ts > request/order lifecycle operations > lists admin operation queues with filters, cursor pagination, detail deep links, and permissions
{"level":"info","time":"2026-07-28T08:19:34.241Z","service":"api","msg":"request.completed","method":"POST","url":"/v1/guest/conversations","statusCode":200,"requestId":"91e69e3f-58b4-4d20-bce0-df22a2d366c3"}

stdout | src/request-orders.integration.test.ts > request/order lifecycle operations > lists admin operation queues with filters, cursor pagination, detail deep links, and permissions
{"level":"info","time":"2026-07-28T08:19:34.244Z","service":"api","msg":"request.completed","method":"POST","url":"/v1/guest/request-drafts","statusCode":200,"requestId":"0bac466c-1a65-408e-9af5-e77836674acc"}

stdout | src/request-orders.integration.test.ts > request/order lifecycle operations > lists admin operation queues with filters, cursor pagination, detail deep links, and permissions
{"level":"info","time":"2026-07-28T08:19:34.249Z","service":"api","msg":"request.completed","method":"POST","url":"/v1/guest/request-drafts/1a41f374-11ff-4b3a-835d-0a6178d79cbb/confirm","statusCode":200,"requestId":"8bb1376c-ea98-4b61-aad8-8ff6dd598d26"}

stdout | src/request-orders.integration.test.ts > request/order lifecycle operations > lists admin operation queues with filters, cursor pagination, detail deep links, and permissions
{"level":"info","time":"2026-07-28T08:19:34.458Z","service":"api","msg":"request.completed","method":"POST","url":"/v1/auth/login","statusCode":200,"requestId":"af760fe0-5698-4775-8069-780dd239707c"}

stdout | src/request-orders.integration.test.ts > request/order lifecycle operations > lists admin operation queues with filters, cursor pagination, detail deep links, and permissions
{"level":"info","time":"2026-07-28T08:19:34.460Z","service":"api","msg":"request.completed","method":"GET","url":"/v1/properties?organizationId=d215a186-f84d-4c7c-b75a-3189969999c2","statusCode":200,"requestId":"728ca553-b306-44be-a98e-ea0b9150cb1a"}

stdout | src/request-orders.integration.test.ts > request/order lifecycle operations > lists admin operation queues with filters, cursor pagination, detail deep links, and permissions
{"level":"info","time":"2026-07-28T08:19:34.462Z","service":"api","msg":"request.completed","method":"GET","url":"/v1/properties/3ab87d2a-0c78-4fac-aa15-515a733cc3ae/locations","statusCode":200,"requestId":"0e9ca0c8-9a0b-4e9c-856a-d193c3e49e8e"}

stdout | src/request-orders.integration.test.ts > request/order lifecycle operations > lists admin operation queues with filters, cursor pagination, detail deep links, and permissions
{"level":"info","time":"2026-07-28T08:19:34.465Z","service":"api","msg":"request.completed","method":"POST","url":"/v1/properties/3ab87d2a-0c78-4fac-aa15-515a733cc3ae/qr-codes","statusCode":200,"requestId":"39da47fe-dc32-4a1a-8593-4f1ecfec1e9b"}

stdout | src/request-orders.integration.test.ts > request/order lifecycle operations > lists admin operation queues with filters, cursor pagination, detail deep links, and permissions
{"level":"info","time":"2026-07-28T08:19:34.467Z","service":"api","msg":"request.completed","method":"POST","url":"/v1/guest/sessions","statusCode":200,"requestId":"9027d887-60cc-4409-a5d6-f57727376940"}

stdout | src/request-orders.integration.test.ts > request/order lifecycle operations > lists admin operation queues with filters, cursor pagination, detail deep links, and permissions
{"level":"info","time":"2026-07-28T08:19:34.469Z","service":"api","msg":"request.completed","method":"POST","url":"/v1/guest/conversations","statusCode":200,"requestId":"f5183c0e-fc87-4b4a-8767-d9993a390599"}

stdout | src/request-orders.integration.test.ts > request/order lifecycle operations > lists admin operation queues with filters, cursor pagination, detail deep links, and permissions
{"level":"info","time":"2026-07-28T08:19:34.472Z","service":"api","msg":"request.completed","method":"POST","url":"/v1/guest/request-drafts","statusCode":200,"requestId":"bd5d8b41-0039-4cad-bdae-e72d44b542a2"}

stdout | src/request-orders.integration.test.ts > request/order lifecycle operations > lists admin operation queues with filters, cursor pagination, detail deep links, and permissions
{"level":"info","time":"2026-07-28T08:19:34.476Z","service":"api","msg":"request.completed","method":"POST","url":"/v1/guest/request-drafts/d70d473d-e37c-4cbe-9e6f-8147ca70df30/confirm","statusCode":200,"requestId":"019b74c9-1ca2-488b-9296-7ea7bf68e867"}

stdout | src/request-orders.integration.test.ts > request/order lifecycle operations > lists admin operation queues with filters, cursor pagination, detail deep links, and permissions
{"level":"info","time":"2026-07-28T08:19:34.688Z","service":"api","msg":"request.completed","method":"POST","url":"/v1/auth/login","statusCode":200,"requestId":"bf383af1-9cfb-4c01-a83e-31937faa5468"}

stdout | src/request-orders.integration.test.ts > request/order lifecycle operations > lists admin operation queues with filters, cursor pagination, detail deep links, and permissions
{"level":"info","time":"2026-07-28T08:19:34.690Z","service":"api","msg":"request.completed","method":"GET","url":"/v1/properties?organizationId=d215a186-f84d-4c7c-b75a-3189969999c2","statusCode":200,"requestId":"90932c6c-49e0-4511-a184-131e9ed628d3"}

stdout | src/request-orders.integration.test.ts > request/order lifecycle operations > lists admin operation queues with filters, cursor pagination, detail deep links, and permissions
{"level":"info","time":"2026-07-28T08:19:34.692Z","service":"api","msg":"request.completed","method":"GET","url":"/v1/properties/3ab87d2a-0c78-4fac-aa15-515a733cc3ae/locations","statusCode":200,"requestId":"3f17b66a-b4ee-4da5-9881-ece0d95134ff"}

stdout | src/request-orders.integration.test.ts > request/order lifecycle operations > lists admin operation queues with filters, cursor pagination, detail deep links, and permissions
{"level":"info","time":"2026-07-28T08:19:34.696Z","service":"api","msg":"request.completed","method":"POST","url":"/v1/properties/3ab87d2a-0c78-4fac-aa15-515a733cc3ae/qr-codes","statusCode":200,"requestId":"a1d2875c-cf3a-4d4d-b67e-19c05a5b3a9b"}

stdout | src/request-orders.integration.test.ts > request/order lifecycle operations > lists admin operation queues with filters, cursor pagination, detail deep links, and permissions
{"level":"info","time":"2026-07-28T08:19:34.698Z","service":"api","msg":"request.completed","method":"POST","url":"/v1/guest/sessions","statusCode":200,"requestId":"257b8305-03cd-45d3-9fef-0adc54e461c3"}

stdout | src/request-orders.integration.test.ts > request/order lifecycle operations > lists admin operation queues with filters, cursor pagination, detail deep links, and permissions
{"level":"info","time":"2026-07-28T08:19:34.700Z","service":"api","msg":"request.completed","method":"POST","url":"/v1/guest/conversations","statusCode":200,"requestId":"fd6968d2-26f8-41ca-9b6e-f69a43c3482a"}

stdout | src/request-orders.integration.test.ts > request/order lifecycle operations > lists admin operation queues with filters, cursor pagination, detail deep links, and permissions
{"level":"info","time":"2026-07-28T08:19:34.703Z","service":"api","msg":"request.completed","method":"POST","url":"/v1/guest/request-drafts","statusCode":200,"requestId":"002538d0-993e-41e8-aa5c-b286b9e1583e"}

stdout | src/request-orders.integration.test.ts > request/order lifecycle operations > lists admin operation queues with filters, cursor pagination, detail deep links, and permissions
{"level":"info","time":"2026-07-28T08:19:34.707Z","service":"api","msg":"request.completed","method":"POST","url":"/v1/guest/request-drafts/98729aab-ba04-452f-a04e-a13ce8c5f843/confirm","statusCode":200,"requestId":"b8d8d2aa-1aea-47a4-87ef-55f9ed70730b"}

stdout | src/request-orders.integration.test.ts > request/order lifecycle operations > lists admin operation queues with filters, cursor pagination, detail deep links, and permissions
{"level":"info","time":"2026-07-28T08:19:34.921Z","service":"api","msg":"request.completed","method":"POST","url":"/v1/auth/login","statusCode":200,"requestId":"6412aae1-2b34-4725-92d0-03ad386bc79f"}

stdout | src/request-orders.integration.test.ts > request/order lifecycle operations > lists admin operation queues with filters, cursor pagination, detail deep links, and permissions
{"level":"info","time":"2026-07-28T08:19:34.923Z","service":"api","msg":"request.completed","method":"GET","url":"/v1/properties?organizationId=d215a186-f84d-4c7c-b75a-3189969999c2","statusCode":200,"requestId":"066e67e0-8f09-4a0a-a8d9-c64c90d58e8e"}

stdout | src/request-orders.integration.test.ts > request/order lifecycle operations > lists admin operation queues with filters, cursor pagination, detail deep links, and permissions
{"level":"info","time":"2026-07-28T08:19:34.925Z","service":"api","msg":"request.completed","method":"GET","url":"/v1/properties/3ab87d2a-0c78-4fac-aa15-515a733cc3ae/locations","statusCode":200,"requestId":"d7fb6819-0019-4e61-8901-ab3628103ccc"}

stdout | src/request-orders.integration.test.ts > request/order lifecycle operations > lists admin operation queues with filters, cursor pagination, detail deep links, and permissions
{"level":"info","time":"2026-07-28T08:19:34.928Z","service":"api","msg":"request.completed","method":"POST","url":"/v1/properties/3ab87d2a-0c78-4fac-aa15-515a733cc3ae/qr-codes","statusCode":200,"requestId":"be509841-a947-4e9d-bdb7-e929dcad5489"}

stdout | src/request-orders.integration.test.ts > request/order lifecycle operations > lists admin operation queues with filters, cursor pagination, detail deep links, and permissions
{"level":"info","time":"2026-07-28T08:19:34.930Z","service":"api","msg":"request.completed","method":"POST","url":"/v1/guest/sessions","statusCode":200,"requestId":"b8c133a0-59d9-4cc9-9eef-751093501236"}

stdout | src/request-orders.integration.test.ts > request/order lifecycle operations > lists admin operation queues with filters, cursor pagination, detail deep links, and permissions
{"level":"info","time":"2026-07-28T08:19:34.932Z","service":"api","msg":"request.completed","method":"POST","url":"/v1/guest/conversations","statusCode":200,"requestId":"c3b32027-4ad1-4202-9086-c148d2679a1d"}

stdout | src/request-orders.integration.test.ts > request/order lifecycle operations > lists admin operation queues with filters, cursor pagination, detail deep links, and permissions
{"level":"info","time":"2026-07-28T08:19:34.934Z","service":"api","msg":"request.completed","method":"POST","url":"/v1/guest/request-drafts","statusCode":200,"requestId":"10b08624-e24b-4ef7-aede-0d549a5d1bc4"}

stdout | src/request-orders.integration.test.ts > request/order lifecycle operations > lists admin operation queues with filters, cursor pagination, detail deep links, and permissions
{"level":"info","time":"2026-07-28T08:19:34.938Z","service":"api","msg":"request.completed","method":"POST","url":"/v1/guest/request-drafts/512384a8-c05d-4d37-8f40-3b5cce7886e9/confirm","statusCode":200,"requestId":"d34d734f-a82b-4b04-9c65-96085a63b2b0"}

stdout | src/request-orders.integration.test.ts > request/order lifecycle operations > lists admin operation queues with filters, cursor pagination, detail deep links, and permissions
{"level":"info","time":"2026-07-28T08:19:34.942Z","service":"api","msg":"request.completed","method":"GET","url":"/v1/admin/properties/3ab87d2a-0c78-4fac-aa15-515a733cc3ae/operations/requests?status=submitted&limit=5&dateFrom=2026-07-28T08%3A19%3A33.557Z&dateTo=2026-07-28T08%3A20%3A34.938Z","statusCode":200,"requestId":"8e832564-d360-44c5-9182-85bdd9039cdf"}

stdout | src/request-orders.integration.test.ts > request/order lifecycle operations > lists admin operation queues with filters, cursor pagination, detail deep links, and permissions
{"level":"info","time":"2026-07-28T08:19:34.948Z","service":"api","msg":"request.completed","method":"GET","url":"/v1/admin/properties/3ab87d2a-0c78-4fac-aa15-515a733cc3ae/operations/requests?status=submitted&limit=5&cursor=eyJzdWJtaXR0ZWRBdCI6IjIwMjYtMDctMjhUMDg6MTk6MzQuMDE5WiIsImlkIjoiYTQ2ZTFhY2QtY2ZlMC00NWUzLWE5NWQtNTFjYTFmNmVmZWFhIn0","statusCode":200,"requestId":"5db44dbc-fa75-4b79-b7a1-f04c603e8191"}

stdout | src/request-orders.integration.test.ts > request/order lifecycle operations > lists admin operation queues with filters, cursor pagination, detail deep links, and permissions
{"level":"info","time":"2026-07-28T08:19:34.953Z","service":"api","msg":"request.completed","method":"GET","url":"/v1/admin/properties/3ab87d2a-0c78-4fac-aa15-515a733cc3ae/operations/requests/c02b0d32-c4a1-4415-8697-8da94eb54b9c","statusCode":200,"requestId":"197705f8-0e75-47ef-985f-333f3e3915b6"}

stdout | src/request-orders.integration.test.ts > request/order lifecycle operations > lists admin operation queues with filters, cursor pagination, detail deep links, and permissions
{"level":"info","time":"2026-07-28T08:19:35.193Z","service":"api","msg":"request.completed","method":"POST","url":"/v1/auth/login","statusCode":200,"requestId":"1f723b63-72c1-49f1-b420-77ef78308978"}

stdout | src/request-orders.integration.test.ts > request/order lifecycle operations > lists admin operation queues with filters, cursor pagination, detail deep links, and permissions
{"level":"info","time":"2026-07-28T08:19:35.196Z","service":"api","msg":"request.completed","method":"GET","url":"/v1/properties?organizationId=d215a186-f84d-4c7c-b75a-3189969999c2","statusCode":200,"requestId":"34c50e28-3161-43fa-9567-748ea2c7b937"}

stdout | src/request-orders.integration.test.ts > request/order lifecycle operations > lists admin operation queues with filters, cursor pagination, detail deep links, and permissions
{"level":"info","time":"2026-07-28T08:19:35.198Z","service":"api","msg":"request.completed","method":"GET","url":"/v1/properties/3ab87d2a-0c78-4fac-aa15-515a733cc3ae/locations","statusCode":200,"requestId":"6c66b925-afcb-451b-bd55-69b946f560a0"}

stdout | src/request-orders.integration.test.ts > request/order lifecycle operations > lists admin operation queues with filters, cursor pagination, detail deep links, and permissions
{"level":"info","time":"2026-07-28T08:19:35.201Z","service":"api","msg":"request.completed","method":"POST","url":"/v1/properties/3ab87d2a-0c78-4fac-aa15-515a733cc3ae/qr-codes","statusCode":200,"requestId":"f32add98-5c93-4a86-bf01-139c03323628"}

stdout | src/request-orders.integration.test.ts > request/order lifecycle operations > lists admin operation queues with filters, cursor pagination, detail deep links, and permissions
{"level":"info","time":"2026-07-28T08:19:35.203Z","service":"api","msg":"request.completed","method":"POST","url":"/v1/guest/sessions","statusCode":200,"requestId":"b322ae51-caf2-4df6-8eed-c9994a739a8a"}

stdout | src/request-orders.integration.test.ts > request/order lifecycle operations > lists admin operation queues with filters, cursor pagination, detail deep links, and permissions
{"level":"info","time":"2026-07-28T08:19:35.205Z","service":"api","msg":"request.completed","method":"POST","url":"/v1/guest/conversations","statusCode":200,"requestId":"907cdfe1-594d-4f25-b745-8ef55f1a765e"}

stdout | src/request-orders.integration.test.ts > request/order lifecycle operations > lists admin operation queues with filters, cursor pagination, detail deep links, and permissions
{"level":"info","time":"2026-07-28T08:19:35.208Z","service":"api","msg":"request.completed","method":"POST","url":"/v1/guest/order-drafts","statusCode":200,"requestId":"61520559-55d5-4274-a5ea-6365e9698c13"}

stdout | src/request-orders.integration.test.ts > request/order lifecycle operations > lists admin operation queues with filters, cursor pagination, detail deep links, and permissions
{"level":"info","time":"2026-07-28T08:19:35.213Z","service":"api","msg":"request.completed","method":"POST","url":"/v1/guest/order-drafts/76fca7c6-1e47-4d0c-b17c-67a5936e600c/confirm","statusCode":200,"requestId":"231cf037-5582-4f0a-8a2a-e2734887eedc"}

stdout | src/request-orders.integration.test.ts > request/order lifecycle operations > lists admin operation queues with filters, cursor pagination, detail deep links, and permissions
{"level":"info","time":"2026-07-28T08:19:35.217Z","service":"api","msg":"request.completed","method":"GET","url":"/v1/admin/properties/3ab87d2a-0c78-4fac-aa15-515a733cc3ae/operations/orders?status=submitted&limit=5","statusCode":200,"requestId":"4fed8591-6c0f-4be6-958c-7058fe3bd7dc"}

stdout | src/request-orders.integration.test.ts > request/order lifecycle operations > lists admin operation queues with filters, cursor pagination, detail deep links, and permissions
{"level":"info","time":"2026-07-28T08:19:35.219Z","service":"api","msg":"request.completed","method":"GET","url":"/v1/admin/properties/3ab87d2a-0c78-4fac-aa15-515a733cc3ae/operations/requests?status=submitted","statusCode":403,"requestId":"52edadba-e27c-48ed-b876-623e74c49a25"}

stdout | src/request-orders.integration.test.ts > request/order lifecycle operations > lists admin operation queues with filters, cursor pagination, detail deep links, and permissions
{"level":"info","time":"2026-07-28T08:19:35.222Z","service":"api","msg":"request.completed","method":"GET","url":"/v1/admin/properties/3ab87d2a-0c78-4fac-aa15-515a733cc3ae/operations/orders?status=submitted","statusCode":403,"requestId":"41ddf9ae-7c50-49b8-951a-5c3589af2448"}

stdout | src/request-orders.integration.test.ts > request/order lifecycle operations > lists admin operation queues with filters, cursor pagination, detail deep links, and permissions
{"level":"info","time":"2026-07-28T08:19:35.235Z","service":"api","msg":"request.completed","method":"GET","url":"/v1/admin/properties/3ab87d2a-0c78-4fac-aa15-515a733cc3ae/operations/requests?cursor=not-a-cursor","statusCode":400,"requestId":"6aa83221-dbf1-4e49-8d24-233110483a5b"}

 ✓ src/request-orders.integration.test.ts (9 tests) 6897ms
   ✓ request/order lifecycle operations > transitions requests with optimistic versioning, history, outbox, and audit  547ms
   ✓ request/order lifecycle operations > atomically claims requests with race safety, optimistic concurrency, permissions, and audit  967ms
   ✓ request/order lifecycle operations > keeps order item and price snapshots immutable after confirmation  460ms
   ✓ request/order lifecycle operations > claims orders once and denies cross-property staff  667ms
   ✓ request/order lifecycle operations > denies staff transitions outside assigned tenant property  441ms
   ✓ request/order lifecycle operations > lets guests list, inspect, and idempotently cancel their own submitted work  473ms
   ✓ request/order lifecycle operations > lists staff inbox items with details only for assigned properties  684ms
   ✓ request/order lifecycle operations > lists admin operation queues with filters, cursor pagination, detail deep links, and permissions  2323ms
stdout | src/conversations.integration.test.ts > guest conversations > persists guest messages in stable conversation order and deduplicates retry ids
{"level":"info","time":"2026-07-28T08:19:36.628Z","service":"api","msg":"request.completed","method":"POST","url":"/v1/auth/login","statusCode":200,"requestId":"2daa890d-18d1-426d-aec3-3357fe9354c7"}

stdout | src/conversations.integration.test.ts > guest conversations > persists guest messages in stable conversation order and deduplicates retry ids
{"level":"info","time":"2026-07-28T08:19:36.635Z","service":"api","msg":"request.completed","method":"GET","url":"/v1/properties?organizationId=d215a186-f84d-4c7c-b75a-3189969999c2","statusCode":200,"requestId":"a710de0f-5723-4349-9f2f-eaaff7c98c49"}

stdout | src/conversations.integration.test.ts > guest conversations > persists guest messages in stable conversation order and deduplicates retry ids
{"level":"info","time":"2026-07-28T08:19:36.640Z","service":"api","msg":"request.completed","method":"GET","url":"/v1/properties/2abbeae8-2e6e-4bf5-8a21-183f057bad82/locations","statusCode":200,"requestId":"98d3695e-164c-46f6-9755-f7dfc41c7b81"}

stdout | src/conversations.integration.test.ts > guest conversations > persists guest messages in stable conversation order and deduplicates retry ids
{"level":"info","time":"2026-07-28T08:19:36.647Z","service":"api","msg":"request.completed","method":"POST","url":"/v1/properties/2abbeae8-2e6e-4bf5-8a21-183f057bad82/qr-codes","statusCode":200,"requestId":"01483c43-9be4-4b88-a872-27cb84174f5f"}

stdout | src/conversations.integration.test.ts > guest conversations > persists guest messages in stable conversation order and deduplicates retry ids
{"level":"info","time":"2026-07-28T08:19:36.651Z","service":"api","msg":"request.completed","method":"POST","url":"/v1/guest/sessions","statusCode":200,"requestId":"b27babaa-2ded-4d05-b46e-1df2e737249e"}

stdout | src/conversations.integration.test.ts > guest conversations > persists guest messages in stable conversation order and deduplicates retry ids
{"level":"info","time":"2026-07-28T08:19:36.655Z","service":"api","msg":"request.completed","method":"POST","url":"/v1/guest/conversations","statusCode":200,"requestId":"0297c598-d637-44b5-8dd1-2fd5987ac2fe"}

stdout | src/conversations.integration.test.ts > guest conversations > persists guest messages in stable conversation order and deduplicates retry ids
{"level":"info","time":"2026-07-28T08:19:36.663Z","service":"api","msg":"request.completed","method":"POST","url":"/v1/guest/conversations/316e5e49-fd2d-46c5-9b0b-7b263dbe605a/messages","statusCode":200,"requestId":"c3289221-1294-468b-b323-d1d72bbab332"}

stdout | src/conversations.integration.test.ts > guest conversations > persists guest messages in stable conversation order and deduplicates retry ids
{"level":"info","time":"2026-07-28T08:19:36.665Z","service":"api","msg":"request.completed","method":"POST","url":"/v1/guest/conversations/316e5e49-fd2d-46c5-9b0b-7b263dbe605a/messages","statusCode":200,"requestId":"4ea8708a-f892-4a0f-adc1-8290ec792448"}

stdout | src/conversations.integration.test.ts > guest conversations > persists guest messages in stable conversation order and deduplicates retry ids
{"level":"info","time":"2026-07-28T08:19:36.669Z","service":"api","msg":"request.completed","method":"POST","url":"/v1/guest/conversations/316e5e49-fd2d-46c5-9b0b-7b263dbe605a/messages","statusCode":200,"requestId":"a9a8754d-e51e-411a-be68-70dfede5e01c"}

stdout | src/conversations.integration.test.ts > guest conversations > persists guest messages in stable conversation order and deduplicates retry ids
{"level":"info","time":"2026-07-28T08:19:36.672Z","service":"api","msg":"request.completed","method":"GET","url":"/v1/guest/conversations/316e5e49-fd2d-46c5-9b0b-7b263dbe605a","statusCode":200,"requestId":"2b65147b-9c4f-43f4-a55b-4410d6322a13"}

stdout | src/conversations.integration.test.ts > guest conversations > isolates conversations by guest session and tenant scope
{"level":"info","time":"2026-07-28T08:19:36.953Z","service":"api","msg":"request.completed","method":"POST","url":"/v1/auth/login","statusCode":200,"requestId":"5a4d1e18-743d-4655-b654-c280e507d77d"}

stdout | src/conversations.integration.test.ts > guest conversations > isolates conversations by guest session and tenant scope
{"level":"info","time":"2026-07-28T08:19:36.955Z","service":"api","msg":"request.completed","method":"GET","url":"/v1/properties?organizationId=d215a186-f84d-4c7c-b75a-3189969999c2","statusCode":200,"requestId":"ca0c7bad-393a-4867-b801-1fd1873356bf"}

stdout | src/conversations.integration.test.ts > guest conversations > isolates conversations by guest session and tenant scope
{"level":"info","time":"2026-07-28T08:19:36.957Z","service":"api","msg":"request.completed","method":"GET","url":"/v1/properties/2abbeae8-2e6e-4bf5-8a21-183f057bad82/locations","statusCode":200,"requestId":"f6d5b1a1-ec16-4808-bfd4-0e82ab6f5345"}

stdout | src/conversations.integration.test.ts > guest conversations > isolates conversations by guest session and tenant scope
{"level":"info","time":"2026-07-28T08:19:36.962Z","service":"api","msg":"request.completed","method":"POST","url":"/v1/properties/2abbeae8-2e6e-4bf5-8a21-183f057bad82/qr-codes","statusCode":200,"requestId":"6be0316e-9ed0-4e11-aeaa-571d4a94fb59"}

stdout | src/conversations.integration.test.ts > guest conversations > isolates conversations by guest session and tenant scope
{"level":"info","time":"2026-07-28T08:19:36.964Z","service":"api","msg":"request.completed","method":"POST","url":"/v1/guest/sessions","statusCode":200,"requestId":"3d59ebaf-977f-4a09-8739-df548bf6ef6b"}

stdout | src/conversations.integration.test.ts > guest conversations > isolates conversations by guest session and tenant scope
{"level":"info","time":"2026-07-28T08:19:37.188Z","service":"api","msg":"request.completed","method":"POST","url":"/v1/auth/login","statusCode":200,"requestId":"2cb73021-1df9-4631-b07e-e6f262582379"}

stdout | src/conversations.integration.test.ts > guest conversations > isolates conversations by guest session and tenant scope
{"level":"info","time":"2026-07-28T08:19:37.191Z","service":"api","msg":"request.completed","method":"GET","url":"/v1/properties?organizationId=d215a186-f84d-4c7c-b75a-3189969999c2","statusCode":200,"requestId":"628ac6ce-40fc-42b0-be4e-9082d375ba2a"}

stdout | src/conversations.integration.test.ts > guest conversations > isolates conversations by guest session and tenant scope
{"level":"info","time":"2026-07-28T08:19:37.194Z","service":"api","msg":"request.completed","method":"GET","url":"/v1/properties/2abbeae8-2e6e-4bf5-8a21-183f057bad82/locations","statusCode":200,"requestId":"36e622a8-3e6f-415c-be36-5ed17820afba"}

stdout | src/conversations.integration.test.ts > guest conversations > isolates conversations by guest session and tenant scope
{"level":"info","time":"2026-07-28T08:19:37.198Z","service":"api","msg":"request.completed","method":"POST","url":"/v1/properties/2abbeae8-2e6e-4bf5-8a21-183f057bad82/qr-codes","statusCode":200,"requestId":"fff83b46-350b-4d67-b267-f5ce4fd3828c"}

stdout | src/conversations.integration.test.ts > guest conversations > isolates conversations by guest session and tenant scope
{"level":"info","time":"2026-07-28T08:19:37.200Z","service":"api","msg":"request.completed","method":"POST","url":"/v1/guest/sessions","statusCode":200,"requestId":"cad9510a-8eff-4449-88a9-b209523d9e9d"}

stdout | src/conversations.integration.test.ts > guest conversations > isolates conversations by guest session and tenant scope
{"level":"info","time":"2026-07-28T08:19:37.433Z","service":"api","msg":"request.completed","method":"POST","url":"/v1/auth/login","statusCode":200,"requestId":"03f110ad-8c9d-4bcf-97d4-a7720a312f35"}

stdout | src/conversations.integration.test.ts > guest conversations > isolates conversations by guest session and tenant scope
{"level":"info","time":"2026-07-28T08:19:37.435Z","service":"api","msg":"request.completed","method":"GET","url":"/v1/properties?organizationId=67e4e9e6-f0b4-4e7f-a247-674a503d4ba6","statusCode":200,"requestId":"0875bd45-cae2-4ae4-aa52-a5593f4793a8"}

stdout | src/conversations.integration.test.ts > guest conversations > isolates conversations by guest session and tenant scope
{"level":"info","time":"2026-07-28T08:19:37.438Z","service":"api","msg":"request.completed","method":"GET","url":"/v1/properties/8efde0b2-790a-49cd-8a14-20be5b6b29b1/locations","statusCode":200,"requestId":"b8adc31e-068c-4eb5-ba4d-af9237242f35"}

stdout | src/conversations.integration.test.ts > guest conversations > isolates conversations by guest session and tenant scope
{"level":"info","time":"2026-07-28T08:19:37.441Z","service":"api","msg":"request.completed","method":"POST","url":"/v1/properties/8efde0b2-790a-49cd-8a14-20be5b6b29b1/qr-codes","statusCode":200,"requestId":"cce75abf-36d7-449f-949d-9a3801872e2a"}

stdout | src/conversations.integration.test.ts > guest conversations > isolates conversations by guest session and tenant scope
{"level":"info","time":"2026-07-28T08:19:37.443Z","service":"api","msg":"request.completed","method":"POST","url":"/v1/guest/sessions","statusCode":200,"requestId":"5ab42f26-80c4-488c-8f82-1a751cbb054e"}

stdout | src/conversations.integration.test.ts > guest conversations > isolates conversations by guest session and tenant scope
{"level":"info","time":"2026-07-28T08:19:37.445Z","service":"api","msg":"request.completed","method":"POST","url":"/v1/guest/conversations","statusCode":200,"requestId":"46279a33-c9d2-4260-82f6-06c5ecd17ce9"}

stdout | src/conversations.integration.test.ts > guest conversations > isolates conversations by guest session and tenant scope
{"level":"info","time":"2026-07-28T08:19:37.447Z","service":"api","msg":"request.completed","method":"GET","url":"/v1/guest/conversations/e2c9b58d-a19c-4cbe-be5d-4345801e4f6b","statusCode":404,"requestId":"6b129043-6fd4-4963-8e4d-2ff1b16efcec"}

stdout | src/conversations.integration.test.ts > guest conversations > isolates conversations by guest session and tenant scope
{"level":"info","time":"2026-07-28T08:19:37.449Z","service":"api","msg":"request.completed","method":"POST","url":"/v1/guest/conversations/e2c9b58d-a19c-4cbe-be5d-4345801e4f6b/messages","statusCode":404,"requestId":"6d465e16-0844-4a35-adaf-29cb1d4f584e"}

stdout | src/conversations.integration.test.ts > guest conversations > enforces explicit transcript retention expiry
{"level":"info","time":"2026-07-28T08:19:37.679Z","service":"api","msg":"request.completed","method":"POST","url":"/v1/auth/login","statusCode":200,"requestId":"17a929c4-cdf1-4b08-8b20-f6eb56f4e820"}

stdout | src/conversations.integration.test.ts > guest conversations > enforces explicit transcript retention expiry
{"level":"info","time":"2026-07-28T08:19:37.681Z","service":"api","msg":"request.completed","method":"GET","url":"/v1/properties?organizationId=d215a186-f84d-4c7c-b75a-3189969999c2","statusCode":200,"requestId":"e11000e7-422f-4800-93cc-e41f33f28235"}

stdout | src/conversations.integration.test.ts > guest conversations > enforces explicit transcript retention expiry
{"level":"info","time":"2026-07-28T08:19:37.683Z","service":"api","msg":"request.completed","method":"GET","url":"/v1/properties/2abbeae8-2e6e-4bf5-8a21-183f057bad82/locations","statusCode":200,"requestId":"228dd3fb-3189-4416-a4c1-02e4d7a010b8"}

stdout | src/conversations.integration.test.ts > guest conversations > enforces explicit transcript retention expiry
{"level":"info","time":"2026-07-28T08:19:37.687Z","service":"api","msg":"request.completed","method":"POST","url":"/v1/properties/2abbeae8-2e6e-4bf5-8a21-183f057bad82/qr-codes","statusCode":200,"requestId":"000d706a-d508-4559-9792-1358365dce5b"}

stdout | src/conversations.integration.test.ts > guest conversations > enforces explicit transcript retention expiry
{"level":"info","time":"2026-07-28T08:19:37.689Z","service":"api","msg":"request.completed","method":"POST","url":"/v1/guest/sessions","statusCode":200,"requestId":"24551568-42b4-41b5-936b-fb6d7ab93d21"}

stdout | src/conversations.integration.test.ts > guest conversations > enforces explicit transcript retention expiry
{"level":"info","time":"2026-07-28T08:19:37.693Z","service":"api","msg":"request.completed","method":"POST","url":"/v1/guest/conversations","statusCode":200,"requestId":"898da386-e558-4f41-b79f-79a2bebab42c"}

stdout | src/conversations.integration.test.ts > guest conversations > enforces explicit transcript retention expiry
{"level":"info","time":"2026-07-28T08:19:37.700Z","service":"api","msg":"request.completed","method":"GET","url":"/v1/guest/conversations/8bea4f69-0844-4a29-b17c-9d7decd7e82d","statusCode":410,"requestId":"e55fea0f-5907-4d03-95d8-2e2db7ae1653"}

stdout | src/conversations.integration.test.ts > guest conversations > requests human handoff honestly, idempotently, and blocks further automation
{"level":"info","time":"2026-07-28T08:19:37.931Z","service":"api","msg":"request.completed","method":"POST","url":"/v1/auth/login","statusCode":200,"requestId":"10bc465d-0429-45cc-8cb4-249c73bdaa8a"}

stdout | src/conversations.integration.test.ts > guest conversations > requests human handoff honestly, idempotently, and blocks further automation
{"level":"info","time":"2026-07-28T08:19:37.933Z","service":"api","msg":"request.completed","method":"GET","url":"/v1/properties?organizationId=d215a186-f84d-4c7c-b75a-3189969999c2","statusCode":200,"requestId":"53286f2c-c829-41d6-b0d6-bd4dd5179342"}

stdout | src/conversations.integration.test.ts > guest conversations > requests human handoff honestly, idempotently, and blocks further automation
{"level":"info","time":"2026-07-28T08:19:37.936Z","service":"api","msg":"request.completed","method":"GET","url":"/v1/properties/2abbeae8-2e6e-4bf5-8a21-183f057bad82/locations","statusCode":200,"requestId":"e4f84902-8065-4432-8394-f5f826255604"}

stdout | src/conversations.integration.test.ts > guest conversations > requests human handoff honestly, idempotently, and blocks further automation
{"level":"info","time":"2026-07-28T08:19:37.940Z","service":"api","msg":"request.completed","method":"POST","url":"/v1/properties/2abbeae8-2e6e-4bf5-8a21-183f057bad82/qr-codes","statusCode":200,"requestId":"19447881-874d-4529-9e38-ff30bf4b4b56"}

stdout | src/conversations.integration.test.ts > guest conversations > requests human handoff honestly, idempotently, and blocks further automation
{"level":"info","time":"2026-07-28T08:19:37.942Z","service":"api","msg":"request.completed","method":"POST","url":"/v1/guest/sessions","statusCode":200,"requestId":"fab5deca-d665-4c49-8d27-74a4711406ea"}

stdout | src/conversations.integration.test.ts > guest conversations > requests human handoff honestly, idempotently, and blocks further automation
{"level":"info","time":"2026-07-28T08:19:37.944Z","service":"api","msg":"request.completed","method":"POST","url":"/v1/guest/conversations","statusCode":200,"requestId":"93801c5a-4016-422c-9b35-9ab00096ad8a"}

stdout | src/conversations.integration.test.ts > guest conversations > requests human handoff honestly, idempotently, and blocks further automation
{"level":"info","time":"2026-07-28T08:19:37.948Z","service":"api","msg":"request.completed","method":"POST","url":"/v1/guest/request-drafts","statusCode":200,"requestId":"7eb52a38-15a3-4817-8450-0fa01696969e"}

stdout | src/conversations.integration.test.ts > guest conversations > requests human handoff honestly, idempotently, and blocks further automation
{"level":"info","time":"2026-07-28T08:19:37.952Z","service":"api","msg":"request.completed","method":"POST","url":"/v1/guest/conversations/5259ddb2-98af-4a33-a9ad-26f27c997efa/handoff","statusCode":200,"requestId":"5e2721f5-33da-46b1-b336-9ef9a5234408"}

stdout | src/conversations.integration.test.ts > guest conversations > requests human handoff honestly, idempotently, and blocks further automation
{"level":"info","time":"2026-07-28T08:19:37.955Z","service":"api","msg":"request.completed","method":"POST","url":"/v1/guest/conversations/5259ddb2-98af-4a33-a9ad-26f27c997efa/handoff","statusCode":200,"requestId":"23cdddac-2be8-486a-bb59-79628a078b7f"}

stdout | src/conversations.integration.test.ts > guest conversations > requests human handoff honestly, idempotently, and blocks further automation
{"level":"info","time":"2026-07-28T08:19:37.956Z","service":"api","msg":"request.completed","method":"POST","url":"/v1/guest/conversations/5259ddb2-98af-4a33-a9ad-26f27c997efa/messages","statusCode":409,"requestId":"f5c62e7f-e20c-42c8-b908-42c803fefef3"}

stdout | src/conversations.integration.test.ts > guest conversations > requests human handoff honestly, idempotently, and blocks further automation
{"level":"info","time":"2026-07-28T08:19:37.961Z","service":"api","msg":"request.completed","method":"POST","url":"/v1/guest/conversations/5259ddb2-98af-4a33-a9ad-26f27c997efa/tool-results","statusCode":409,"requestId":"20f609bd-6a04-48f3-a923-e416e52f70bf"}

stdout | src/conversations.integration.test.ts > guest conversations > requests human handoff honestly, idempotently, and blocks further automation
{"level":"info","time":"2026-07-28T08:19:37.969Z","service":"api","msg":"request.completed","method":"POST","url":"/v1/guest/request-drafts/075e8aa5-7916-44a4-a148-e6b916314664/confirm","statusCode":409,"requestId":"cf3f8fb8-c24a-4593-a961-edcaefce60b0"}

stdout | src/conversations.integration.test.ts > guest conversations > requests human handoff honestly, idempotently, and blocks further automation
{"level":"info","time":"2026-07-28T08:19:37.982Z","service":"api","msg":"request.completed","method":"GET","url":"/v1/guest/conversations/5259ddb2-98af-4a33-a9ad-26f27c997efa","statusCode":200,"requestId":"71948e61-e698-4eea-9236-5de33258e646"}

stdout | src/conversations.integration.test.ts > guest conversations > executes scoped read-only AI tools and persists validated tool output
{"level":"info","time":"2026-07-28T08:19:38.214Z","service":"api","msg":"request.completed","method":"POST","url":"/v1/auth/login","statusCode":200,"requestId":"8b5786ba-946a-48c0-98a4-d19aacde46b3"}

stdout | src/conversations.integration.test.ts > guest conversations > executes scoped read-only AI tools and persists validated tool output
{"level":"info","time":"2026-07-28T08:19:38.216Z","service":"api","msg":"request.completed","method":"GET","url":"/v1/properties?organizationId=d215a186-f84d-4c7c-b75a-3189969999c2","statusCode":200,"requestId":"ad1d6f55-712b-4329-9e6d-689dd8005868"}

stdout | src/conversations.integration.test.ts > guest conversations > executes scoped read-only AI tools and persists validated tool output
{"level":"info","time":"2026-07-28T08:19:38.218Z","service":"api","msg":"request.completed","method":"GET","url":"/v1/properties/2abbeae8-2e6e-4bf5-8a21-183f057bad82/locations","statusCode":200,"requestId":"95fab391-7c3e-4a51-b333-35a43241be47"}

stdout | src/conversations.integration.test.ts > guest conversations > executes scoped read-only AI tools and persists validated tool output
{"level":"info","time":"2026-07-28T08:19:38.221Z","service":"api","msg":"request.completed","method":"POST","url":"/v1/properties/2abbeae8-2e6e-4bf5-8a21-183f057bad82/qr-codes","statusCode":200,"requestId":"15c93d2b-d033-45dc-926a-ea98779c78f6"}

stdout | src/conversations.integration.test.ts > guest conversations > executes scoped read-only AI tools and persists validated tool output
{"level":"info","time":"2026-07-28T08:19:38.223Z","service":"api","msg":"request.completed","method":"POST","url":"/v1/guest/sessions","statusCode":200,"requestId":"2dfbbf8e-c830-4b61-9ba6-fba8466f73f7"}

stdout | src/conversations.integration.test.ts > guest conversations > executes scoped read-only AI tools and persists validated tool output
{"level":"info","time":"2026-07-28T08:19:38.224Z","service":"api","msg":"request.completed","method":"POST","url":"/v1/guest/conversations","statusCode":200,"requestId":"5e12a247-4599-4301-a850-1ace051125de"}

stdout | src/conversations.integration.test.ts > guest conversations > executes scoped read-only AI tools and persists validated tool output
{"level":"info","time":"2026-07-28T08:19:38.257Z","service":"api","msg":"request.completed","method":"POST","url":"/v1/guest/conversations/6ca93205-ab77-400d-8efb-e3625d108a7f/tool-results","statusCode":200,"requestId":"f2212c77-e9bc-4be4-8973-aa237926b30d"}

stdout | src/conversations.integration.test.ts > guest conversations > executes scoped read-only AI tools and persists validated tool output
{"level":"info","time":"2026-07-28T08:19:38.259Z","service":"api","msg":"request.completed","method":"GET","url":"/v1/guest/conversations/6ca93205-ab77-400d-8efb-e3625d108a7f","statusCode":200,"requestId":"fb2c8ac8-e090-4b54-af1b-22df0eea0900"}

stdout | src/conversations.integration.test.ts > guest conversations > validates AI tool input and denies unscoped tool calls
{"level":"info","time":"2026-07-28T08:19:38.483Z","service":"api","msg":"request.completed","method":"POST","url":"/v1/auth/login","statusCode":200,"requestId":"12000786-8952-4c1e-894b-e2d66e086f66"}

stdout | src/conversations.integration.test.ts > guest conversations > validates AI tool input and denies unscoped tool calls
{"level":"info","time":"2026-07-28T08:19:38.486Z","service":"api","msg":"request.completed","method":"GET","url":"/v1/properties?organizationId=d215a186-f84d-4c7c-b75a-3189969999c2","statusCode":200,"requestId":"718a955c-4453-45b6-94b0-ef7445c91f43"}

stdout | src/conversations.integration.test.ts > guest conversations > validates AI tool input and denies unscoped tool calls
{"level":"info","time":"2026-07-28T08:19:38.489Z","service":"api","msg":"request.completed","method":"GET","url":"/v1/properties/2abbeae8-2e6e-4bf5-8a21-183f057bad82/locations","statusCode":200,"requestId":"15c0317a-0f08-4e95-a92f-8fa54944945a"}

stdout | src/conversations.integration.test.ts > guest conversations > validates AI tool input and denies unscoped tool calls
{"level":"info","time":"2026-07-28T08:19:38.492Z","service":"api","msg":"request.completed","method":"POST","url":"/v1/properties/2abbeae8-2e6e-4bf5-8a21-183f057bad82/qr-codes","statusCode":200,"requestId":"14bfdaff-a41f-4047-90bd-1b33a92a1cfb"}

stdout | src/conversations.integration.test.ts > guest conversations > validates AI tool input and denies unscoped tool calls
{"level":"info","time":"2026-07-28T08:19:38.494Z","service":"api","msg":"request.completed","method":"POST","url":"/v1/guest/sessions","statusCode":200,"requestId":"92594c50-00b1-45df-8dff-d7763bbcd12b"}

stdout | src/conversations.integration.test.ts > guest conversations > validates AI tool input and denies unscoped tool calls
{"level":"info","time":"2026-07-28T08:19:38.718Z","service":"api","msg":"request.completed","method":"POST","url":"/v1/auth/login","statusCode":200,"requestId":"4dd54d26-2421-41e3-b773-c80e17660d0e"}

stdout | src/conversations.integration.test.ts > guest conversations > validates AI tool input and denies unscoped tool calls
{"level":"info","time":"2026-07-28T08:19:38.721Z","service":"api","msg":"request.completed","method":"GET","url":"/v1/properties?organizationId=d215a186-f84d-4c7c-b75a-3189969999c2","statusCode":200,"requestId":"023e983a-c271-4606-8fb8-5504ffc214ba"}

stdout | src/conversations.integration.test.ts > guest conversations > validates AI tool input and denies unscoped tool calls
{"level":"info","time":"2026-07-28T08:19:38.723Z","service":"api","msg":"request.completed","method":"GET","url":"/v1/properties/2abbeae8-2e6e-4bf5-8a21-183f057bad82/locations","statusCode":200,"requestId":"ae6c9fd1-34d6-4b23-8b80-403823038834"}

stdout | src/conversations.integration.test.ts > guest conversations > validates AI tool input and denies unscoped tool calls
{"level":"info","time":"2026-07-28T08:19:38.728Z","service":"api","msg":"request.completed","method":"POST","url":"/v1/properties/2abbeae8-2e6e-4bf5-8a21-183f057bad82/qr-codes","statusCode":200,"requestId":"8f09f561-656c-4c4a-be91-b1363e8498ba"}

stdout | src/conversations.integration.test.ts > guest conversations > validates AI tool input and denies unscoped tool calls
{"level":"info","time":"2026-07-28T08:19:38.730Z","service":"api","msg":"request.completed","method":"POST","url":"/v1/guest/sessions","statusCode":200,"requestId":"63967bf6-8d6d-49d8-bb24-d32dd7faee4d"}

stdout | src/conversations.integration.test.ts > guest conversations > validates AI tool input and denies unscoped tool calls
{"level":"info","time":"2026-07-28T08:19:38.732Z","service":"api","msg":"request.completed","method":"POST","url":"/v1/guest/conversations","statusCode":200,"requestId":"9267ec88-4a98-4224-b637-419df023ee2c"}

stdout | src/conversations.integration.test.ts > guest conversations > validates AI tool input and denies unscoped tool calls
{"level":"info","time":"2026-07-28T08:19:38.733Z","service":"api","msg":"request.completed","method":"POST","url":"/v1/guest/conversations/c6238c14-09d8-4822-83f9-8c7273fcf86b/tool-results","statusCode":401,"requestId":"f69d260b-8b96-43fa-b308-9f0ad53df986"}

stdout | src/conversations.integration.test.ts > guest conversations > validates AI tool input and denies unscoped tool calls
{"level":"info","time":"2026-07-28T08:19:38.735Z","service":"api","msg":"request.completed","method":"POST","url":"/v1/guest/conversations/c6238c14-09d8-4822-83f9-8c7273fcf86b/tool-results","statusCode":404,"requestId":"e35e6af6-a9ad-47f5-8e26-ca50df9fdc2f"}

stdout | src/conversations.integration.test.ts > guest conversations > validates AI tool input and denies unscoped tool calls
{"level":"info","time":"2026-07-28T08:19:38.737Z","service":"api","msg":"request.completed","method":"POST","url":"/v1/guest/conversations/c6238c14-09d8-4822-83f9-8c7273fcf86b/tool-results","statusCode":400,"requestId":"dafb8bf9-d085-479c-b361-2c74134fe2e4"}

stdout | src/conversations.integration.test.ts > guest conversations > fails closed when prompt injection asks a read-only tool to bypass confirmation
{"level":"info","time":"2026-07-28T08:19:38.954Z","service":"api","msg":"request.completed","method":"POST","url":"/v1/auth/login","statusCode":200,"requestId":"83246b5a-0d03-4ac3-8d3f-1105435ea742"}

stdout | src/conversations.integration.test.ts > guest conversations > fails closed when prompt injection asks a read-only tool to bypass confirmation
{"level":"info","time":"2026-07-28T08:19:38.957Z","service":"api","msg":"request.completed","method":"GET","url":"/v1/properties?organizationId=d215a186-f84d-4c7c-b75a-3189969999c2","statusCode":200,"requestId":"d0de1007-cece-42e1-abb3-9923a1577bf7"}

stdout | src/conversations.integration.test.ts > guest conversations > fails closed when prompt injection asks a read-only tool to bypass confirmation
{"level":"info","time":"2026-07-28T08:19:38.959Z","service":"api","msg":"request.completed","method":"GET","url":"/v1/properties/2abbeae8-2e6e-4bf5-8a21-183f057bad82/locations","statusCode":200,"requestId":"6010b8f3-b7de-4471-9850-1bd2e6613dba"}

stdout | src/conversations.integration.test.ts > guest conversations > fails closed when prompt injection asks a read-only tool to bypass confirmation
{"level":"info","time":"2026-07-28T08:19:38.962Z","service":"api","msg":"request.completed","method":"POST","url":"/v1/properties/2abbeae8-2e6e-4bf5-8a21-183f057bad82/qr-codes","statusCode":200,"requestId":"2702aff1-c899-48f1-9b16-a093ebbd9d16"}

stdout | src/conversations.integration.test.ts > guest conversations > fails closed when prompt injection asks a read-only tool to bypass confirmation
{"level":"info","time":"2026-07-28T08:19:38.964Z","service":"api","msg":"request.completed","method":"POST","url":"/v1/guest/sessions","statusCode":200,"requestId":"4775fb45-e174-4e69-95af-d8267f0efd6a"}

stdout | src/conversations.integration.test.ts > guest conversations > fails closed when prompt injection asks a read-only tool to bypass confirmation
{"level":"info","time":"2026-07-28T08:19:38.966Z","service":"api","msg":"request.completed","method":"POST","url":"/v1/guest/conversations","statusCode":200,"requestId":"69537e7f-168c-44d7-9a01-7c392874cab5"}

stdout | src/conversations.integration.test.ts > guest conversations > fails closed when prompt injection asks a read-only tool to bypass confirmation
{"level":"info","time":"2026-07-28T08:19:38.969Z","service":"api","msg":"request.completed","method":"POST","url":"/v1/guest/conversations/33b61720-47d9-461b-ace2-bec790c94b8e/tool-results","statusCode":200,"requestId":"daf9b4ad-8a44-4269-ad81-1eaf6803a983"}

stdout | src/conversations.integration.test.ts > guest conversations > reads catalog tool output only from the scoped published portal
{"level":"info","time":"2026-07-28T08:19:39.197Z","service":"api","msg":"request.completed","method":"POST","url":"/v1/auth/login","statusCode":200,"requestId":"59f9f7eb-b20b-42db-829c-1247a172c07c"}

stdout | src/conversations.integration.test.ts > guest conversations > reads catalog tool output only from the scoped published portal
{"level":"info","time":"2026-07-28T08:19:39.199Z","service":"api","msg":"request.completed","method":"GET","url":"/v1/properties?organizationId=d215a186-f84d-4c7c-b75a-3189969999c2","statusCode":200,"requestId":"f55b74aa-8de3-47b3-a46f-b767d6ecdb5f"}

stdout | src/conversations.integration.test.ts > guest conversations > reads catalog tool output only from the scoped published portal
{"level":"info","time":"2026-07-28T08:19:39.201Z","service":"api","msg":"request.completed","method":"GET","url":"/v1/properties/2abbeae8-2e6e-4bf5-8a21-183f057bad82/locations","statusCode":200,"requestId":"e5cb038f-9948-473c-8aeb-498ae5368ec6"}

stdout | src/conversations.integration.test.ts > guest conversations > reads catalog tool output only from the scoped published portal
{"level":"info","time":"2026-07-28T08:19:39.205Z","service":"api","msg":"request.completed","method":"POST","url":"/v1/properties/2abbeae8-2e6e-4bf5-8a21-183f057bad82/qr-codes","statusCode":200,"requestId":"ca1c650a-4cc6-4764-9a92-8a54b7cfc240"}

stdout | src/conversations.integration.test.ts > guest conversations > reads catalog tool output only from the scoped published portal
{"level":"info","time":"2026-07-28T08:19:39.207Z","service":"api","msg":"request.completed","method":"POST","url":"/v1/guest/sessions","statusCode":200,"requestId":"7f79e519-759c-4b7a-a3b1-3b8efe05860f"}

stdout | src/conversations.integration.test.ts > guest conversations > reads catalog tool output only from the scoped published portal
{"level":"info","time":"2026-07-28T08:19:39.210Z","service":"api","msg":"request.completed","method":"GET","url":"/v1/properties/2abbeae8-2e6e-4bf5-8a21-183f057bad82/portal/draft","statusCode":200,"requestId":"13ff9038-8104-41ec-b49e-0dd779ebaae2"}

stdout | src/conversations.integration.test.ts > guest conversations > reads catalog tool output only from the scoped published portal
{"level":"info","time":"2026-07-28T08:19:39.218Z","service":"api","msg":"request.completed","method":"POST","url":"/v1/properties/2abbeae8-2e6e-4bf5-8a21-183f057bad82/portal/publish","statusCode":200,"requestId":"93b236b9-b3e6-458b-92e4-bd8cf3011b6c"}

stdout | src/conversations.integration.test.ts > guest conversations > reads catalog tool output only from the scoped published portal
{"level":"info","time":"2026-07-28T08:19:39.221Z","service":"api","msg":"request.completed","method":"POST","url":"/v1/guest/conversations","statusCode":200,"requestId":"caf87136-f708-486b-94d8-0c7cb50aa000"}

stdout | src/conversations.integration.test.ts > guest conversations > reads catalog tool output only from the scoped published portal
{"level":"info","time":"2026-07-28T08:19:39.226Z","service":"api","msg":"request.completed","method":"POST","url":"/v1/guest/conversations/2c301e06-dc9b-4291-ba28-202272e12714/tool-results","statusCode":200,"requestId":"e14d821d-9435-477d-8df7-2284bdc08509"}

stdout | src/conversations.integration.test.ts > guest conversations > keeps voice request draft tools behind idempotent guest confirmation
{"level":"info","time":"2026-07-28T08:19:39.443Z","service":"api","msg":"request.completed","method":"POST","url":"/v1/auth/login","statusCode":200,"requestId":"442c9058-e73e-4cfa-8926-3d60796c4856"}

stdout | src/conversations.integration.test.ts > guest conversations > keeps voice request draft tools behind idempotent guest confirmation
{"level":"info","time":"2026-07-28T08:19:39.445Z","service":"api","msg":"request.completed","method":"GET","url":"/v1/properties?organizationId=d215a186-f84d-4c7c-b75a-3189969999c2","statusCode":200,"requestId":"b7ee10f2-9211-4ddc-9b45-f763ec5395e3"}

stdout | src/conversations.integration.test.ts > guest conversations > keeps voice request draft tools behind idempotent guest confirmation
{"level":"info","time":"2026-07-28T08:19:39.448Z","service":"api","msg":"request.completed","method":"GET","url":"/v1/properties/2abbeae8-2e6e-4bf5-8a21-183f057bad82/locations","statusCode":200,"requestId":"22350ff7-641f-4983-bed7-610538c82372"}

stdout | src/conversations.integration.test.ts > guest conversations > keeps voice request draft tools behind idempotent guest confirmation
{"level":"info","time":"2026-07-28T08:19:39.450Z","service":"api","msg":"request.completed","method":"POST","url":"/v1/properties/2abbeae8-2e6e-4bf5-8a21-183f057bad82/qr-codes","statusCode":200,"requestId":"d42aecbf-e136-4dc0-bb67-6c77b89dd95d"}

stdout | src/conversations.integration.test.ts > guest conversations > keeps voice request draft tools behind idempotent guest confirmation
{"level":"info","time":"2026-07-28T08:19:39.452Z","service":"api","msg":"request.completed","method":"POST","url":"/v1/guest/sessions","statusCode":200,"requestId":"145719c7-bb15-4587-83b1-3e8c782262e2"}

stdout | src/conversations.integration.test.ts > guest conversations > keeps voice request draft tools behind idempotent guest confirmation
{"level":"info","time":"2026-07-28T08:19:39.453Z","service":"api","msg":"request.completed","method":"POST","url":"/v1/guest/conversations","statusCode":200,"requestId":"336d9819-fffb-423f-ac79-d8a94aa08ba6"}

stdout | src/conversations.integration.test.ts > guest conversations > keeps voice request draft tools behind idempotent guest confirmation
{"level":"info","time":"2026-07-28T08:19:39.458Z","service":"api","msg":"request.completed","method":"POST","url":"/v1/guest/conversations/ad72342c-0945-4a1e-912d-bd848cd42b3b/tool-results","statusCode":200,"requestId":"b3b6f6f3-914c-4142-89fd-a407b2e85ffb"}

stdout | src/conversations.integration.test.ts > guest conversations > keeps voice request draft tools behind idempotent guest confirmation
{"level":"info","time":"2026-07-28T08:19:39.463Z","service":"api","msg":"request.completed","method":"POST","url":"/v1/guest/request-drafts/fab878b3-d5d4-4026-a0d1-dd44f27c39a6/confirm","statusCode":200,"requestId":"eba1ca6d-58a4-45b4-86f5-5560bfbb99f8"}

stdout | src/conversations.integration.test.ts > guest conversations > keeps voice request draft tools behind idempotent guest confirmation
{"level":"info","time":"2026-07-28T08:19:39.465Z","service":"api","msg":"request.completed","method":"POST","url":"/v1/guest/request-drafts/fab878b3-d5d4-4026-a0d1-dd44f27c39a6/confirm","statusCode":200,"requestId":"528ad186-9c0f-4a79-8b21-7808d931dab8"}

stdout | src/conversations.integration.test.ts > guest conversations > keeps voice request draft tools behind idempotent guest confirmation
{"level":"info","time":"2026-07-28T08:19:39.467Z","service":"api","msg":"request.completed","method":"GET","url":"/v1/guest/conversations/ad72342c-0945-4a1e-912d-bd848cd42b3b","statusCode":200,"requestId":"388b11a5-dcad-46bb-9b50-5cc27ca6a4ca"}

stdout | src/conversations.integration.test.ts > guest conversations > accepts tenant-scoped voice metrics and denies cross-session metrics
{"level":"info","time":"2026-07-28T08:19:39.713Z","service":"api","msg":"request.completed","method":"POST","url":"/v1/auth/login","statusCode":200,"requestId":"fb1aee6f-a3f2-4772-a36e-3949654b6044"}

stdout | src/conversations.integration.test.ts > guest conversations > accepts tenant-scoped voice metrics and denies cross-session metrics
{"level":"info","time":"2026-07-28T08:19:39.714Z","service":"api","msg":"request.completed","method":"GET","url":"/v1/properties?organizationId=d215a186-f84d-4c7c-b75a-3189969999c2","statusCode":200,"requestId":"9e3bf6dc-27d1-45a5-9436-878d5e038d5b"}

stdout | src/conversations.integration.test.ts > guest conversations > accepts tenant-scoped voice metrics and denies cross-session metrics
{"level":"info","time":"2026-07-28T08:19:39.716Z","service":"api","msg":"request.completed","method":"GET","url":"/v1/properties/2abbeae8-2e6e-4bf5-8a21-183f057bad82/locations","statusCode":200,"requestId":"fa4b8023-f900-4a39-8b0b-b50a371193b5"}

stdout | src/conversations.integration.test.ts > guest conversations > accepts tenant-scoped voice metrics and denies cross-session metrics
{"level":"info","time":"2026-07-28T08:19:39.720Z","service":"api","msg":"request.completed","method":"POST","url":"/v1/properties/2abbeae8-2e6e-4bf5-8a21-183f057bad82/qr-codes","statusCode":200,"requestId":"5f5b89a9-33d0-4ef4-8417-2caa0ff9debf"}

stdout | src/conversations.integration.test.ts > guest conversations > accepts tenant-scoped voice metrics and denies cross-session metrics
{"level":"info","time":"2026-07-28T08:19:39.722Z","service":"api","msg":"request.completed","method":"POST","url":"/v1/guest/sessions","statusCode":200,"requestId":"65b66115-a911-48de-8d58-ac18a6244218"}

stdout | src/conversations.integration.test.ts > guest conversations > accepts tenant-scoped voice metrics and denies cross-session metrics
{"level":"info","time":"2026-07-28T08:19:39.932Z","service":"api","msg":"request.completed","method":"POST","url":"/v1/auth/login","statusCode":200,"requestId":"5104ef27-e7d7-4c40-847b-3f3c0e077d8c"}

stdout | src/conversations.integration.test.ts > guest conversations > accepts tenant-scoped voice metrics and denies cross-session metrics
{"level":"info","time":"2026-07-28T08:19:39.934Z","service":"api","msg":"request.completed","method":"GET","url":"/v1/properties?organizationId=d215a186-f84d-4c7c-b75a-3189969999c2","statusCode":200,"requestId":"4da31d8c-5060-498f-b7ac-e68e848a6c27"}

stdout | src/conversations.integration.test.ts > guest conversations > accepts tenant-scoped voice metrics and denies cross-session metrics
{"level":"info","time":"2026-07-28T08:19:39.936Z","service":"api","msg":"request.completed","method":"GET","url":"/v1/properties/2abbeae8-2e6e-4bf5-8a21-183f057bad82/locations","statusCode":200,"requestId":"831383e2-980e-403f-b394-1487b7f78ad5"}

stdout | src/conversations.integration.test.ts > guest conversations > accepts tenant-scoped voice metrics and denies cross-session metrics
{"level":"info","time":"2026-07-28T08:19:39.940Z","service":"api","msg":"request.completed","method":"POST","url":"/v1/properties/2abbeae8-2e6e-4bf5-8a21-183f057bad82/qr-codes","statusCode":200,"requestId":"00281fa0-1acd-4f66-9ba9-7552668a3652"}

stdout | src/conversations.integration.test.ts > guest conversations > accepts tenant-scoped voice metrics and denies cross-session metrics
{"level":"info","time":"2026-07-28T08:19:39.941Z","service":"api","msg":"request.completed","method":"POST","url":"/v1/guest/sessions","statusCode":200,"requestId":"d888b07d-b158-4d03-9596-2c71bc50746c"}

stdout | src/conversations.integration.test.ts > guest conversations > accepts tenant-scoped voice metrics and denies cross-session metrics
{"level":"info","time":"2026-07-28T08:19:39.943Z","service":"api","msg":"request.completed","method":"POST","url":"/v1/guest/conversations","statusCode":200,"requestId":"ba110bb8-f7cc-4d85-93eb-1df3cd309e25"}

stdout | src/conversations.integration.test.ts > guest conversations > accepts tenant-scoped voice metrics and denies cross-session metrics
{"level":"info","time":"2026-07-28T08:19:39.945Z","service":"api","msg":"request.completed","method":"POST","url":"/v1/guest/conversations/1e25069d-4c69-4a57-b144-09cd48d5e7e4/voice-metrics","statusCode":200,"requestId":"b491d374-a151-468e-bb9a-1cf2d11fef6f"}

stdout | src/conversations.integration.test.ts > guest conversations > accepts tenant-scoped voice metrics and denies cross-session metrics
{"level":"info","time":"2026-07-28T08:19:39.946Z","service":"api","msg":"request.completed","method":"POST","url":"/v1/guest/conversations/1e25069d-4c69-4a57-b144-09cd48d5e7e4/voice-metrics","statusCode":404,"requestId":"337a286e-c5f5-447e-b829-072ccee1dc87"}

stdout | src/conversations.integration.test.ts > guest conversations > accepts tenant-scoped voice metrics and denies cross-session metrics
{"level":"info","time":"2026-07-28T08:19:39.949Z","service":"api","msg":"request.completed","method":"POST","url":"/v1/guest/conversations/1e25069d-4c69-4a57-b144-09cd48d5e7e4/handoff","statusCode":200,"requestId":"1de27b73-a915-487c-bded-4aa49b1849bf"}

stdout | src/conversations.integration.test.ts > guest conversations > accepts tenant-scoped voice metrics and denies cross-session metrics
{"level":"info","time":"2026-07-28T08:19:39.951Z","service":"api","msg":"request.completed","method":"POST","url":"/v1/guest/conversations/1e25069d-4c69-4a57-b144-09cd48d5e7e4/voice-metrics","statusCode":409,"requestId":"40cecf6b-815c-4626-afcc-5c127c539aba"}

stdout | src/conversations.integration.test.ts > guest conversations > requires explicit idempotent guest confirmation for request drafts
{"level":"info","time":"2026-07-28T08:19:40.162Z","service":"api","msg":"request.completed","method":"POST","url":"/v1/auth/login","statusCode":200,"requestId":"29ad3e41-d70c-4e70-917d-ab70e7d349c0"}

stdout | src/conversations.integration.test.ts > guest conversations > requires explicit idempotent guest confirmation for request drafts
{"level":"info","time":"2026-07-28T08:19:40.165Z","service":"api","msg":"request.completed","method":"GET","url":"/v1/properties?organizationId=d215a186-f84d-4c7c-b75a-3189969999c2","statusCode":200,"requestId":"c9adb697-b776-4327-9b47-0a8e0933efaa"}

stdout | src/conversations.integration.test.ts > guest conversations > requires explicit idempotent guest confirmation for request drafts
{"level":"info","time":"2026-07-28T08:19:40.166Z","service":"api","msg":"request.completed","method":"GET","url":"/v1/properties/2abbeae8-2e6e-4bf5-8a21-183f057bad82/locations","statusCode":200,"requestId":"0b611725-b038-4492-aeca-76d56027fcf1"}

stdout | src/conversations.integration.test.ts > guest conversations > requires explicit idempotent guest confirmation for request drafts
{"level":"info","time":"2026-07-28T08:19:40.169Z","service":"api","msg":"request.completed","method":"POST","url":"/v1/properties/2abbeae8-2e6e-4bf5-8a21-183f057bad82/qr-codes","statusCode":200,"requestId":"ca6d7b7d-9fe1-4b9d-8ee1-5aac78be74e1"}

stdout | src/conversations.integration.test.ts > guest conversations > requires explicit idempotent guest confirmation for request drafts
{"level":"info","time":"2026-07-28T08:19:40.171Z","service":"api","msg":"request.completed","method":"POST","url":"/v1/guest/sessions","statusCode":200,"requestId":"7a4fe86e-506e-4e94-8129-7cd5599d2c2f"}

stdout | src/conversations.integration.test.ts > guest conversations > requires explicit idempotent guest confirmation for request drafts
{"level":"info","time":"2026-07-28T08:19:40.173Z","service":"api","msg":"request.completed","method":"POST","url":"/v1/guest/conversations","statusCode":200,"requestId":"74c148ac-b4d3-4616-8035-ce4226c17c69"}

stdout | src/conversations.integration.test.ts > guest conversations > requires explicit idempotent guest confirmation for request drafts
{"level":"info","time":"2026-07-28T08:19:40.174Z","service":"api","msg":"request.completed","method":"POST","url":"/v1/guest/request-drafts","statusCode":200,"requestId":"c7652012-40fa-4017-a009-7ec321700128"}

stdout | src/conversations.integration.test.ts > guest conversations > requires explicit idempotent guest confirmation for request drafts
{"level":"info","time":"2026-07-28T08:19:40.178Z","service":"api","msg":"request.completed","method":"POST","url":"/v1/guest/request-drafts/da83f272-6c67-42c5-adac-256f44050484/confirm","statusCode":200,"requestId":"eb134f98-7da4-4adf-aabe-4b5d69d0439d"}

stdout | src/conversations.integration.test.ts > guest conversations > requires explicit idempotent guest confirmation for request drafts
{"level":"info","time":"2026-07-28T08:19:40.181Z","service":"api","msg":"request.completed","method":"POST","url":"/v1/guest/request-drafts/da83f272-6c67-42c5-adac-256f44050484/confirm","statusCode":200,"requestId":"ef15e0f1-32b2-4115-bb19-1982f02ab577"}

stdout | src/conversations.integration.test.ts > guest conversations > requires explicit idempotent guest confirmation for request drafts
{"level":"info","time":"2026-07-28T08:19:40.183Z","service":"api","msg":"request.completed","method":"GET","url":"/v1/guest/conversations/d27b72b6-4cda-4433-9f23-a04559c4ff27","statusCode":200,"requestId":"efb6d3d6-e4bf-4021-9e1a-3ecf636c8967"}

stdout | src/conversations.integration.test.ts > guest conversations > rejects expired drafts without committing a request
{"level":"info","time":"2026-07-28T08:19:40.397Z","service":"api","msg":"request.completed","method":"POST","url":"/v1/auth/login","statusCode":200,"requestId":"d815be94-4dfe-43a4-8050-460d08949981"}

stdout | src/conversations.integration.test.ts > guest conversations > rejects expired drafts without committing a request
{"level":"info","time":"2026-07-28T08:19:40.398Z","service":"api","msg":"request.completed","method":"GET","url":"/v1/properties?organizationId=d215a186-f84d-4c7c-b75a-3189969999c2","statusCode":200,"requestId":"5436a9f9-f52a-483b-ab5f-7016a79f7946"}

stdout | src/conversations.integration.test.ts > guest conversations > rejects expired drafts without committing a request
{"level":"info","time":"2026-07-28T08:19:40.400Z","service":"api","msg":"request.completed","method":"GET","url":"/v1/properties/2abbeae8-2e6e-4bf5-8a21-183f057bad82/locations","statusCode":200,"requestId":"abec2336-b8a3-4066-bef1-110d6d4816e6"}

stdout | src/conversations.integration.test.ts > guest conversations > rejects expired drafts without committing a request
{"level":"info","time":"2026-07-28T08:19:40.403Z","service":"api","msg":"request.completed","method":"POST","url":"/v1/properties/2abbeae8-2e6e-4bf5-8a21-183f057bad82/qr-codes","statusCode":200,"requestId":"0f214f90-268e-4356-888d-808695f15aba"}

stdout | src/conversations.integration.test.ts > guest conversations > rejects expired drafts without committing a request
{"level":"info","time":"2026-07-28T08:19:40.404Z","service":"api","msg":"request.completed","method":"POST","url":"/v1/guest/sessions","statusCode":200,"requestId":"5a20695f-17ca-44fb-9db1-a63cda5412fd"}

stdout | src/conversations.integration.test.ts > guest conversations > rejects expired drafts without committing a request
{"level":"info","time":"2026-07-28T08:19:40.406Z","service":"api","msg":"request.completed","method":"POST","url":"/v1/guest/conversations","statusCode":200,"requestId":"25d1a7d5-6c9f-4227-a739-15f5384e1450"}

stdout | src/conversations.integration.test.ts > guest conversations > rejects expired drafts without committing a request
{"level":"info","time":"2026-07-28T08:19:40.408Z","service":"api","msg":"request.completed","method":"POST","url":"/v1/guest/request-drafts","statusCode":200,"requestId":"ca8c9bce-5cf6-464a-be4e-99a87c0d9cfe"}

stdout | src/conversations.integration.test.ts > guest conversations > rejects expired drafts without committing a request
{"level":"info","time":"2026-07-28T08:19:40.410Z","service":"api","msg":"request.completed","method":"POST","url":"/v1/guest/request-drafts/734a6186-2566-4c33-92c6-dcfdaa3a53dd/confirm","statusCode":410,"requestId":"b26e188b-d0a5-4856-b708-4b0298c9985d"}

stdout | src/conversations.integration.test.ts > guest conversations > denies unauthorized draft commits across guest sessions
{"level":"info","time":"2026-07-28T08:19:40.620Z","service":"api","msg":"request.completed","method":"POST","url":"/v1/auth/login","statusCode":200,"requestId":"9bd5e887-a459-4ab9-a7a7-5600a26fef0d"}

stdout | src/conversations.integration.test.ts > guest conversations > denies unauthorized draft commits across guest sessions
{"level":"info","time":"2026-07-28T08:19:40.623Z","service":"api","msg":"request.completed","method":"GET","url":"/v1/properties?organizationId=d215a186-f84d-4c7c-b75a-3189969999c2","statusCode":200,"requestId":"617ccd6e-656f-469d-a73a-bf903caafedc"}

stdout | src/conversations.integration.test.ts > guest conversations > denies unauthorized draft commits across guest sessions
{"level":"info","time":"2026-07-28T08:19:40.624Z","service":"api","msg":"request.completed","method":"GET","url":"/v1/properties/2abbeae8-2e6e-4bf5-8a21-183f057bad82/locations","statusCode":200,"requestId":"90192af6-f81b-4aad-81dd-d5f7b26b0322"}

stdout | src/conversations.integration.test.ts > guest conversations > denies unauthorized draft commits across guest sessions
{"level":"info","time":"2026-07-28T08:19:40.628Z","service":"api","msg":"request.completed","method":"POST","url":"/v1/properties/2abbeae8-2e6e-4bf5-8a21-183f057bad82/qr-codes","statusCode":200,"requestId":"075ad9b0-c9b9-4dc5-9306-ea9e07dc33c0"}

stdout | src/conversations.integration.test.ts > guest conversations > denies unauthorized draft commits across guest sessions
{"level":"info","time":"2026-07-28T08:19:40.629Z","service":"api","msg":"request.completed","method":"POST","url":"/v1/guest/sessions","statusCode":200,"requestId":"1486b584-9c9b-4e65-8c1f-54082ecef4ca"}

stdout | src/conversations.integration.test.ts > guest conversations > denies unauthorized draft commits across guest sessions
{"level":"info","time":"2026-07-28T08:19:40.845Z","service":"api","msg":"request.completed","method":"POST","url":"/v1/auth/login","statusCode":200,"requestId":"0e737512-654c-4a4d-8bd3-6b5ce1e3d246"}

stdout | src/conversations.integration.test.ts > guest conversations > denies unauthorized draft commits across guest sessions
{"level":"info","time":"2026-07-28T08:19:40.847Z","service":"api","msg":"request.completed","method":"GET","url":"/v1/properties?organizationId=d215a186-f84d-4c7c-b75a-3189969999c2","statusCode":200,"requestId":"d07f98d8-9641-49dc-aa87-66b07fecedf6"}

stdout | src/conversations.integration.test.ts > guest conversations > denies unauthorized draft commits across guest sessions
{"level":"info","time":"2026-07-28T08:19:40.849Z","service":"api","msg":"request.completed","method":"GET","url":"/v1/properties/2abbeae8-2e6e-4bf5-8a21-183f057bad82/locations","statusCode":200,"requestId":"e73f4808-d6a4-43b4-b117-05239e562c0a"}

stdout | src/conversations.integration.test.ts > guest conversations > denies unauthorized draft commits across guest sessions
{"level":"info","time":"2026-07-28T08:19:40.851Z","service":"api","msg":"request.completed","method":"POST","url":"/v1/properties/2abbeae8-2e6e-4bf5-8a21-183f057bad82/qr-codes","statusCode":200,"requestId":"c06ad59c-f70d-420a-b610-3341ff021322"}

stdout | src/conversations.integration.test.ts > guest conversations > denies unauthorized draft commits across guest sessions
{"level":"info","time":"2026-07-28T08:19:40.854Z","service":"api","msg":"request.completed","method":"POST","url":"/v1/guest/sessions","statusCode":200,"requestId":"abb8d15b-84b0-4783-a0a0-f847c3331ce0"}

stdout | src/conversations.integration.test.ts > guest conversations > denies unauthorized draft commits across guest sessions
{"level":"info","time":"2026-07-28T08:19:40.856Z","service":"api","msg":"request.completed","method":"POST","url":"/v1/guest/conversations","statusCode":200,"requestId":"3a069f55-4a82-4b7d-b998-14397146a8b6"}

stdout | src/conversations.integration.test.ts > guest conversations > denies unauthorized draft commits across guest sessions
{"level":"info","time":"2026-07-28T08:19:40.858Z","service":"api","msg":"request.completed","method":"POST","url":"/v1/guest/request-drafts","statusCode":200,"requestId":"9d020001-9d12-4f0a-9e34-f0d5fa640879"}

stdout | src/conversations.integration.test.ts > guest conversations > denies unauthorized draft commits across guest sessions
{"level":"info","time":"2026-07-28T08:19:40.860Z","service":"api","msg":"request.completed","method":"POST","url":"/v1/guest/request-drafts/a2e74900-990d-4d64-b4f7-9e6ebae89c07/confirm","statusCode":404,"requestId":"d20778a4-7c8e-4116-92ca-c4f6ea7f3f84"}

stdout | src/conversations.integration.test.ts > guest conversations > creates order drafts through AI tools and commits only after guest confirmation
{"level":"info","time":"2026-07-28T08:19:41.067Z","service":"api","msg":"request.completed","method":"POST","url":"/v1/auth/login","statusCode":200,"requestId":"85b6d19e-aa5e-4174-a474-29a610a15c7b"}

stdout | src/conversations.integration.test.ts > guest conversations > creates order drafts through AI tools and commits only after guest confirmation
{"level":"info","time":"2026-07-28T08:19:41.069Z","service":"api","msg":"request.completed","method":"GET","url":"/v1/properties?organizationId=d215a186-f84d-4c7c-b75a-3189969999c2","statusCode":200,"requestId":"e3011c65-7e2c-4af6-bb6e-8867faa8589c"}

stdout | src/conversations.integration.test.ts > guest conversations > creates order drafts through AI tools and commits only after guest confirmation
{"level":"info","time":"2026-07-28T08:19:41.071Z","service":"api","msg":"request.completed","method":"GET","url":"/v1/properties/2abbeae8-2e6e-4bf5-8a21-183f057bad82/locations","statusCode":200,"requestId":"42895303-1cfe-4eb1-8c6e-429fb0939b59"}

stdout | src/conversations.integration.test.ts > guest conversations > creates order drafts through AI tools and commits only after guest confirmation
{"level":"info","time":"2026-07-28T08:19:41.075Z","service":"api","msg":"request.completed","method":"POST","url":"/v1/properties/2abbeae8-2e6e-4bf5-8a21-183f057bad82/qr-codes","statusCode":200,"requestId":"c40880d4-7ab5-43ae-9afa-79b7619a1051"}

stdout | src/conversations.integration.test.ts > guest conversations > creates order drafts through AI tools and commits only after guest confirmation
{"level":"info","time":"2026-07-28T08:19:41.076Z","service":"api","msg":"request.completed","method":"POST","url":"/v1/guest/sessions","statusCode":200,"requestId":"b10e30bf-1484-4976-96b9-ed8438b35374"}

stdout | src/conversations.integration.test.ts > guest conversations > creates order drafts through AI tools and commits only after guest confirmation
{"level":"info","time":"2026-07-28T08:19:41.078Z","service":"api","msg":"request.completed","method":"POST","url":"/v1/guest/conversations","statusCode":200,"requestId":"82e7c238-915c-4718-a95e-13fcb4bc9229"}

stdout | src/conversations.integration.test.ts > guest conversations > creates order drafts through AI tools and commits only after guest confirmation
{"level":"info","time":"2026-07-28T08:19:41.082Z","service":"api","msg":"request.completed","method":"POST","url":"/v1/guest/conversations/7f78894d-3e35-4d92-800c-31a7f19ffd41/tool-results","statusCode":200,"requestId":"67fd1cca-1900-4fd9-97d4-6cfd2f808817"}

stdout | src/conversations.integration.test.ts > guest conversations > creates order drafts through AI tools and commits only after guest confirmation
{"level":"info","time":"2026-07-28T08:19:41.084Z","service":"api","msg":"request.completed","method":"POST","url":"/v1/guest/conversations/7f78894d-3e35-4d92-800c-31a7f19ffd41/tool-results","statusCode":400,"requestId":"1c1cb815-a86f-4ae7-b6f5-8cfbbd059798"}

stdout | src/conversations.integration.test.ts > guest conversations > creates order drafts through AI tools and commits only after guest confirmation
{"level":"info","time":"2026-07-28T08:19:41.090Z","service":"api","msg":"request.completed","method":"POST","url":"/v1/guest/order-drafts/0ef358c7-ca1d-4951-b8b8-4c0b8bc43b2c/confirm","statusCode":200,"requestId":"6cd1e5eb-85b4-4458-b5d1-a1253ce2812e"}

 ✓ src/conversations.integration.test.ts (14 tests) 4772ms
   ✓ guest conversations > persists guest messages in stable conversation order and deduplicates retry ids  305ms
   ✓ guest conversations > isolates conversations by guest session and tenant scope  777ms
   ✓ guest conversations > validates AI tool input and denies unscoped tool calls  478ms
   ✓ guest conversations > accepts tenant-scoped voice metrics and denies cross-session metrics  483ms
   ✓ guest conversations > denies unauthorized draft commits across guest sessions  450ms
stdout | src/uploads.integration.test.ts > uploads and assets (R2 REAL_STAGING) > rejects unauthorized and invalid content-type/size
{"level":"info","time":"2026-07-28T08:19:41.630Z","service":"api","msg":"request.completed","method":"POST","url":"/v1/uploads/presign","statusCode":401,"requestId":"9ae05eb1-e5af-44cc-865f-4f3dd77f9677"}

stdout | src/uploads.integration.test.ts > uploads and assets (R2 REAL_STAGING) > rejects unauthorized and invalid content-type/size
{"level":"info","time":"2026-07-28T08:19:41.862Z","service":"api","msg":"request.completed","method":"POST","url":"/v1/auth/login","statusCode":200,"requestId":"172ad528-125f-48f2-8cfb-14fcbc312f53"}

stdout | src/uploads.integration.test.ts > uploads and assets (R2 REAL_STAGING) > rejects unauthorized and invalid content-type/size
{"level":"info","time":"2026-07-28T08:19:41.867Z","service":"api","msg":"request.completed","method":"GET","url":"/v1/properties?organizationId=d215a186-f84d-4c7c-b75a-3189969999c2","statusCode":200,"requestId":"702c7e37-a4a2-4c20-8dbe-3ed99c437d73"}

stdout | src/uploads.integration.test.ts > uploads and assets (R2 REAL_STAGING) > rejects unauthorized and invalid content-type/size
{"level":"info","time":"2026-07-28T08:19:41.869Z","service":"api","msg":"request.completed","method":"POST","url":"/v1/uploads/presign","statusCode":400,"requestId":"efebbefa-bdc3-4b24-a230-9f3d1d07d7f0"}

stdout | src/uploads.integration.test.ts > uploads and assets (R2 REAL_STAGING) > rejects unauthorized and invalid content-type/size
{"level":"info","time":"2026-07-28T08:19:41.871Z","service":"api","msg":"request.completed","method":"POST","url":"/v1/uploads/presign","statusCode":400,"requestId":"9ec892e0-745f-4770-873f-94838aa126b8"}

stdout | src/uploads.integration.test.ts > uploads and assets (R2 REAL_STAGING) > rejects unauthorized and invalid content-type/size
{"level":"info","time":"2026-07-28T08:19:42.080Z","service":"api","msg":"request.completed","method":"POST","url":"/v1/auth/login","statusCode":200,"requestId":"8a807e94-c36c-4d47-b3dc-64732c4c5297"}

stdout | src/uploads.integration.test.ts > uploads and assets (R2 REAL_STAGING) > rejects unauthorized and invalid content-type/size
{"level":"info","time":"2026-07-28T08:19:42.082Z","service":"api","msg":"request.completed","method":"POST","url":"/v1/uploads/presign","statusCode":403,"requestId":"b0c2b7a2-35b5-4c90-b39d-8362f3a084ca"}

stdout | src/uploads.integration.test.ts > uploads and assets (R2 REAL_STAGING) > presigns, uploads to R2, completes, reads, and deletes
{"level":"info","time":"2026-07-28T08:19:42.346Z","service":"api","msg":"request.completed","method":"POST","url":"/v1/auth/login","statusCode":200,"requestId":"a6204d19-897c-43ea-8abe-949848f01abf"}

stdout | src/uploads.integration.test.ts > uploads and assets (R2 REAL_STAGING) > presigns, uploads to R2, completes, reads, and deletes
{"level":"info","time":"2026-07-28T08:19:42.349Z","service":"api","msg":"request.completed","method":"GET","url":"/v1/properties?organizationId=d215a186-f84d-4c7c-b75a-3189969999c2","statusCode":200,"requestId":"7382b4aa-73f1-4774-9f2d-4df231933591"}

stdout | src/uploads.integration.test.ts > uploads and assets (R2 REAL_STAGING) > presigns, uploads to R2, completes, reads, and deletes
{"level":"info","time":"2026-07-28T08:19:42.617Z","service":"api","msg":"request.completed","method":"POST","url":"/v1/uploads/presign","statusCode":200,"requestId":"519b94e1-8400-4a1e-95e8-a9a1b4ed6e2a"}

stdout | src/uploads.integration.test.ts > uploads and assets (R2 REAL_STAGING) > presigns, uploads to R2, completes, reads, and deletes
{"level":"info","time":"2026-07-28T08:19:43.172Z","service":"api","msg":"request.completed","method":"POST","url":"/v1/uploads/complete","statusCode":200,"requestId":"da556d6b-30c2-4222-8848-2642a78b2bfd"}

stdout | src/uploads.integration.test.ts > uploads and assets (R2 REAL_STAGING) > presigns, uploads to R2, completes, reads, and deletes
{"level":"info","time":"2026-07-28T08:19:43.176Z","service":"api","msg":"request.completed","method":"GET","url":"/v1/assets/cc3388ef-332b-4c64-b7f7-f67e873b8d58","statusCode":200,"requestId":"7a0c477f-bb8c-4415-bfac-d22b58014495"}

stdout | src/uploads.integration.test.ts > uploads and assets (R2 REAL_STAGING) > presigns, uploads to R2, completes, reads, and deletes
{"level":"info","time":"2026-07-28T08:19:43.415Z","service":"api","msg":"request.completed","method":"POST","url":"/v1/auth/login","statusCode":200,"requestId":"178a89bd-acc2-4889-a6df-ff417c032317"}

stdout | src/uploads.integration.test.ts > uploads and assets (R2 REAL_STAGING) > presigns, uploads to R2, completes, reads, and deletes
{"level":"info","time":"2026-07-28T08:19:43.653Z","service":"api","msg":"request.completed","method":"POST","url":"/v1/auth/login","statusCode":200,"requestId":"453b7a9e-7382-4176-b650-2bb4bb9ab1d1"}

stdout | src/uploads.integration.test.ts > uploads and assets (R2 REAL_STAGING) > presigns, uploads to R2, completes, reads, and deletes
{"level":"info","time":"2026-07-28T08:19:43.655Z","service":"api","msg":"request.completed","method":"GET","url":"/v1/assets/cc3388ef-332b-4c64-b7f7-f67e873b8d58","statusCode":403,"requestId":"6f14e01f-5c76-43b9-bf9d-64391b944690"}

stdout | src/uploads.integration.test.ts > uploads and assets (R2 REAL_STAGING) > presigns, uploads to R2, completes, reads, and deletes
{"level":"info","time":"2026-07-28T08:19:43.828Z","service":"api","msg":"request.completed","method":"DELETE","url":"/v1/assets/cc3388ef-332b-4c64-b7f7-f67e873b8d58","statusCode":200,"requestId":"351594bd-1ff4-4ba1-a927-ba389f70521a"}

stdout | src/uploads.integration.test.ts > uploads and assets (R2 REAL_STAGING) > presigns, uploads to R2, completes, reads, and deletes
{"level":"info","time":"2026-07-28T08:19:43.831Z","service":"api","msg":"request.completed","method":"GET","url":"/v1/assets/cc3388ef-332b-4c64-b7f7-f67e873b8d58","statusCode":404,"requestId":"09acda9e-f658-40b6-a85c-24cff30a82af"}

 ✓ src/uploads.integration.test.ts (2 tests) 2247ms
   ✓ uploads and assets (R2 REAL_STAGING) > rejects unauthorized and invalid content-type/size  458ms
   ✓ uploads and assets (R2 REAL_STAGING) > presigns, uploads to R2, completes, reads, and deletes  1749ms
stdout | src/admin-operations.integration.test.ts > admin staff settings and knowledge operations > lists team members by permission scope and protects the last active owner
{"level":"info","time":"2026-07-28T08:19:44.650Z","service":"api","msg":"request.completed","method":"POST","url":"/v1/auth/login","statusCode":200,"requestId":"a4767170-1dc2-4daa-bfc5-5a641cd1516e"}

stdout | src/admin-operations.integration.test.ts > admin staff settings and knowledge operations > lists team members by permission scope and protects the last active owner
{"level":"info","time":"2026-07-28T08:19:44.861Z","service":"api","msg":"request.completed","method":"POST","url":"/v1/auth/login","statusCode":200,"requestId":"b09f4605-8119-4231-a9bf-9cb8c1868520"}

stdout | src/admin-operations.integration.test.ts > admin staff settings and knowledge operations > lists team members by permission scope and protects the last active owner
{"level":"info","time":"2026-07-28T08:19:44.881Z","service":"api","msg":"request.completed","method":"GET","url":"/v1/organizations/d215a186-f84d-4c7c-b75a-3189969999c2/team/members","statusCode":200,"requestId":"54ca300f-2e7a-4cf2-89b3-a61a9526c874"}

stdout | src/admin-operations.integration.test.ts > admin staff settings and knowledge operations > lists team members by permission scope and protects the last active owner
{"level":"info","time":"2026-07-28T08:19:44.907Z","service":"api","msg":"request.completed","method":"GET","url":"/v1/organizations/d215a186-f84d-4c7c-b75a-3189969999c2/team/members","statusCode":200,"requestId":"ac16df29-e61f-40a9-9594-fd9b0cc0e0ad"}

stdout | src/admin-operations.integration.test.ts > admin staff settings and knowledge operations > lists team members by permission scope and protects the last active owner
{"level":"info","time":"2026-07-28T08:19:44.911Z","service":"api","msg":"request.completed","method":"PATCH","url":"/v1/organizations/d215a186-f84d-4c7c-b75a-3189969999c2/team/members/399cea8c-e5e2-4230-9332-a2ad163f7120","statusCode":400,"requestId":"b2eca26d-6dbc-4a76-ad64-7d1a97f1a2be"}

stdout | src/admin-operations.integration.test.ts > admin staff settings and knowledge operations > updates team assignments with audit and denies unauthorized managers
{"level":"info","time":"2026-07-28T08:19:45.129Z","service":"api","msg":"request.completed","method":"POST","url":"/v1/auth/login","statusCode":200,"requestId":"173e820d-b98d-48d2-be4d-c437b384f24b"}

stdout | src/admin-operations.integration.test.ts > admin staff settings and knowledge operations > updates team assignments with audit and denies unauthorized managers
{"level":"info","time":"2026-07-28T08:19:45.341Z","service":"api","msg":"request.completed","method":"POST","url":"/v1/auth/login","statusCode":200,"requestId":"c96a2251-7014-4682-81f0-cb5dc45da8c8"}

stdout | src/admin-operations.integration.test.ts > admin staff settings and knowledge operations > updates team assignments with audit and denies unauthorized managers
{"level":"info","time":"2026-07-28T08:19:45.344Z","service":"api","msg":"request.completed","method":"PATCH","url":"/v1/organizations/d215a186-f84d-4c7c-b75a-3189969999c2/team/members/213cffce-2982-468c-aeea-4ab7890c98df","statusCode":403,"requestId":"66447e3c-0e24-4c23-b4d6-2130caaf51df"}

stdout | src/admin-operations.integration.test.ts > admin staff settings and knowledge operations > updates team assignments with audit and denies unauthorized managers
{"level":"info","time":"2026-07-28T08:19:45.347Z","service":"api","msg":"request.completed","method":"GET","url":"/v1/properties?organizationId=d215a186-f84d-4c7c-b75a-3189969999c2","statusCode":200,"requestId":"b1017608-8d89-47fe-b8bd-66ea950f5bd7"}

stdout | src/admin-operations.integration.test.ts > admin staff settings and knowledge operations > updates team assignments with audit and denies unauthorized managers
{"level":"info","time":"2026-07-28T08:19:45.364Z","service":"api","msg":"request.completed","method":"PATCH","url":"/v1/organizations/d215a186-f84d-4c7c-b75a-3189969999c2/team/members/213cffce-2982-468c-aeea-4ab7890c98df","statusCode":200,"requestId":"ef4c468a-7945-4539-b6bb-8c31a4e2e25d"}

stdout | src/admin-operations.integration.test.ts > admin staff settings and knowledge operations > validates organization settings and exposes security settings by permission
{"level":"info","time":"2026-07-28T08:19:45.574Z","service":"api","msg":"request.completed","method":"POST","url":"/v1/auth/login","statusCode":200,"requestId":"c5a688c7-d708-44ad-add1-eadd92fad82d"}

stdout | src/admin-operations.integration.test.ts > admin staff settings and knowledge operations > validates organization settings and exposes security settings by permission
{"level":"info","time":"2026-07-28T08:19:45.783Z","service":"api","msg":"request.completed","method":"POST","url":"/v1/auth/login","statusCode":200,"requestId":"08dcf2f6-e140-4a21-93c5-aeca876b3a60"}

stdout | src/admin-operations.integration.test.ts > admin staff settings and knowledge operations > validates organization settings and exposes security settings by permission
{"level":"info","time":"2026-07-28T08:19:45.786Z","service":"api","msg":"request.completed","method":"PATCH","url":"/v1/organizations/d215a186-f84d-4c7c-b75a-3189969999c2","statusCode":400,"requestId":"d470d97f-d96e-41eb-955b-056ba5480ebc"}

stdout | src/admin-operations.integration.test.ts > admin staff settings and knowledge operations > validates organization settings and exposes security settings by permission
{"level":"info","time":"2026-07-28T08:19:45.787Z","service":"api","msg":"request.completed","method":"GET","url":"/v1/organizations/d215a186-f84d-4c7c-b75a-3189969999c2/security-settings","statusCode":200,"requestId":"c2bb92a5-7da6-4d1a-bfac-a512ee5bd07f"}

stdout | src/admin-operations.integration.test.ts > admin staff settings and knowledge operations > validates organization settings and exposes security settings by permission
{"level":"info","time":"2026-07-28T08:19:45.789Z","service":"api","msg":"request.completed","method":"GET","url":"/v1/organizations/d215a186-f84d-4c7c-b75a-3189969999c2/security-settings","statusCode":403,"requestId":"39b1a1bf-b8f7-486a-bc4e-806d37061dda"}

stdout | src/admin-operations.integration.test.ts > admin staff settings and knowledge operations > publishes, unpublishes and deletes knowledge with confirmation and tenant checks
{"level":"info","time":"2026-07-28T08:19:45.998Z","service":"api","msg":"request.completed","method":"POST","url":"/v1/auth/login","statusCode":200,"requestId":"9a50f8dd-325e-4b6a-b367-a90b002b4a5e"}

stdout | src/admin-operations.integration.test.ts > admin staff settings and knowledge operations > publishes, unpublishes and deletes knowledge with confirmation and tenant checks
{"level":"info","time":"2026-07-28T08:19:46.207Z","service":"api","msg":"request.completed","method":"POST","url":"/v1/auth/login","statusCode":200,"requestId":"5d3026a5-a236-478b-ba69-51ed537ba0e0"}

stdout | src/admin-operations.integration.test.ts > admin staff settings and knowledge operations > publishes, unpublishes and deletes knowledge with confirmation and tenant checks
{"level":"info","time":"2026-07-28T08:19:46.209Z","service":"api","msg":"request.completed","method":"GET","url":"/v1/properties?organizationId=d215a186-f84d-4c7c-b75a-3189969999c2","statusCode":200,"requestId":"e1c96ecc-79a8-4d35-81a5-5a01752d0114"}

stdout | src/admin-operations.integration.test.ts > admin staff settings and knowledge operations > publishes, unpublishes and deletes knowledge with confirmation and tenant checks
{"level":"info","time":"2026-07-28T08:19:46.213Z","service":"api","msg":"request.completed","method":"POST","url":"/v1/properties/2abbeae8-2e6e-4bf5-8a21-183f057bad82/knowledge-sources","statusCode":200,"requestId":"9a0ec206-f193-445a-b689-eee94b7ec85f"}

stdout | src/admin-operations.integration.test.ts > admin staff settings and knowledge operations > publishes, unpublishes and deletes knowledge with confirmation and tenant checks
{"level":"info","time":"2026-07-28T08:19:46.215Z","service":"api","msg":"request.completed","method":"DELETE","url":"/v1/properties/2abbeae8-2e6e-4bf5-8a21-183f057bad82/knowledge-sources/681a0c8c-86f6-47fa-9c79-429c83aaf6d2","statusCode":403,"requestId":"5b9bd772-4666-42fb-8455-cae619842600"}

stdout | src/admin-operations.integration.test.ts > admin staff settings and knowledge operations > publishes, unpublishes and deletes knowledge with confirmation and tenant checks
{"level":"info","time":"2026-07-28T08:19:46.217Z","service":"api","msg":"request.completed","method":"POST","url":"/v1/properties/2abbeae8-2e6e-4bf5-8a21-183f057bad82/knowledge-sources/681a0c8c-86f6-47fa-9c79-429c83aaf6d2/publish","statusCode":200,"requestId":"0f5bac3b-853d-461e-83c9-1b0f9b43a52a"}

stdout | src/admin-operations.integration.test.ts > admin staff settings and knowledge operations > publishes, unpublishes and deletes knowledge with confirmation and tenant checks
{"level":"info","time":"2026-07-28T08:19:46.219Z","service":"api","msg":"request.completed","method":"POST","url":"/v1/properties/2abbeae8-2e6e-4bf5-8a21-183f057bad82/knowledge-sources/681a0c8c-86f6-47fa-9c79-429c83aaf6d2/unpublish","statusCode":400,"requestId":"0b4ed65b-dda0-4558-8609-9363e30c6a43"}

stdout | src/admin-operations.integration.test.ts > admin staff settings and knowledge operations > publishes, unpublishes and deletes knowledge with confirmation and tenant checks
{"level":"info","time":"2026-07-28T08:19:46.221Z","service":"api","msg":"request.completed","method":"POST","url":"/v1/properties/2abbeae8-2e6e-4bf5-8a21-183f057bad82/knowledge-sources/681a0c8c-86f6-47fa-9c79-429c83aaf6d2/unpublish","statusCode":200,"requestId":"abbf9ceb-b86b-4e0a-957a-32f72b877e86"}

stdout | src/admin-operations.integration.test.ts > admin staff settings and knowledge operations > publishes, unpublishes and deletes knowledge with confirmation and tenant checks
{"level":"info","time":"2026-07-28T08:19:46.222Z","service":"api","msg":"request.completed","method":"DELETE","url":"/v1/properties/2abbeae8-2e6e-4bf5-8a21-183f057bad82/knowledge-sources/681a0c8c-86f6-47fa-9c79-429c83aaf6d2","statusCode":400,"requestId":"7e093dac-e0c4-4e3a-9ee3-7c40ed473012"}

stdout | src/admin-operations.integration.test.ts > admin staff settings and knowledge operations > publishes, unpublishes and deletes knowledge with confirmation and tenant checks
{"level":"info","time":"2026-07-28T08:19:46.226Z","service":"api","msg":"request.completed","method":"DELETE","url":"/v1/properties/2abbeae8-2e6e-4bf5-8a21-183f057bad82/knowledge-sources/681a0c8c-86f6-47fa-9c79-429c83aaf6d2","statusCode":200,"requestId":"4d3f3f6d-3323-483a-af89-3d33f2c233bd"}

 ✓ src/admin-operations.integration.test.ts (4 tests) 1865ms
   ✓ admin staff settings and knowledge operations > lists team members by permission scope and protects the last active owner  512ms
   ✓ admin staff settings and knowledge operations > updates team assignments with audit and denies unauthorized managers  454ms
   ✓ admin staff settings and knowledge operations > validates organization settings and exposes security settings by permission  424ms
   ✓ admin staff settings and knowledge operations > publishes, unpublishes and deletes knowledge with confirmation and tenant checks  438ms
stdout | src/knowledge.integration.test.ts > knowledge source upload lifecycle > uploads a real text file, tracks status, and denies cross-tenant access
{"level":"info","time":"2026-07-28T08:19:46.922Z","service":"api","msg":"request.completed","method":"POST","url":"/v1/auth/login","statusCode":200,"requestId":"ec5c83c9-a15f-4fa4-a3c1-c44695ce323e"}

stdout | src/knowledge.integration.test.ts > knowledge source upload lifecycle > uploads a real text file, tracks status, and denies cross-tenant access
{"level":"info","time":"2026-07-28T08:19:46.927Z","service":"api","msg":"request.completed","method":"GET","url":"/v1/properties?organizationId=d215a186-f84d-4c7c-b75a-3189969999c2","statusCode":200,"requestId":"63ee799b-586f-48fe-a874-cc8fbfb75475"}

stdout | src/knowledge.integration.test.ts > knowledge source upload lifecycle > uploads a real text file, tracks status, and denies cross-tenant access
{"level":"info","time":"2026-07-28T08:19:47.049Z","service":"api","msg":"request.completed","method":"POST","url":"/v1/uploads/presign","statusCode":200,"requestId":"6064d2d8-7cd1-49c4-b113-5567ab643334"}

stdout | src/knowledge.integration.test.ts > knowledge source upload lifecycle > uploads a real text file, tracks status, and denies cross-tenant access
{"level":"info","time":"2026-07-28T08:19:47.566Z","service":"api","msg":"request.completed","method":"POST","url":"/v1/uploads/complete","statusCode":200,"requestId":"9eb41161-ecfe-4e14-9507-d050e0d2e4d0"}

stdout | src/knowledge.integration.test.ts > knowledge source upload lifecycle > uploads a real text file, tracks status, and denies cross-tenant access
{"level":"info","time":"2026-07-28T08:19:47.577Z","service":"api","msg":"request.completed","method":"POST","url":"/v1/properties/2abbeae8-2e6e-4bf5-8a21-183f057bad82/knowledge-sources","statusCode":200,"requestId":"14b32432-06b2-4a4f-8655-3aa654413cda"}

stdout | src/knowledge.integration.test.ts > knowledge source upload lifecycle > uploads a real text file, tracks status, and denies cross-tenant access
{"level":"info","time":"2026-07-28T08:19:47.586Z","service":"api","msg":"request.completed","method":"GET","url":"/v1/properties/2abbeae8-2e6e-4bf5-8a21-183f057bad82/knowledge-sources/11ef3961-eed4-4525-b072-608290d80b8b","statusCode":200,"requestId":"ef8f338f-a126-4fd7-bd38-b9da6d48ee4a"}

stdout | src/knowledge.integration.test.ts > knowledge source upload lifecycle > uploads a real text file, tracks status, and denies cross-tenant access
{"level":"info","time":"2026-07-28T08:19:47.590Z","service":"api","msg":"request.completed","method":"POST","url":"/v1/uploads/presign","statusCode":400,"requestId":"fd059eee-4837-4a4c-81f5-981af75783b3"}

stdout | src/knowledge.integration.test.ts > knowledge source upload lifecycle > uploads a real text file, tracks status, and denies cross-tenant access
{"level":"info","time":"2026-07-28T08:19:47.928Z","service":"api","msg":"request.completed","method":"POST","url":"/v1/auth/login","statusCode":200,"requestId":"b1b174b1-a528-41c3-a11a-6d366948eb4f"}

stdout | src/knowledge.integration.test.ts > knowledge source upload lifecycle > uploads a real text file, tracks status, and denies cross-tenant access
{"level":"info","time":"2026-07-28T08:19:47.932Z","service":"api","msg":"request.completed","method":"POST","url":"/v1/properties/2abbeae8-2e6e-4bf5-8a21-183f057bad82/knowledge-sources","statusCode":403,"requestId":"506fa405-881d-4404-b95a-ad6ee43160d1"}

stdout | src/knowledge.integration.test.ts > knowledge source upload lifecycle > uploads a real text file, tracks status, and denies cross-tenant access
{"level":"info","time":"2026-07-28T08:19:48.166Z","service":"api","msg":"request.completed","method":"POST","url":"/v1/auth/login","statusCode":200,"requestId":"b3471bc7-20e9-4c15-a5ba-dbbd934ce88a"}

stdout | src/knowledge.integration.test.ts > knowledge source upload lifecycle > uploads a real text file, tracks status, and denies cross-tenant access
{"level":"info","time":"2026-07-28T08:19:48.169Z","service":"api","msg":"request.completed","method":"GET","url":"/v1/properties/2abbeae8-2e6e-4bf5-8a21-183f057bad82/knowledge-sources","statusCode":403,"requestId":"658dd8ae-9c97-4a3a-9f8c-f90ebc366b36"}

 ✓ src/knowledge.integration.test.ts (1 test) 1743ms
   ✓ knowledge source upload lifecycle > uploads a real text file, tracks status, and denies cross-tenant access  1481ms
stdout | src/admin-audit.integration.test.ts > admin audit logs and exports > exports scoped CSV and protects formula-leading cells
{"level":"info","time":"2026-07-28T08:19:49.440Z","service":"api","msg":"request.completed","method":"POST","url":"/v1/auth/login","statusCode":200,"requestId":"f6fd211b-ea63-449d-923c-dc6bd961f1cc"}

stdout | src/admin-audit.integration.test.ts > admin audit logs and exports > exports scoped CSV and protects formula-leading cells
{"level":"info","time":"2026-07-28T08:19:49.739Z","service":"api","msg":"request.completed","method":"POST","url":"/v1/auth/login","statusCode":200,"requestId":"7f961014-ac4f-456a-9033-5831207fe428"}

stdout | src/admin-audit.integration.test.ts > admin audit logs and exports > exports scoped CSV and protects formula-leading cells
{"level":"info","time":"2026-07-28T08:19:50.010Z","service":"api","msg":"request.completed","method":"POST","url":"/v1/auth/login","statusCode":200,"requestId":"0b6eef49-ceb7-4273-b0c5-1e4c889ba10f"}

stdout | src/admin-audit.integration.test.ts > admin audit logs and exports > exports scoped CSV and protects formula-leading cells
{"level":"info","time":"2026-07-28T08:19:50.016Z","service":"api","msg":"request.completed","method":"GET","url":"/v1/properties?organizationId=d215a186-f84d-4c7c-b75a-3189969999c2","statusCode":200,"requestId":"fb658fd2-132d-4121-9c36-07647b4174c5"}

stdout | src/admin-audit.integration.test.ts > admin audit logs and exports > exports scoped CSV and protects formula-leading cells
{"level":"info","time":"2026-07-28T08:19:50.027Z","service":"api","msg":"request.completed","method":"GET","url":"/v1/admin/properties/3ab87d2a-0c78-4fac-aa15-515a733cc3ae/operations/requests/export?status=submitted&dateFrom=2026-08-07T08%3A19%3A50.016Z&dateTo=2026-08-07T08%3A19%3A51.016Z&limit=25","statusCode":200,"requestId":"5c437d2c-dc29-4092-9ada-0610f3fcff12"}

stdout | src/admin-audit.integration.test.ts > admin audit logs and exports > exports scoped CSV and protects formula-leading cells
{"level":"info","time":"2026-07-28T08:19:50.031Z","service":"api","msg":"request.completed","method":"GET","url":"/v1/admin/properties/3ab87d2a-0c78-4fac-aa15-515a733cc3ae/operations/requests/export?limit=25","statusCode":403,"requestId":"b952a8c6-55c7-4656-a7af-c76892e631d8"}

stdout | src/admin-audit.integration.test.ts > admin audit logs and exports > exports scoped CSV and protects formula-leading cells
{"level":"info","time":"2026-07-28T08:19:50.033Z","service":"api","msg":"request.completed","method":"GET","url":"/v1/admin/properties/3ab87d2a-0c78-4fac-aa15-515a733cc3ae/operations/requests/export?limit=25","statusCode":403,"requestId":"a4b72139-ed58-4a04-9065-214d6e909479"}

stdout | src/admin-audit.integration.test.ts > admin audit logs and exports > caps large exports with explicit truncation headers
{"level":"info","time":"2026-07-28T08:19:50.434Z","service":"api","msg":"request.completed","method":"POST","url":"/v1/auth/login","statusCode":200,"requestId":"8039aee1-2d3b-4309-966c-c1fa2b488ff9"}

stdout | src/admin-audit.integration.test.ts > admin audit logs and exports > caps large exports with explicit truncation headers
{"level":"info","time":"2026-07-28T08:19:50.437Z","service":"api","msg":"request.completed","method":"GET","url":"/v1/properties?organizationId=d215a186-f84d-4c7c-b75a-3189969999c2","statusCode":200,"requestId":"e26fd0f9-5088-4f34-9c9b-219beb30294c"}

stdout | src/admin-audit.integration.test.ts > admin audit logs and exports > caps large exports with explicit truncation headers
{"level":"info","time":"2026-07-28T08:19:50.446Z","service":"api","msg":"request.completed","method":"GET","url":"/v1/admin/properties/3ab87d2a-0c78-4fac-aa15-515a733cc3ae/operations/requests/export?dateFrom=2026-08-08T08%3A19%3A50.438Z&dateTo=2026-08-08T08%3A29%3A50.438Z&limit=2","statusCode":200,"requestId":"45f9db6f-e09b-46c4-be48-d864598e5a72"}

stdout | src/admin-audit.integration.test.ts > admin audit logs and exports > caps large exports with explicit truncation headers
{"level":"info","time":"2026-07-28T08:19:50.449Z","service":"api","msg":"request.completed","method":"GET","url":"/v1/admin/properties/3ab87d2a-0c78-4fac-aa15-515a733cc3ae/operations/requests/export?limit=5001","statusCode":400,"requestId":"5d7f5de4-3d18-4be7-959c-25d24b6debbf"}

stdout | src/admin-audit.integration.test.ts > admin audit logs and exports > filters immutable audit logs by tenant scope and redacts sensitive metadata
{"level":"info","time":"2026-07-28T08:19:50.708Z","service":"api","msg":"request.completed","method":"POST","url":"/v1/auth/login","statusCode":200,"requestId":"c86f6a9d-5e71-46d2-b38c-f53b32981077"}

stdout | src/admin-audit.integration.test.ts > admin audit logs and exports > filters immutable audit logs by tenant scope and redacts sensitive metadata
{"level":"info","time":"2026-07-28T08:19:50.953Z","service":"api","msg":"request.completed","method":"POST","url":"/v1/auth/login","statusCode":200,"requestId":"2bd4c3e8-a464-438c-82a3-f2cc0442364d"}

stdout | src/admin-audit.integration.test.ts > admin audit logs and exports > filters immutable audit logs by tenant scope and redacts sensitive metadata
{"level":"info","time":"2026-07-28T08:19:51.173Z","service":"api","msg":"request.completed","method":"POST","url":"/v1/auth/login","statusCode":200,"requestId":"79ad2f70-a378-436e-8498-59b5fa8d8123"}

stdout | src/admin-audit.integration.test.ts > admin audit logs and exports > filters immutable audit logs by tenant scope and redacts sensitive metadata
{"level":"info","time":"2026-07-28T08:19:51.175Z","service":"api","msg":"request.completed","method":"GET","url":"/v1/properties?organizationId=d215a186-f84d-4c7c-b75a-3189969999c2","statusCode":200,"requestId":"d489a682-7b5f-443b-af82-3790855d7fde"}

stdout | src/admin-audit.integration.test.ts > admin audit logs and exports > filters immutable audit logs by tenant scope and redacts sensitive metadata
{"level":"info","time":"2026-07-28T08:19:51.177Z","service":"api","msg":"request.completed","method":"GET","url":"/v1/properties?organizationId=d215a186-f84d-4c7c-b75a-3189969999c2","statusCode":200,"requestId":"7b8377f1-4d19-4d3b-952b-52e2f012bb30"}

stdout | src/admin-audit.integration.test.ts > admin audit logs and exports > filters immutable audit logs by tenant scope and redacts sensitive metadata
{"level":"info","time":"2026-07-28T08:19:51.184Z","service":"api","msg":"request.completed","method":"GET","url":"/v1/admin/organizations/d215a186-f84d-4c7c-b75a-3189969999c2/audit-logs?propertyId=3ab87d2a-0c78-4fac-aa15-515a733cc3ae&resourceType=request&q=audit-hotel-aaed7146-1750-418f-b9bf-589a25cd6727","statusCode":200,"requestId":"be45e15e-b044-406f-9f22-bcfcc0f32e91"}

stdout | src/admin-audit.integration.test.ts > admin audit logs and exports > filters immutable audit logs by tenant scope and redacts sensitive metadata
{"level":"info","time":"2026-07-28T08:19:51.195Z","service":"api","msg":"request.completed","method":"GET","url":"/v1/admin/organizations/d215a186-f84d-4c7c-b75a-3189969999c2/audit-logs?q=audit-","statusCode":200,"requestId":"3f285fb4-9450-4ca3-97b1-0800fc4fb5f9"}

stdout | src/admin-audit.integration.test.ts > admin audit logs and exports > filters immutable audit logs by tenant scope and redacts sensitive metadata
{"level":"info","time":"2026-07-28T08:19:51.198Z","service":"api","msg":"request.completed","method":"GET","url":"/v1/admin/organizations/d215a186-f84d-4c7c-b75a-3189969999c2/audit-logs","statusCode":403,"requestId":"ae933407-0eaf-4d2f-aeb8-e911babe9774"}

stdout | src/admin-audit.integration.test.ts > admin audit logs and exports > filters immutable audit logs by tenant scope and redacts sensitive metadata
{"level":"info","time":"2026-07-28T08:19:51.200Z","service":"api","msg":"request.completed","method":"PATCH","url":"/v1/admin/organizations/d215a186-f84d-4c7c-b75a-3189969999c2/audit-logs","statusCode":404,"requestId":"e6684b15-5ffd-4654-8c11-33ef3917e253"}

 ✓ src/admin-audit.integration.test.ts (3 tests) 2171ms
   ✓ admin audit logs and exports > exports scoped CSV and protects formula-leading cells  966ms
   ✓ admin audit logs and exports > caps large exports with explicit truncation headers  417ms
   ✓ admin audit logs and exports > filters immutable audit logs by tenant scope and redacts sensitive metadata  750ms
stdout | src/tenant.integration.test.ts > tenant isolation integration > prevents aurora owner from listing nomad properties
{"level":"info","time":"2026-07-28T08:19:51.963Z","service":"api","msg":"request.completed","method":"POST","url":"/v1/auth/login","statusCode":200,"requestId":"4f807538-4d50-4d22-889b-ea0d8872ae11"}

stdout | src/tenant.integration.test.ts > tenant isolation integration > prevents aurora owner from listing nomad properties
{"level":"info","time":"2026-07-28T08:19:52.263Z","service":"api","msg":"request.completed","method":"POST","url":"/v1/auth/login","statusCode":200,"requestId":"594dc6b6-64e3-4577-941b-aee4225fcb91"}

stdout | src/tenant.integration.test.ts > tenant isolation integration > prevents aurora owner from listing nomad properties
{"level":"info","time":"2026-07-28T08:19:52.268Z","service":"api","msg":"request.completed","method":"GET","url":"/v1/properties?organizationId=67e4e9e6-f0b4-4e7f-a247-674a503d4ba6","statusCode":403,"requestId":"4b16380d-81b6-4b2e-a992-5926bba4167e"}

stdout | src/tenant.integration.test.ts > tenant isolation integration > scopes property manager to assigned properties only
{"level":"info","time":"2026-07-28T08:19:52.484Z","service":"api","msg":"request.completed","method":"POST","url":"/v1/auth/login","statusCode":200,"requestId":"ec7cf69f-12e7-4332-99fd-8b9f38d99b68"}

stdout | src/tenant.integration.test.ts > tenant isolation integration > scopes property manager to assigned properties only
{"level":"info","time":"2026-07-28T08:19:52.488Z","service":"api","msg":"request.completed","method":"GET","url":"/v1/properties?organizationId=d215a186-f84d-4c7c-b75a-3189969999c2","statusCode":200,"requestId":"d0dede01-b5e1-4e06-9272-b2603d013a0e"}

stdout | src/tenant.integration.test.ts > tenant isolation integration > supports logout and session revocation
{"level":"info","time":"2026-07-28T08:19:52.698Z","service":"api","msg":"request.completed","method":"POST","url":"/v1/auth/login","statusCode":200,"requestId":"0a5a789e-d4d1-41e1-8376-627723db5114"}

stdout | src/tenant.integration.test.ts > tenant isolation integration > supports logout and session revocation
{"level":"info","time":"2026-07-28T08:19:52.700Z","service":"api","msg":"request.completed","method":"GET","url":"/v1/me","statusCode":200,"requestId":"660b4d22-fbde-4080-98ae-c0a07d0c80de"}

stdout | src/tenant.integration.test.ts > tenant isolation integration > supports logout and session revocation
{"level":"info","time":"2026-07-28T08:19:52.704Z","service":"api","msg":"request.completed","method":"POST","url":"/v1/auth/logout","statusCode":200,"requestId":"4ee0a42f-f80b-4748-99f1-f99c84d43faf"}

stdout | src/tenant.integration.test.ts > tenant isolation integration > supports logout and session revocation
{"level":"info","time":"2026-07-28T08:19:52.704Z","service":"api","msg":"request.completed","method":"GET","url":"/v1/me","statusCode":401,"requestId":"c8c8d754-aeef-4a6a-a899-02ef5c9491c7"}

stdout | src/tenant.integration.test.ts > tenant isolation integration > blocks IDOR property fetch across tenants
{"level":"info","time":"2026-07-28T08:19:53.017Z","service":"api","msg":"request.completed","method":"POST","url":"/v1/auth/login","statusCode":200,"requestId":"259c5a2f-a12f-4142-b122-745c325120d0"}

stdout | src/tenant.integration.test.ts > tenant isolation integration > blocks IDOR property fetch across tenants
{"level":"info","time":"2026-07-28T08:19:53.237Z","service":"api","msg":"request.completed","method":"POST","url":"/v1/auth/login","statusCode":200,"requestId":"2faf2251-4100-4c17-a4a0-aaed1e51d372"}

stdout | src/tenant.integration.test.ts > tenant isolation integration > blocks IDOR property fetch across tenants
{"level":"info","time":"2026-07-28T08:19:53.240Z","service":"api","msg":"request.completed","method":"GET","url":"/v1/properties?organizationId=67e4e9e6-f0b4-4e7f-a247-674a503d4ba6","statusCode":200,"requestId":"9a4c3e08-8fed-41f0-bcad-ed872dc63a54"}

stdout | src/tenant.integration.test.ts > tenant isolation integration > blocks IDOR property fetch across tenants
{"level":"info","time":"2026-07-28T08:19:53.242Z","service":"api","msg":"request.completed","method":"GET","url":"/v1/properties/8efde0b2-790a-49cd-8a14-20be5b6b29b1","statusCode":403,"requestId":"c93450b2-994b-450d-b9c5-1933aa2b0846"}

 ✓ src/tenant.integration.test.ts (5 tests) 1548ms
   ✓ tenant isolation integration > prevents aurora owner from listing nomad properties  541ms
   ✓ tenant isolation integration > blocks IDOR property fetch across tenants  536ms
stdout | src/realtime.integration.test.ts > realtime outbox delivery > replays tenant-scoped staff events and converges after reconnect without duplicates
{"level":"info","time":"2026-07-28T08:19:53.972Z","service":"api","msg":"request.completed","method":"POST","url":"/v1/auth/login","statusCode":200,"requestId":"9c5bfc09-651e-4dc5-9417-2df82a5e0173"}

stdout | src/realtime.integration.test.ts > realtime outbox delivery > replays tenant-scoped staff events and converges after reconnect without duplicates
{"level":"info","time":"2026-07-28T08:19:54.182Z","service":"api","msg":"request.completed","method":"POST","url":"/v1/auth/login","statusCode":200,"requestId":"42e1eb61-33f3-4817-b448-9c6976be9ec7"}

stdout | src/realtime.integration.test.ts > realtime outbox delivery > replays tenant-scoped staff events and converges after reconnect without duplicates
{"level":"info","time":"2026-07-28T08:19:54.393Z","service":"api","msg":"request.completed","method":"POST","url":"/v1/auth/login","statusCode":200,"requestId":"5d1bab62-daaa-4fdd-888f-2ad03497b6a3"}

stdout | src/realtime.integration.test.ts > realtime outbox delivery > replays tenant-scoped staff events and converges after reconnect without duplicates
{"level":"info","time":"2026-07-28T08:19:54.398Z","service":"api","msg":"request.completed","method":"GET","url":"/v1/properties?organizationId=d215a186-f84d-4c7c-b75a-3189969999c2","statusCode":200,"requestId":"52f82fd1-ee0a-499c-83d8-9006ca8da02d"}

stdout | src/realtime.integration.test.ts > realtime outbox delivery > replays tenant-scoped staff events and converges after reconnect without duplicates
{"level":"info","time":"2026-07-28T08:19:54.400Z","service":"api","msg":"request.completed","method":"GET","url":"/v1/properties/3ab87d2a-0c78-4fac-aa15-515a733cc3ae/locations","statusCode":200,"requestId":"b6ff8955-05fc-44d4-a9e9-697f084380cb"}

stdout | src/realtime.integration.test.ts > realtime outbox delivery > replays tenant-scoped staff events and converges after reconnect without duplicates
{"level":"info","time":"2026-07-28T08:19:54.409Z","service":"api","msg":"request.completed","method":"POST","url":"/v1/properties/3ab87d2a-0c78-4fac-aa15-515a733cc3ae/qr-codes","statusCode":200,"requestId":"bc9bf0f3-7ed1-4d5e-8915-39638b74cee8"}

stdout | src/realtime.integration.test.ts > realtime outbox delivery > replays tenant-scoped staff events and converges after reconnect without duplicates
{"level":"info","time":"2026-07-28T08:19:54.413Z","service":"api","msg":"request.completed","method":"POST","url":"/v1/guest/sessions","statusCode":200,"requestId":"d43120c7-307d-46f2-9ae5-3aa4e10011b9"}

stdout | src/realtime.integration.test.ts > realtime outbox delivery > replays tenant-scoped staff events and converges after reconnect without duplicates
{"level":"info","time":"2026-07-28T08:19:54.416Z","service":"api","msg":"request.completed","method":"POST","url":"/v1/guest/conversations","statusCode":200,"requestId":"bcb74a37-f298-405f-ad89-f9b3f7273c47"}

stdout | src/realtime.integration.test.ts > realtime outbox delivery > replays tenant-scoped staff events and converges after reconnect without duplicates
{"level":"info","time":"2026-07-28T08:19:54.421Z","service":"api","msg":"request.completed","method":"POST","url":"/v1/guest/conversations/768bfc9d-02e4-4c49-b0d2-0d3c17c650bf/messages","statusCode":200,"requestId":"9c1b105a-b877-4fe0-9aff-2f11daaf701b"}

stdout | src/realtime.integration.test.ts > realtime outbox delivery > replays tenant-scoped staff events and converges after reconnect without duplicates
{"level":"info","time":"2026-07-28T08:19:54.425Z","service":"api","msg":"request.completed","method":"POST","url":"/v1/guest/request-drafts","statusCode":200,"requestId":"42bc8e40-9729-4f95-a569-67bbc8f9fa81"}

stdout | src/realtime.integration.test.ts > realtime outbox delivery > replays tenant-scoped staff events and converges after reconnect without duplicates
{"level":"info","time":"2026-07-28T08:19:54.433Z","service":"api","msg":"request.completed","method":"POST","url":"/v1/guest/request-drafts/d85a0d59-3ce1-4271-8970-57e558953522/confirm","statusCode":200,"requestId":"bd6cf996-6223-4e2f-a399-bf3a508aa110"}

stdout | src/realtime.integration.test.ts > realtime outbox delivery > replays tenant-scoped staff events and converges after reconnect without duplicates
{"level":"info","time":"2026-07-28T08:19:54.436Z","service":"api","msg":"request.completed","method":"GET","url":"/v1/staff/realtime/events?propertyId=3ab87d2a-0c78-4fac-aa15-515a733cc3ae","statusCode":403,"requestId":"0fb1a738-ea7f-4969-a6d2-2f1b02b4a9b7"}

stdout | src/realtime.integration.test.ts > realtime outbox delivery > replays tenant-scoped staff events and converges after reconnect without duplicates
{"level":"info","time":"2026-07-28T08:19:54.443Z","service":"api","msg":"request.completed","method":"GET","url":"/v1/staff/realtime/events?propertyId=3ab87d2a-0c78-4fac-aa15-515a733cc3ae&limit=20","statusCode":200,"requestId":"4c0e462b-dcb6-43b6-a282-f00396bbd613"}

stdout | src/realtime.integration.test.ts > realtime outbox delivery > replays tenant-scoped staff events and converges after reconnect without duplicates
{"level":"info","time":"2026-07-28T08:19:54.450Z","service":"api","msg":"request.completed","method":"POST","url":"/v1/staff/requests/ef0a5c4f-32d4-47a7-98cf-1c787aa6065c/accept","statusCode":200,"requestId":"d3c2fc4e-503e-4d2d-ac91-e3f5b67c9061"}

stdout | src/realtime.integration.test.ts > realtime outbox delivery > replays tenant-scoped staff events and converges after reconnect without duplicates
{"level":"info","time":"2026-07-28T08:19:54.453Z","service":"api","msg":"request.completed","method":"GET","url":"/v1/staff/realtime/events?propertyId=3ab87d2a-0c78-4fac-aa15-515a733cc3ae&lastEventId=62dd1714-d88e-4e08-a2ec-6d4fdab14f98&limit=20","statusCode":200,"requestId":"5789ff1f-907a-4a7f-b7dd-da8c6057d97b"}

stdout | src/realtime.integration.test.ts > realtime outbox delivery > replays tenant-scoped staff events and converges after reconnect without duplicates
{"level":"info","time":"2026-07-28T08:19:54.456Z","service":"api","msg":"request.completed","method":"GET","url":"/v1/staff/realtime/events?propertyId=3ab87d2a-0c78-4fac-aa15-515a733cc3ae&lastEventId=8c66bd83-c894-4d02-8d45-d3040229dc0d&limit=20","statusCode":200,"requestId":"28a5a588-0ca7-40ca-8c4e-5e6139e56c82"}

stdout | src/realtime.integration.test.ts > realtime outbox delivery > delivers only the guest session events needed for status convergence
{"level":"info","time":"2026-07-28T08:19:54.667Z","service":"api","msg":"request.completed","method":"POST","url":"/v1/auth/login","statusCode":200,"requestId":"991bd330-7e2d-4311-a34d-b7017c8c7317"}

stdout | src/realtime.integration.test.ts > realtime outbox delivery > delivers only the guest session events needed for status convergence
{"level":"info","time":"2026-07-28T08:19:54.883Z","service":"api","msg":"request.completed","method":"POST","url":"/v1/auth/login","statusCode":200,"requestId":"bd620fa9-8b0f-4949-adb0-8d7f2ba65951"}

stdout | src/realtime.integration.test.ts > realtime outbox delivery > delivers only the guest session events needed for status convergence
{"level":"info","time":"2026-07-28T08:19:54.885Z","service":"api","msg":"request.completed","method":"GET","url":"/v1/properties?organizationId=d215a186-f84d-4c7c-b75a-3189969999c2","statusCode":200,"requestId":"edcf34d7-5fbd-4406-95a6-cc3405de9ca9"}

stdout | src/realtime.integration.test.ts > realtime outbox delivery > delivers only the guest session events needed for status convergence
{"level":"info","time":"2026-07-28T08:19:54.888Z","service":"api","msg":"request.completed","method":"GET","url":"/v1/properties/3ab87d2a-0c78-4fac-aa15-515a733cc3ae/locations","statusCode":200,"requestId":"87c0c85e-a5fb-4699-a2b9-102fb0492914"}

stdout | src/realtime.integration.test.ts > realtime outbox delivery > delivers only the guest session events needed for status convergence
{"level":"info","time":"2026-07-28T08:19:54.892Z","service":"api","msg":"request.completed","method":"POST","url":"/v1/properties/3ab87d2a-0c78-4fac-aa15-515a733cc3ae/qr-codes","statusCode":200,"requestId":"12346c27-26a2-4a4f-b6a3-cd7a493809de"}

stdout | src/realtime.integration.test.ts > realtime outbox delivery > delivers only the guest session events needed for status convergence
{"level":"info","time":"2026-07-28T08:19:54.894Z","service":"api","msg":"request.completed","method":"POST","url":"/v1/guest/sessions","statusCode":200,"requestId":"4e6723d9-52c2-4bd6-bb1b-c919576303b0"}

stdout | src/realtime.integration.test.ts > realtime outbox delivery > delivers only the guest session events needed for status convergence
{"level":"info","time":"2026-07-28T08:19:54.896Z","service":"api","msg":"request.completed","method":"POST","url":"/v1/guest/conversations","statusCode":200,"requestId":"ec3c86a0-acbf-41b9-b2e1-f970497494d5"}

stdout | src/realtime.integration.test.ts > realtime outbox delivery > delivers only the guest session events needed for status convergence
{"level":"info","time":"2026-07-28T08:19:54.900Z","service":"api","msg":"request.completed","method":"POST","url":"/v1/guest/conversations/f0f4b8af-979b-4579-b098-c584c37b3377/messages","statusCode":200,"requestId":"23b5aaa7-0e89-446f-a33e-0bb5cc580359"}

stdout | src/realtime.integration.test.ts > realtime outbox delivery > delivers only the guest session events needed for status convergence
{"level":"info","time":"2026-07-28T08:19:54.903Z","service":"api","msg":"request.completed","method":"POST","url":"/v1/guest/request-drafts","statusCode":200,"requestId":"068e0aba-4503-46ff-bcf3-8f9e25d37022"}

stdout | src/realtime.integration.test.ts > realtime outbox delivery > delivers only the guest session events needed for status convergence
{"level":"info","time":"2026-07-28T08:19:54.910Z","service":"api","msg":"request.completed","method":"POST","url":"/v1/guest/request-drafts/062a8eb8-9ef2-423f-826f-e42e3001b59d/confirm","statusCode":200,"requestId":"f30cfe06-71d4-40ba-98bc-fe60cc38a22d"}

stdout | src/realtime.integration.test.ts > realtime outbox delivery > delivers only the guest session events needed for status convergence
{"level":"info","time":"2026-07-28T08:19:55.149Z","service":"api","msg":"request.completed","method":"POST","url":"/v1/auth/login","statusCode":200,"requestId":"b8d79862-edcd-44b5-b022-ce576ea5b1be"}

stdout | src/realtime.integration.test.ts > realtime outbox delivery > delivers only the guest session events needed for status convergence
{"level":"info","time":"2026-07-28T08:19:55.151Z","service":"api","msg":"request.completed","method":"GET","url":"/v1/properties?organizationId=d215a186-f84d-4c7c-b75a-3189969999c2","statusCode":200,"requestId":"1822bab7-d0e9-472c-bfad-0bf49f011d61"}

stdout | src/realtime.integration.test.ts > realtime outbox delivery > delivers only the guest session events needed for status convergence
{"level":"info","time":"2026-07-28T08:19:55.153Z","service":"api","msg":"request.completed","method":"GET","url":"/v1/properties/3ab87d2a-0c78-4fac-aa15-515a733cc3ae/locations","statusCode":200,"requestId":"da3e8dea-22a3-4f29-a4da-070a71095ca9"}

stdout | src/realtime.integration.test.ts > realtime outbox delivery > delivers only the guest session events needed for status convergence
{"level":"info","time":"2026-07-28T08:19:55.156Z","service":"api","msg":"request.completed","method":"POST","url":"/v1/properties/3ab87d2a-0c78-4fac-aa15-515a733cc3ae/qr-codes","statusCode":200,"requestId":"76eda267-80df-4283-907b-3866940e039d"}

stdout | src/realtime.integration.test.ts > realtime outbox delivery > delivers only the guest session events needed for status convergence
{"level":"info","time":"2026-07-28T08:19:55.158Z","service":"api","msg":"request.completed","method":"POST","url":"/v1/guest/sessions","statusCode":200,"requestId":"5d1f865e-b417-47f1-bdb3-ed992be9d1b7"}

stdout | src/realtime.integration.test.ts > realtime outbox delivery > delivers only the guest session events needed for status convergence
{"level":"info","time":"2026-07-28T08:19:55.172Z","service":"api","msg":"request.completed","method":"GET","url":"/v1/guest/realtime/events?limit=20","statusCode":200,"requestId":"75d750d4-a82d-4e54-8609-0a435166e80b"}

stdout | src/realtime.integration.test.ts > realtime outbox delivery > delivers only the guest session events needed for status convergence
{"level":"info","time":"2026-07-28T08:19:55.193Z","service":"api","msg":"request.completed","method":"POST","url":"/v1/staff/requests/f935347d-9ff1-4397-af3d-8b6c2a6c99d3/accept","statusCode":200,"requestId":"585e5d89-7052-44d1-9828-94e5fe18d028"}

stdout | src/realtime.integration.test.ts > realtime outbox delivery > delivers only the guest session events needed for status convergence
{"level":"info","time":"2026-07-28T08:19:55.205Z","service":"api","msg":"request.completed","method":"GET","url":"/v1/guest/realtime/events?lastEventId=fcb17a27-3f09-4548-bbd4-4b997b0498e3&limit=20","statusCode":200,"requestId":"084b131a-39bb-49a4-9ab0-3902c3e70047"}

stdout | src/realtime.integration.test.ts > realtime outbox delivery > delivers only the guest session events needed for status convergence
{"level":"info","time":"2026-07-28T08:19:55.211Z","service":"api","msg":"request.completed","method":"GET","url":"/v1/guest/realtime/events?limit=20","statusCode":200,"requestId":"d7b94d41-0bab-445f-aab5-a81fe288567b"}

 ✓ src/realtime.integration.test.ts (2 tests) 1505ms
   ✓ realtime outbox delivery > replays tenant-scoped staff events and converges after reconnect without duplicates  722ms
   ✓ realtime outbox delivery > delivers only the guest session events needed for status convergence  755ms
stdout | src/analytics.integration.test.ts > admin analytics dashboard > aggregates QR, sessions, requests, orders and top services from tenant data
{"level":"info","time":"2026-07-28T08:19:56.498Z","service":"api","msg":"request.completed","method":"POST","url":"/v1/auth/login","statusCode":200,"requestId":"4effa9fb-431f-4ce9-9b81-a6c826770b08"}

stdout | src/analytics.integration.test.ts > admin analytics dashboard > aggregates QR, sessions, requests, orders and top services from tenant data
{"level":"info","time":"2026-07-28T08:19:56.506Z","service":"api","msg":"request.completed","method":"GET","url":"/v1/properties?organizationId=d215a186-f84d-4c7c-b75a-3189969999c2","statusCode":200,"requestId":"5f959448-c2c3-4514-9b09-6356719a075f"}

stdout | src/analytics.integration.test.ts > admin analytics dashboard > aggregates QR, sessions, requests, orders and top services from tenant data
{"level":"info","time":"2026-07-28T08:19:56.559Z","service":"api","msg":"request.completed","method":"GET","url":"/v1/admin/properties/3ab87d2a-0c78-4fac-aa15-515a733cc3ae/analytics?dateFrom=2026-02-14T00:00:00.000Z&dateTo=2026-02-15T00:00:00.000Z","statusCode":200,"requestId":"16dfc3c3-b62b-4fe7-9e81-a62bb3eb4fbd"}

stdout | src/analytics.integration.test.ts > admin analytics dashboard > respects property timezone day boundaries
{"level":"info","time":"2026-07-28T08:19:56.795Z","service":"api","msg":"request.completed","method":"POST","url":"/v1/auth/login","statusCode":200,"requestId":"02d6dd76-09ae-465a-a2bf-73663f93b063"}

stdout | src/analytics.integration.test.ts > admin analytics dashboard > respects property timezone day boundaries
{"level":"info","time":"2026-07-28T08:19:56.800Z","service":"api","msg":"request.completed","method":"GET","url":"/v1/properties?organizationId=d215a186-f84d-4c7c-b75a-3189969999c2","statusCode":200,"requestId":"651115fb-15e8-4c43-9ab3-bd736d5227fe"}

stdout | src/analytics.integration.test.ts > admin analytics dashboard > respects property timezone day boundaries
{"level":"info","time":"2026-07-28T08:19:56.820Z","service":"api","msg":"request.completed","method":"GET","url":"/v1/admin/properties/3ab87d2a-0c78-4fac-aa15-515a733cc3ae/analytics?dateFrom=2026-02-13T17:00:00.000Z&dateTo=2026-02-14T17:00:00.000Z&timezone=Asia%2FHo_Chi_Minh","statusCode":200,"requestId":"d61e2ed9-eb1f-48cf-926c-20ed368e0084"}

stdout | src/analytics.integration.test.ts > admin analytics dashboard > prevents tenant leakage and enforces analytics permission
{"level":"info","time":"2026-07-28T08:19:57.050Z","service":"api","msg":"request.completed","method":"POST","url":"/v1/auth/login","statusCode":200,"requestId":"30718bb3-7072-454f-961a-338110a63007"}

stdout | src/analytics.integration.test.ts > admin analytics dashboard > prevents tenant leakage and enforces analytics permission
{"level":"info","time":"2026-07-28T08:19:57.643Z","service":"api","msg":"request.completed","method":"POST","url":"/v1/auth/login","statusCode":200,"requestId":"dca51068-d02a-4124-aec8-4946030ef4b6"}

stdout | src/analytics.integration.test.ts > admin analytics dashboard > prevents tenant leakage and enforces analytics permission
{"level":"info","time":"2026-07-28T08:19:57.878Z","service":"api","msg":"request.completed","method":"POST","url":"/v1/auth/login","statusCode":200,"requestId":"b26a5265-aa4f-4c97-9eae-37eb1686f03e"}

stdout | src/analytics.integration.test.ts > admin analytics dashboard > prevents tenant leakage and enforces analytics permission
{"level":"info","time":"2026-07-28T08:19:57.889Z","service":"api","msg":"request.completed","method":"GET","url":"/v1/properties?organizationId=d215a186-f84d-4c7c-b75a-3189969999c2","statusCode":200,"requestId":"e7e600bb-d82a-4686-824a-0a9fdbf6748c"}

stdout | src/analytics.integration.test.ts > admin analytics dashboard > prevents tenant leakage and enforces analytics permission
{"level":"info","time":"2026-07-28T08:19:57.894Z","service":"api","msg":"request.completed","method":"GET","url":"/v1/properties?organizationId=67e4e9e6-f0b4-4e7f-a247-674a503d4ba6","statusCode":200,"requestId":"fe5c9603-dede-492c-baff-44845091d05f"}

stdout | src/analytics.integration.test.ts > admin analytics dashboard > prevents tenant leakage and enforces analytics permission
{"level":"info","time":"2026-07-28T08:19:57.900Z","service":"api","msg":"request.completed","method":"GET","url":"/v1/admin/properties/3ab87d2a-0c78-4fac-aa15-515a733cc3ae/analytics?dateFrom=2026-02-14T00:00:00.000Z&dateTo=2026-02-15T00:00:00.000Z","statusCode":403,"requestId":"bdcb5e12-68b7-4a8f-bdc7-f3f6207de400"}

stdout | src/analytics.integration.test.ts > admin analytics dashboard > prevents tenant leakage and enforces analytics permission
{"level":"info","time":"2026-07-28T08:19:57.905Z","service":"api","msg":"request.completed","method":"GET","url":"/v1/admin/properties/8efde0b2-790a-49cd-8a14-20be5b6b29b1/analytics?dateFrom=2026-02-14T00:00:00.000Z&dateTo=2026-02-15T00:00:00.000Z","statusCode":403,"requestId":"28433878-5cc6-4976-96a7-24989651ff3a"}

stdout | src/analytics.integration.test.ts > admin analytics dashboard > prevents tenant leakage and enforces analytics permission
{"level":"info","time":"2026-07-28T08:19:57.914Z","service":"api","msg":"request.completed","method":"GET","url":"/v1/admin/properties/3ab87d2a-0c78-4fac-aa15-515a733cc3ae/analytics?dateFrom=2026-02-14T00:00:00.000Z&dateTo=2026-02-15T00:00:00.000Z","statusCode":200,"requestId":"3ad0f645-dd45-452d-bc46-a7776dbae26b"}

 ✓ src/analytics.integration.test.ts (4 tests) 2127ms
   ✓ admin analytics dashboard > aggregates QR, sessions, requests, orders and top services from tenant data  725ms
   ✓ admin analytics dashboard > prevents tenant leakage and enforces analytics permission  1094ms
stdout | src/branding.integration.test.ts > property settings and branding > allows owner to update property settings and branding
{"level":"info","time":"2026-07-28T08:19:58.797Z","service":"api","msg":"request.completed","method":"POST","url":"/v1/auth/login","statusCode":200,"requestId":"262ce58d-be41-40a1-9108-941184dc034c"}

stdout | src/branding.integration.test.ts > property settings and branding > allows owner to update property settings and branding
{"level":"info","time":"2026-07-28T08:19:58.802Z","service":"api","msg":"request.completed","method":"GET","url":"/v1/properties?organizationId=d215a186-f84d-4c7c-b75a-3189969999c2","statusCode":200,"requestId":"c5cef138-2ad4-440a-873c-9cca9e5baf5a"}

stdout | src/branding.integration.test.ts > property settings and branding > allows owner to update property settings and branding
{"level":"info","time":"2026-07-28T08:19:58.806Z","service":"api","msg":"request.completed","method":"PATCH","url":"/v1/properties/2abbeae8-2e6e-4bf5-8a21-183f057bad82","statusCode":200,"requestId":"1ace830f-8401-4b07-b7cf-ba0c6049b33b"}

stdout | src/branding.integration.test.ts > property settings and branding > allows owner to update property settings and branding
{"level":"info","time":"2026-07-28T08:19:58.811Z","service":"api","msg":"request.completed","method":"PUT","url":"/v1/properties/2abbeae8-2e6e-4bf5-8a21-183f057bad82/branding","statusCode":200,"requestId":"67769974-cf05-4489-bc13-ab2615c11c68"}

stdout | src/branding.integration.test.ts > property settings and branding > allows owner to update property settings and branding
{"level":"info","time":"2026-07-28T08:19:58.816Z","service":"api","msg":"request.completed","method":"GET","url":"/v1/properties/2abbeae8-2e6e-4bf5-8a21-183f057bad82/branding","statusCode":200,"requestId":"f3409923-ec4e-4afa-a81f-3c67a4d715ef"}

stdout | src/branding.integration.test.ts > property settings and branding > rejects invalid branding and unauthorized content manager mutation
{"level":"info","time":"2026-07-28T08:19:59.063Z","service":"api","msg":"request.completed","method":"POST","url":"/v1/auth/login","statusCode":200,"requestId":"5a620a9f-7aa9-4b61-af58-6f591761501a"}

stdout | src/branding.integration.test.ts > property settings and branding > rejects invalid branding and unauthorized content manager mutation
{"level":"info","time":"2026-07-28T08:19:59.066Z","service":"api","msg":"request.completed","method":"GET","url":"/v1/properties?organizationId=d215a186-f84d-4c7c-b75a-3189969999c2","statusCode":200,"requestId":"7fe68bc2-144c-4ced-9bd5-4f241fdbe364"}

stdout | src/branding.integration.test.ts > property settings and branding > rejects invalid branding and unauthorized content manager mutation
{"level":"info","time":"2026-07-28T08:19:59.068Z","service":"api","msg":"request.completed","method":"PUT","url":"/v1/properties/8d283b2a-6ccd-4ab9-99be-79604deac640/branding","statusCode":400,"requestId":"ba2fa683-5630-48c9-891f-5398834ab152"}

stdout | src/branding.integration.test.ts > property settings and branding > rejects invalid branding and unauthorized content manager mutation
{"level":"info","time":"2026-07-28T08:19:59.314Z","service":"api","msg":"request.completed","method":"POST","url":"/v1/auth/login","statusCode":200,"requestId":"1d2b476f-7119-48b4-b131-fdf772213671"}

stdout | src/branding.integration.test.ts > property settings and branding > rejects invalid branding and unauthorized content manager mutation
{"level":"info","time":"2026-07-28T08:19:59.316Z","service":"api","msg":"request.completed","method":"PATCH","url":"/v1/properties/3ab87d2a-0c78-4fac-aa15-515a733cc3ae","statusCode":403,"requestId":"80543963-282d-441f-94ab-fbe11c6335f9"}

stdout | src/branding.integration.test.ts > property settings and branding > isolates branding reads across organizations
{"level":"info","time":"2026-07-28T08:19:59.607Z","service":"api","msg":"request.completed","method":"POST","url":"/v1/auth/login","statusCode":200,"requestId":"b4ecf9ca-e76d-479d-a787-21a8f927076a"}

stdout | src/branding.integration.test.ts > property settings and branding > isolates branding reads across organizations
{"level":"info","time":"2026-07-28T08:19:59.907Z","service":"api","msg":"request.completed","method":"POST","url":"/v1/auth/login","statusCode":200,"requestId":"d6d3bafd-e691-4962-8dcc-0631a17a5da4"}

stdout | src/branding.integration.test.ts > property settings and branding > isolates branding reads across organizations
{"level":"info","time":"2026-07-28T08:19:59.909Z","service":"api","msg":"request.completed","method":"GET","url":"/v1/properties?organizationId=d215a186-f84d-4c7c-b75a-3189969999c2","statusCode":200,"requestId":"e4aa4e77-028b-4c0f-8d14-3bdd01b7ff08"}

stdout | src/branding.integration.test.ts > property settings and branding > isolates branding reads across organizations
{"level":"info","time":"2026-07-28T08:19:59.910Z","service":"api","msg":"request.completed","method":"GET","url":"/v1/properties/8d283b2a-6ccd-4ab9-99be-79604deac640/branding","statusCode":403,"requestId":"7f972bd9-671b-43ad-bd4d-e886085d99a7"}

 ✓ src/branding.integration.test.ts (3 tests) 1389ms
   ✓ property settings and branding > rejects invalid branding and unauthorized content manager mutation  500ms
   ✓ property settings and branding > isolates branding reads across organizations  595ms
stdout | src/portal.integration.test.ts > portal draft and templates > creates draft from template and autosaves with optimistic versioning
{"level":"info","time":"2026-07-28T08:20:01.016Z","service":"api","msg":"request.completed","method":"POST","url":"/v1/auth/login","statusCode":200,"requestId":"4e9890aa-b1b3-4003-a1bf-b9ebc509cfa9"}

stdout | src/portal.integration.test.ts > portal draft and templates > creates draft from template and autosaves with optimistic versioning
{"level":"info","time":"2026-07-28T08:20:01.022Z","service":"api","msg":"request.completed","method":"GET","url":"/v1/properties?organizationId=d215a186-f84d-4c7c-b75a-3189969999c2","statusCode":200,"requestId":"0081500e-2f29-41e8-9a13-0b924a28cb48"}

stdout | src/portal.integration.test.ts > portal draft and templates > creates draft from template and autosaves with optimistic versioning
{"level":"info","time":"2026-07-28T08:20:01.027Z","service":"api","msg":"request.completed","method":"GET","url":"/v1/properties/8d283b2a-6ccd-4ab9-99be-79604deac640/portal/draft","statusCode":200,"requestId":"68c26c04-6f5f-4a52-9034-d2e1f9ae3850"}

stdout | src/portal.integration.test.ts > portal draft and templates > creates draft from template and autosaves with optimistic versioning
{"level":"info","time":"2026-07-28T08:20:01.038Z","service":"api","msg":"request.completed","method":"PUT","url":"/v1/properties/8d283b2a-6ccd-4ab9-99be-79604deac640/portal/draft","statusCode":200,"requestId":"f2dc54c1-6c12-40e0-8a2c-ebb75f27aa93"}

stdout | src/portal.integration.test.ts > portal draft and templates > creates draft from template and autosaves with optimistic versioning
{"level":"info","time":"2026-07-28T08:20:01.041Z","service":"api","msg":"request.completed","method":"PUT","url":"/v1/properties/8d283b2a-6ccd-4ab9-99be-79604deac640/portal/draft","statusCode":409,"requestId":"9af7e1b5-3025-44ce-becd-565832187a54"}

stdout | src/portal.integration.test.ts > portal draft and templates > creates draft from template and autosaves with optimistic versioning
{"level":"info","time":"2026-07-28T08:20:01.043Z","service":"api","msg":"request.completed","method":"PUT","url":"/v1/properties/8d283b2a-6ccd-4ab9-99be-79604deac640/portal/draft","statusCode":400,"requestId":"52b1c6de-01d3-4da5-a349-6d50b04b26f1"}

stdout | src/portal.integration.test.ts > portal draft and templates > creates draft from template and autosaves with optimistic versioning
{"level":"info","time":"2026-07-28T08:20:01.046Z","service":"api","msg":"request.completed","method":"POST","url":"/v1/properties/8d283b2a-6ccd-4ab9-99be-79604deac640/portal/validate","statusCode":200,"requestId":"0d2e3054-89c8-4d70-b714-2f9763620824"}

stdout | src/portal.integration.test.ts > portal draft and templates > enforces tenant isolation and portal.update permission
{"level":"info","time":"2026-07-28T08:20:01.261Z","service":"api","msg":"request.completed","method":"POST","url":"/v1/auth/login","statusCode":200,"requestId":"ed819cb6-4f3f-4311-a48b-14e7a61d17ec"}

stdout | src/portal.integration.test.ts > portal draft and templates > enforces tenant isolation and portal.update permission
{"level":"info","time":"2026-07-28T08:20:01.263Z","service":"api","msg":"request.completed","method":"GET","url":"/v1/properties?organizationId=d215a186-f84d-4c7c-b75a-3189969999c2","statusCode":200,"requestId":"4f8cd81a-5035-45cc-80eb-ad8aa8680769"}

stdout | src/portal.integration.test.ts > portal draft and templates > enforces tenant isolation and portal.update permission
{"level":"info","time":"2026-07-28T08:20:01.473Z","service":"api","msg":"request.completed","method":"POST","url":"/v1/auth/login","statusCode":200,"requestId":"dc8e6302-785a-454a-8648-46917c05dcc3"}

stdout | src/portal.integration.test.ts > portal draft and templates > enforces tenant isolation and portal.update permission
{"level":"info","time":"2026-07-28T08:20:01.475Z","service":"api","msg":"request.completed","method":"PUT","url":"/v1/properties/8d283b2a-6ccd-4ab9-99be-79604deac640/portal/draft","statusCode":403,"requestId":"485a8344-cab5-4c1f-af39-3db9acc4e644"}

stdout | src/portal.integration.test.ts > portal draft and templates > enforces tenant isolation and portal.update permission
{"level":"info","time":"2026-07-28T08:20:01.685Z","service":"api","msg":"request.completed","method":"POST","url":"/v1/auth/login","statusCode":200,"requestId":"fe4f9650-82d7-4f61-b5ba-d490f2c7a66e"}

stdout | src/portal.integration.test.ts > portal draft and templates > enforces tenant isolation and portal.update permission
{"level":"info","time":"2026-07-28T08:20:01.688Z","service":"api","msg":"request.completed","method":"GET","url":"/v1/properties/8d283b2a-6ccd-4ab9-99be-79604deac640/portal/draft","statusCode":403,"requestId":"a6ce0f1b-1686-4824-a221-785936628398"}

stdout | src/portal.integration.test.ts > portal draft and templates > enforces tenant isolation and portal.update permission
{"level":"info","time":"2026-07-28T08:20:01.691Z","service":"api","msg":"request.completed","method":"GET","url":"/v1/portal/templates","statusCode":200,"requestId":"5d0f74e9-6642-4031-a618-01d11631244a"}

stdout | src/portal.integration.test.ts > portal draft and templates > previews draft by locale/device and blocks cross-property locations
{"level":"info","time":"2026-07-28T08:20:01.899Z","service":"api","msg":"request.completed","method":"POST","url":"/v1/auth/login","statusCode":200,"requestId":"de0cf6f5-5fe3-448c-9694-6660ffacee1c"}

stdout | src/portal.integration.test.ts > portal draft and templates > previews draft by locale/device and blocks cross-property locations
{"level":"info","time":"2026-07-28T08:20:01.901Z","service":"api","msg":"request.completed","method":"GET","url":"/v1/properties?organizationId=d215a186-f84d-4c7c-b75a-3189969999c2","statusCode":200,"requestId":"8cc74abf-efe1-4312-8138-2a3cd2870bdc"}

stdout | src/portal.integration.test.ts > portal draft and templates > previews draft by locale/device and blocks cross-property locations
{"level":"info","time":"2026-07-28T08:20:01.904Z","service":"api","msg":"request.completed","method":"GET","url":"/v1/properties/8d283b2a-6ccd-4ab9-99be-79604deac640/locations","statusCode":200,"requestId":"113aab3d-cea0-4a48-989b-d00af89fb9c7"}

stdout | src/portal.integration.test.ts > portal draft and templates > previews draft by locale/device and blocks cross-property locations
{"level":"info","time":"2026-07-28T08:20:01.906Z","service":"api","msg":"request.completed","method":"GET","url":"/v1/properties/8d283b2a-6ccd-4ab9-99be-79604deac640/portal/preview?locale=vi&device=phone&locationId=0ceda895-7f35-4203-8e21-e6d5adde9f69","statusCode":200,"requestId":"e8dbf89a-462b-442c-b21b-9e1b4ba81ac8"}

stdout | src/portal.integration.test.ts > portal draft and templates > previews draft by locale/device and blocks cross-property locations
{"level":"info","time":"2026-07-28T08:20:01.908Z","service":"api","msg":"request.completed","method":"GET","url":"/v1/properties/8d283b2a-6ccd-4ab9-99be-79604deac640/portal/preview?locationId=a7745504-2391-453f-9796-e32e4cbc4655","statusCode":403,"requestId":"cb490d5e-ee54-4b8c-9a94-1c796bc7bc9a"}

stdout | src/portal.integration.test.ts > portal draft and templates > previews draft by locale/device and blocks cross-property locations
{"level":"info","time":"2026-07-28T08:20:01.911Z","service":"api","msg":"request.completed","method":"PUT","url":"/v1/properties/8d283b2a-6ccd-4ab9-99be-79604deac640/portal/navigation","statusCode":200,"requestId":"49130c15-71cc-44ab-a425-38265cfda8de"}

 ✓ src/portal.integration.test.ts (3 tests) 1192ms
   ✓ portal draft and templates > enforces tenant isolation and portal.update permission  645ms
stdout | src/voice-live.integration.test.ts > Gemini Live token endpoint > requires guest authorization and a configured provider credential
{"level":"info","time":"2026-07-28T08:20:02.432Z","service":"api","msg":"request.completed","method":"POST","url":"/v1/guest/live-sessions","statusCode":401,"requestId":"b0aee09e-dd81-41d9-966f-6e384a379c16"}

stdout | src/voice-live.integration.test.ts > Gemini Live token endpoint > requires guest authorization and a configured provider credential
{"level":"info","time":"2026-07-28T08:20:02.658Z","service":"api","msg":"request.completed","method":"POST","url":"/v1/auth/login","statusCode":200,"requestId":"b2a56fa5-baf5-43c0-a128-e9ea52008fb5"}

stdout | src/voice-live.integration.test.ts > Gemini Live token endpoint > requires guest authorization and a configured provider credential
{"level":"info","time":"2026-07-28T08:20:02.662Z","service":"api","msg":"request.completed","method":"GET","url":"/v1/properties?organizationId=d215a186-f84d-4c7c-b75a-3189969999c2","statusCode":200,"requestId":"58456556-d303-4bc8-8be6-338f83bb3f7e"}

stdout | src/voice-live.integration.test.ts > Gemini Live token endpoint > requires guest authorization and a configured provider credential
{"level":"info","time":"2026-07-28T08:20:02.665Z","service":"api","msg":"request.completed","method":"GET","url":"/v1/properties/8d283b2a-6ccd-4ab9-99be-79604deac640/locations","statusCode":200,"requestId":"de21c90b-1671-438e-99f6-add38d53d279"}

stdout | src/voice-live.integration.test.ts > Gemini Live token endpoint > requires guest authorization and a configured provider credential
{"level":"info","time":"2026-07-28T08:20:02.670Z","service":"api","msg":"request.completed","method":"POST","url":"/v1/properties/8d283b2a-6ccd-4ab9-99be-79604deac640/qr-codes","statusCode":200,"requestId":"86ce272e-4cc0-4ca3-8b74-e325be429178"}

stdout | src/voice-live.integration.test.ts > Gemini Live token endpoint > requires guest authorization and a configured provider credential
{"level":"info","time":"2026-07-28T08:20:02.673Z","service":"api","msg":"request.completed","method":"POST","url":"/v1/guest/sessions","statusCode":200,"requestId":"814e3d93-2a78-4b73-8268-85c8040acc40"}

stdout | src/voice-live.integration.test.ts > Gemini Live token endpoint > requires guest authorization and a configured provider credential
{"level":"info","time":"2026-07-28T08:20:02.676Z","service":"api","msg":"request.completed","method":"POST","url":"/v1/guest/conversations","statusCode":200,"requestId":"cacbadf1-c5a5-44c5-863b-18575d187208"}

stdout | src/voice-live.integration.test.ts > Gemini Live token endpoint > requires guest authorization and a configured provider credential
{"level":"info","time":"2026-07-28T08:20:02.681Z","service":"api","msg":"request.completed","method":"POST","url":"/v1/guest/live-sessions","statusCode":503,"requestId":"ce95e948-aced-4ad8-87e8-fbf2d78fa5d9"}

stdout | src/voice-live.integration.test.ts > Gemini Live token endpoint > issues scoped ephemeral tokens without leaking the provider key
{"level":"info","time":"2026-07-28T08:20:02.924Z","service":"api","msg":"request.completed","method":"POST","url":"/v1/auth/login","statusCode":200,"requestId":"7df5469f-e6c3-4f6d-bf9b-ed5d59666e23"}

stdout | src/voice-live.integration.test.ts > Gemini Live token endpoint > issues scoped ephemeral tokens without leaking the provider key
{"level":"info","time":"2026-07-28T08:20:02.926Z","service":"api","msg":"request.completed","method":"GET","url":"/v1/properties?organizationId=d215a186-f84d-4c7c-b75a-3189969999c2","statusCode":200,"requestId":"aaa73840-0c8d-43a6-af68-73114c4704fd"}

stdout | src/voice-live.integration.test.ts > Gemini Live token endpoint > issues scoped ephemeral tokens without leaking the provider key
{"level":"info","time":"2026-07-28T08:20:02.928Z","service":"api","msg":"request.completed","method":"GET","url":"/v1/properties/8d283b2a-6ccd-4ab9-99be-79604deac640/locations","statusCode":200,"requestId":"1607fc3d-fee5-4ae8-b712-ea87653f4698"}

stdout | src/voice-live.integration.test.ts > Gemini Live token endpoint > issues scoped ephemeral tokens without leaking the provider key
{"level":"info","time":"2026-07-28T08:20:02.933Z","service":"api","msg":"request.completed","method":"POST","url":"/v1/properties/8d283b2a-6ccd-4ab9-99be-79604deac640/qr-codes","statusCode":200,"requestId":"8e64526e-8249-4bf2-8ef7-5b58504c6945"}

stdout | src/voice-live.integration.test.ts > Gemini Live token endpoint > issues scoped ephemeral tokens without leaking the provider key
{"level":"info","time":"2026-07-28T08:20:02.935Z","service":"api","msg":"request.completed","method":"POST","url":"/v1/guest/sessions","statusCode":200,"requestId":"b32a5295-376b-454d-a2f8-bc027c54d29f"}

stdout | src/voice-live.integration.test.ts > Gemini Live token endpoint > issues scoped ephemeral tokens without leaking the provider key
{"level":"info","time":"2026-07-28T08:20:02.938Z","service":"api","msg":"request.completed","method":"POST","url":"/v1/guest/conversations","statusCode":200,"requestId":"2ddb81ad-238d-4d92-8113-072ebc01ca0e"}

stdout | src/voice-live.integration.test.ts > Gemini Live token endpoint > issues scoped ephemeral tokens without leaking the provider key
{"level":"info","time":"2026-07-28T08:20:02.941Z","service":"api","msg":"request.completed","method":"POST","url":"/v1/guest/live-sessions","statusCode":200,"requestId":"11baa0a4-539c-4062-884a-e45972625b21"}

stdout | src/voice-live.integration.test.ts > Gemini Live token endpoint > denies cross-session conversation scope and rate limits token creation
{"level":"info","time":"2026-07-28T08:20:03.149Z","service":"api","msg":"request.completed","method":"POST","url":"/v1/auth/login","statusCode":200,"requestId":"b57f4994-1d3c-4c37-a22a-4ab82e1e7934"}

stdout | src/voice-live.integration.test.ts > Gemini Live token endpoint > denies cross-session conversation scope and rate limits token creation
{"level":"info","time":"2026-07-28T08:20:03.151Z","service":"api","msg":"request.completed","method":"GET","url":"/v1/properties?organizationId=d215a186-f84d-4c7c-b75a-3189969999c2","statusCode":200,"requestId":"789d2bbb-d52b-4ca4-a147-865bbdbcc786"}

stdout | src/voice-live.integration.test.ts > Gemini Live token endpoint > denies cross-session conversation scope and rate limits token creation
{"level":"info","time":"2026-07-28T08:20:03.153Z","service":"api","msg":"request.completed","method":"GET","url":"/v1/properties/8d283b2a-6ccd-4ab9-99be-79604deac640/locations","statusCode":200,"requestId":"8150e55b-c18e-4d4c-acfa-6307f1041b51"}

stdout | src/voice-live.integration.test.ts > Gemini Live token endpoint > denies cross-session conversation scope and rate limits token creation
{"level":"info","time":"2026-07-28T08:20:03.156Z","service":"api","msg":"request.completed","method":"POST","url":"/v1/properties/8d283b2a-6ccd-4ab9-99be-79604deac640/qr-codes","statusCode":200,"requestId":"ee2a8f52-287b-445c-bce0-7d377b325163"}

stdout | src/voice-live.integration.test.ts > Gemini Live token endpoint > denies cross-session conversation scope and rate limits token creation
{"level":"info","time":"2026-07-28T08:20:03.158Z","service":"api","msg":"request.completed","method":"POST","url":"/v1/guest/sessions","statusCode":200,"requestId":"33ead803-2b5c-40f9-b5fc-1630c6b863d4"}

stdout | src/voice-live.integration.test.ts > Gemini Live token endpoint > denies cross-session conversation scope and rate limits token creation
{"level":"info","time":"2026-07-28T08:20:03.370Z","service":"api","msg":"request.completed","method":"POST","url":"/v1/auth/login","statusCode":200,"requestId":"2e0c6b1b-997e-45d7-9557-8292d369d671"}

stdout | src/voice-live.integration.test.ts > Gemini Live token endpoint > denies cross-session conversation scope and rate limits token creation
{"level":"info","time":"2026-07-28T08:20:03.372Z","service":"api","msg":"request.completed","method":"GET","url":"/v1/properties?organizationId=d215a186-f84d-4c7c-b75a-3189969999c2","statusCode":200,"requestId":"1f0741a1-e761-425b-b57a-3d5e3934ea97"}

stdout | src/voice-live.integration.test.ts > Gemini Live token endpoint > denies cross-session conversation scope and rate limits token creation
{"level":"info","time":"2026-07-28T08:20:03.374Z","service":"api","msg":"request.completed","method":"GET","url":"/v1/properties/8d283b2a-6ccd-4ab9-99be-79604deac640/locations","statusCode":200,"requestId":"e3e8948f-693b-4683-8656-2012b1e907a4"}

stdout | src/voice-live.integration.test.ts > Gemini Live token endpoint > denies cross-session conversation scope and rate limits token creation
{"level":"info","time":"2026-07-28T08:20:03.378Z","service":"api","msg":"request.completed","method":"POST","url":"/v1/properties/8d283b2a-6ccd-4ab9-99be-79604deac640/qr-codes","statusCode":200,"requestId":"2fe30ac1-202d-46f6-b2d3-749ab879f2bd"}

stdout | src/voice-live.integration.test.ts > Gemini Live token endpoint > denies cross-session conversation scope and rate limits token creation
{"level":"info","time":"2026-07-28T08:20:03.380Z","service":"api","msg":"request.completed","method":"POST","url":"/v1/guest/sessions","statusCode":200,"requestId":"783516c0-9c6c-4bdb-a26d-15b5a6ef8265"}

stdout | src/voice-live.integration.test.ts > Gemini Live token endpoint > denies cross-session conversation scope and rate limits token creation
{"level":"info","time":"2026-07-28T08:20:03.382Z","service":"api","msg":"request.completed","method":"POST","url":"/v1/guest/conversations","statusCode":200,"requestId":"e5510181-bc12-41ff-be0d-5922a14131aa"}

stdout | src/voice-live.integration.test.ts > Gemini Live token endpoint > denies cross-session conversation scope and rate limits token creation
{"level":"info","time":"2026-07-28T08:20:03.384Z","service":"api","msg":"request.completed","method":"POST","url":"/v1/guest/live-sessions","statusCode":404,"requestId":"c8350596-f0e6-46bb-8b03-d7b5ec9642fe"}

stdout | src/voice-live.integration.test.ts > Gemini Live token endpoint > denies cross-session conversation scope and rate limits token creation
{"level":"info","time":"2026-07-28T08:20:03.385Z","service":"api","msg":"request.completed","method":"POST","url":"/v1/guest/live-sessions","statusCode":200,"requestId":"364c2d9e-4348-4f35-a5d0-47a868c590a4"}

stdout | src/voice-live.integration.test.ts > Gemini Live token endpoint > denies cross-session conversation scope and rate limits token creation
{"level":"info","time":"2026-07-28T08:20:03.387Z","service":"api","msg":"request.completed","method":"POST","url":"/v1/guest/live-sessions","statusCode":200,"requestId":"197f6182-2f74-46c7-a389-ec4736d82b04"}

stdout | src/voice-live.integration.test.ts > Gemini Live token endpoint > denies cross-session conversation scope and rate limits token creation
{"level":"info","time":"2026-07-28T08:20:03.389Z","service":"api","msg":"request.completed","method":"POST","url":"/v1/guest/live-sessions","statusCode":200,"requestId":"802e47ce-6c52-427b-adad-f1fe78db3099"}

stdout | src/voice-live.integration.test.ts > Gemini Live token endpoint > denies cross-session conversation scope and rate limits token creation
{"level":"info","time":"2026-07-28T08:20:03.391Z","service":"api","msg":"request.completed","method":"POST","url":"/v1/guest/live-sessions","statusCode":200,"requestId":"c2446cf6-3715-4517-bd9c-1400b978c27d"}

stdout | src/voice-live.integration.test.ts > Gemini Live token endpoint > denies cross-session conversation scope and rate limits token creation
{"level":"info","time":"2026-07-28T08:20:03.392Z","service":"api","msg":"request.completed","method":"POST","url":"/v1/guest/live-sessions","statusCode":200,"requestId":"c8b06756-a308-406d-8eaf-9826c1697150"}

stdout | src/voice-live.integration.test.ts > Gemini Live token endpoint > denies cross-session conversation scope and rate limits token creation
{"level":"info","time":"2026-07-28T08:20:03.394Z","service":"api","msg":"request.completed","method":"POST","url":"/v1/guest/live-sessions","statusCode":200,"requestId":"739f5059-f61b-47e4-bf6b-52cf4d9efc6a"}

stdout | src/voice-live.integration.test.ts > Gemini Live token endpoint > denies cross-session conversation scope and rate limits token creation
{"level":"info","time":"2026-07-28T08:20:03.395Z","service":"api","msg":"request.completed","method":"POST","url":"/v1/guest/live-sessions","statusCode":429,"requestId":"d16e59f4-20a5-4d14-aefc-339f146ed21f"}

 ✓ src/voice-live.integration.test.ts (3 tests) 997ms
   ✓ Gemini Live token endpoint > denies cross-session conversation scope and rate limits token creation  453ms
stdout | src/qr.integration.test.ts > qr token lifecycle > creates opaque tokens, resolves, disables, downloads, and enforces permissions
{"level":"info","time":"2026-07-28T08:20:04.104Z","service":"api","msg":"request.completed","method":"POST","url":"/v1/auth/login","statusCode":200,"requestId":"dd6f498b-4b9a-4fc0-8aab-8b41c9e9e846"}

stdout | src/qr.integration.test.ts > qr token lifecycle > creates opaque tokens, resolves, disables, downloads, and enforces permissions
{"level":"info","time":"2026-07-28T08:20:04.109Z","service":"api","msg":"request.completed","method":"GET","url":"/v1/properties?organizationId=d215a186-f84d-4c7c-b75a-3189969999c2","statusCode":200,"requestId":"c4ffe9df-9c17-45c0-8110-ea7f53bb5e19"}

stdout | src/qr.integration.test.ts > qr token lifecycle > creates opaque tokens, resolves, disables, downloads, and enforces permissions
{"level":"info","time":"2026-07-28T08:20:04.112Z","service":"api","msg":"request.completed","method":"GET","url":"/v1/properties/8d283b2a-6ccd-4ab9-99be-79604deac640/locations","statusCode":200,"requestId":"a8a5e38e-5125-4a72-aa15-eb8def85760c"}

stdout | src/qr.integration.test.ts > qr token lifecycle > creates opaque tokens, resolves, disables, downloads, and enforces permissions
{"level":"info","time":"2026-07-28T08:20:04.117Z","service":"api","msg":"request.completed","method":"POST","url":"/v1/properties/8d283b2a-6ccd-4ab9-99be-79604deac640/qr-codes","statusCode":200,"requestId":"a5ad014f-38bc-4d85-a4f3-1c9d033dcdc1"}

stdout | src/qr.integration.test.ts > qr token lifecycle > creates opaque tokens, resolves, disables, downloads, and enforces permissions
{"level":"info","time":"2026-07-28T08:20:04.120Z","service":"api","msg":"request.completed","method":"POST","url":"/v1/guest/resolve-qr","statusCode":200,"requestId":"19a8c52f-2c8a-46f3-9132-2c83ac8fb9f2"}

stdout | src/qr.integration.test.ts > qr token lifecycle > creates opaque tokens, resolves, disables, downloads, and enforces permissions
{"level":"info","time":"2026-07-28T08:20:04.124Z","service":"api","msg":"request.completed","method":"PATCH","url":"/v1/properties/8d283b2a-6ccd-4ab9-99be-79604deac640/qr-codes/0b49856a-0ae9-4673-b86e-478ae526a219","statusCode":200,"requestId":"2546848b-3a97-42ee-a039-a16e4d7048a5"}

stdout | src/qr.integration.test.ts > qr token lifecycle > creates opaque tokens, resolves, disables, downloads, and enforces permissions
{"level":"info","time":"2026-07-28T08:20:04.129Z","service":"api","msg":"request.completed","method":"POST","url":"/v1/guest/resolve-qr","statusCode":200,"requestId":"0b5e55fa-5779-46d6-ad37-54443568aaeb"}

stdout | src/qr.integration.test.ts > qr token lifecycle > creates opaque tokens, resolves, disables, downloads, and enforces permissions
{"level":"info","time":"2026-07-28T08:20:04.135Z","service":"api","msg":"request.completed","method":"GET","url":"/v1/properties/8d283b2a-6ccd-4ab9-99be-79604deac640/qr-codes/0b49856a-0ae9-4673-b86e-478ae526a219/download?format=svg","statusCode":200,"requestId":"c20a37fc-ed1d-4578-be1e-b96beab7a3df"}

stdout | src/qr.integration.test.ts > qr token lifecycle > creates opaque tokens, resolves, disables, downloads, and enforces permissions
{"level":"info","time":"2026-07-28T08:20:04.139Z","service":"api","msg":"request.completed","method":"PATCH","url":"/v1/properties/8d283b2a-6ccd-4ab9-99be-79604deac640/qr-codes/0b49856a-0ae9-4673-b86e-478ae526a219","statusCode":200,"requestId":"5cd91633-b68a-42b1-b290-9999edbb5e4a"}

stdout | src/qr.integration.test.ts > qr token lifecycle > creates opaque tokens, resolves, disables, downloads, and enforces permissions
{"level":"info","time":"2026-07-28T08:20:04.140Z","service":"api","msg":"request.completed","method":"POST","url":"/v1/guest/resolve-qr","statusCode":404,"requestId":"04ec7378-bcfb-43fd-86c7-e9797399c2da"}

stdout | src/qr.integration.test.ts > qr token lifecycle > creates opaque tokens, resolves, disables, downloads, and enforces permissions
{"level":"info","time":"2026-07-28T08:20:04.141Z","service":"api","msg":"request.completed","method":"POST","url":"/v1/guest/resolve-qr","statusCode":404,"requestId":"bdc817c6-336e-48e5-bd3a-5018d977a21c"}

stdout | src/qr.integration.test.ts > qr token lifecycle > creates opaque tokens, resolves, disables, downloads, and enforces permissions
{"level":"info","time":"2026-07-28T08:20:04.350Z","service":"api","msg":"request.completed","method":"POST","url":"/v1/auth/login","statusCode":200,"requestId":"f234f010-2ef3-4bcc-918d-1356cc1d4209"}

stdout | src/qr.integration.test.ts > qr token lifecycle > creates opaque tokens, resolves, disables, downloads, and enforces permissions
{"level":"info","time":"2026-07-28T08:20:04.352Z","service":"api","msg":"request.completed","method":"POST","url":"/v1/properties/8d283b2a-6ccd-4ab9-99be-79604deac640/qr-codes","statusCode":403,"requestId":"ebd95844-5f2c-4c88-ad01-e50dc9ad33b5"}

stdout | src/qr.integration.test.ts > qr token lifecycle > creates opaque tokens, resolves, disables, downloads, and enforces permissions
{"level":"info","time":"2026-07-28T08:20:04.561Z","service":"api","msg":"request.completed","method":"POST","url":"/v1/auth/login","statusCode":200,"requestId":"caf2f5cb-2a27-4e68-b234-9301a9d9d1ce"}

stdout | src/qr.integration.test.ts > qr token lifecycle > creates opaque tokens, resolves, disables, downloads, and enforces permissions
{"level":"info","time":"2026-07-28T08:20:04.563Z","service":"api","msg":"request.completed","method":"GET","url":"/v1/properties/8d283b2a-6ccd-4ab9-99be-79604deac640/qr-codes","statusCode":403,"requestId":"deaef7a7-3b78-4350-ab6a-754c5911df77"}

stdout | src/qr.integration.test.ts > qr token lifecycle > rate limits QR resolution
{"level":"info","time":"2026-07-28T08:20:04.564Z","service":"api","msg":"request.completed","method":"POST","url":"/v1/guest/resolve-qr","statusCode":404,"requestId":"7bb66638-4fc6-47de-a459-2f7442d0f835"}

stdout | src/qr.integration.test.ts > qr token lifecycle > rate limits QR resolution
{"level":"info","time":"2026-07-28T08:20:04.565Z","service":"api","msg":"request.completed","method":"POST","url":"/v1/guest/resolve-qr","statusCode":404,"requestId":"778010ed-e2c2-45ba-aebf-e0647e175ec9"}

stdout | src/qr.integration.test.ts > qr token lifecycle > rate limits QR resolution
{"level":"info","time":"2026-07-28T08:20:04.566Z","service":"api","msg":"request.completed","method":"POST","url":"/v1/guest/resolve-qr","statusCode":404,"requestId":"bfe06ac4-b390-47dc-9cbd-7006c2383693"}

stdout | src/qr.integration.test.ts > qr token lifecycle > rate limits QR resolution
{"level":"info","time":"2026-07-28T08:20:04.566Z","service":"api","msg":"request.completed","method":"POST","url":"/v1/guest/resolve-qr","statusCode":404,"requestId":"07d3c6cc-f7bc-483f-a7bb-474e6c032b4b"}

stdout | src/qr.integration.test.ts > qr token lifecycle > rate limits QR resolution
{"level":"info","time":"2026-07-28T08:20:04.567Z","service":"api","msg":"request.completed","method":"POST","url":"/v1/guest/resolve-qr","statusCode":404,"requestId":"61f64c24-6543-44a6-bd18-86229d4f5aa0"}

stdout | src/qr.integration.test.ts > qr token lifecycle > rate limits QR resolution
{"level":"info","time":"2026-07-28T08:20:04.568Z","service":"api","msg":"request.completed","method":"POST","url":"/v1/guest/resolve-qr","statusCode":404,"requestId":"2418130c-9fae-49d0-9530-5ce8bb545dc7"}

stdout | src/qr.integration.test.ts > qr token lifecycle > rate limits QR resolution
{"level":"info","time":"2026-07-28T08:20:04.569Z","service":"api","msg":"request.completed","method":"POST","url":"/v1/guest/resolve-qr","statusCode":404,"requestId":"51a34697-df1e-4612-8e05-0968cfaaed38"}

stdout | src/qr.integration.test.ts > qr token lifecycle > rate limits QR resolution
{"level":"info","time":"2026-07-28T08:20:04.570Z","service":"api","msg":"request.completed","method":"POST","url":"/v1/guest/resolve-qr","statusCode":404,"requestId":"89461291-d999-4f5a-8f96-30b30186b238"}

stdout | src/qr.integration.test.ts > qr token lifecycle > rate limits QR resolution
{"level":"info","time":"2026-07-28T08:20:04.570Z","service":"api","msg":"request.completed","method":"POST","url":"/v1/guest/resolve-qr","statusCode":404,"requestId":"c1501ce4-4a70-4a25-85d9-cc7c2e877259"}

stdout | src/qr.integration.test.ts > qr token lifecycle > rate limits QR resolution
{"level":"info","time":"2026-07-28T08:20:04.571Z","service":"api","msg":"request.completed","method":"POST","url":"/v1/guest/resolve-qr","statusCode":404,"requestId":"44e0e89f-cb8c-4c05-aa71-5c28434cc6c4"}

stdout | src/qr.integration.test.ts > qr token lifecycle > rate limits QR resolution
{"level":"info","time":"2026-07-28T08:20:04.572Z","service":"api","msg":"request.completed","method":"POST","url":"/v1/guest/resolve-qr","statusCode":404,"requestId":"8357df6f-80da-4d32-a37e-a0228ce97233"}

stdout | src/qr.integration.test.ts > qr token lifecycle > rate limits QR resolution
{"level":"info","time":"2026-07-28T08:20:04.573Z","service":"api","msg":"request.completed","method":"POST","url":"/v1/guest/resolve-qr","statusCode":404,"requestId":"591c8dd1-ba2f-48b5-ae57-b903409448b9"}

stdout | src/qr.integration.test.ts > qr token lifecycle > rate limits QR resolution
{"level":"info","time":"2026-07-28T08:20:04.573Z","service":"api","msg":"request.completed","method":"POST","url":"/v1/guest/resolve-qr","statusCode":404,"requestId":"927c3e27-283f-43fc-b73a-8a34bc45b05e"}

stdout | src/qr.integration.test.ts > qr token lifecycle > rate limits QR resolution
{"level":"info","time":"2026-07-28T08:20:04.574Z","service":"api","msg":"request.completed","method":"POST","url":"/v1/guest/resolve-qr","statusCode":404,"requestId":"efa1950a-cec4-4454-ba40-f0e38a1eec9d"}

stdout | src/qr.integration.test.ts > qr token lifecycle > rate limits QR resolution
{"level":"info","time":"2026-07-28T08:20:04.575Z","service":"api","msg":"request.completed","method":"POST","url":"/v1/guest/resolve-qr","statusCode":404,"requestId":"3545dc19-1451-4d88-81c1-5c83fc398054"}

stdout | src/qr.integration.test.ts > qr token lifecycle > rate limits QR resolution
{"level":"info","time":"2026-07-28T08:20:04.575Z","service":"api","msg":"request.completed","method":"POST","url":"/v1/guest/resolve-qr","statusCode":404,"requestId":"d3dd093f-0995-4d26-a501-3830a448d66f"}

stdout | src/qr.integration.test.ts > qr token lifecycle > rate limits QR resolution
{"level":"info","time":"2026-07-28T08:20:04.576Z","service":"api","msg":"request.completed","method":"POST","url":"/v1/guest/resolve-qr","statusCode":404,"requestId":"24bfe1ca-dc49-4755-bd5d-c1147958bf0b"}

stdout | src/qr.integration.test.ts > qr token lifecycle > rate limits QR resolution
{"level":"info","time":"2026-07-28T08:20:04.577Z","service":"api","msg":"request.completed","method":"POST","url":"/v1/guest/resolve-qr","statusCode":404,"requestId":"f1269b00-6493-41d6-96e7-fe34dabbdc5f"}

stdout | src/qr.integration.test.ts > qr token lifecycle > rate limits QR resolution
{"level":"info","time":"2026-07-28T08:20:04.578Z","service":"api","msg":"request.completed","method":"POST","url":"/v1/guest/resolve-qr","statusCode":404,"requestId":"a098f0db-c33d-4b76-b354-0df3fffc7e12"}

stdout | src/qr.integration.test.ts > qr token lifecycle > rate limits QR resolution
{"level":"info","time":"2026-07-28T08:20:04.578Z","service":"api","msg":"request.completed","method":"POST","url":"/v1/guest/resolve-qr","statusCode":404,"requestId":"0677457d-91f3-400e-88ec-77da626c8a02"}

stdout | src/qr.integration.test.ts > qr token lifecycle > rate limits QR resolution
{"level":"info","time":"2026-07-28T08:20:04.579Z","service":"api","msg":"request.completed","method":"POST","url":"/v1/guest/resolve-qr","statusCode":404,"requestId":"00eb2f88-e794-40db-837d-7ba8f830611f"}

stdout | src/qr.integration.test.ts > qr token lifecycle > rate limits QR resolution
{"level":"info","time":"2026-07-28T08:20:04.579Z","service":"api","msg":"request.completed","method":"POST","url":"/v1/guest/resolve-qr","statusCode":404,"requestId":"4653a702-e1f2-4861-a84c-a6734718c4ed"}

stdout | src/qr.integration.test.ts > qr token lifecycle > rate limits QR resolution
{"level":"info","time":"2026-07-28T08:20:04.580Z","service":"api","msg":"request.completed","method":"POST","url":"/v1/guest/resolve-qr","statusCode":404,"requestId":"f492b181-912e-4738-855e-3503b329a8a0"}

stdout | src/qr.integration.test.ts > qr token lifecycle > rate limits QR resolution
{"level":"info","time":"2026-07-28T08:20:04.581Z","service":"api","msg":"request.completed","method":"POST","url":"/v1/guest/resolve-qr","statusCode":404,"requestId":"2f334363-7a1d-489e-a60a-33ee5bafc394"}

stdout | src/qr.integration.test.ts > qr token lifecycle > rate limits QR resolution
{"level":"info","time":"2026-07-28T08:20:04.582Z","service":"api","msg":"request.completed","method":"POST","url":"/v1/guest/resolve-qr","statusCode":404,"requestId":"24ff20e5-f8f5-4395-8369-618f09a3e3b0"}

stdout | src/qr.integration.test.ts > qr token lifecycle > rate limits QR resolution
{"level":"info","time":"2026-07-28T08:20:04.582Z","service":"api","msg":"request.completed","method":"POST","url":"/v1/guest/resolve-qr","statusCode":404,"requestId":"ccfd1c82-154c-495c-b1b7-0f70421396c1"}

stdout | src/qr.integration.test.ts > qr token lifecycle > rate limits QR resolution
{"level":"info","time":"2026-07-28T08:20:04.583Z","service":"api","msg":"request.completed","method":"POST","url":"/v1/guest/resolve-qr","statusCode":404,"requestId":"1b99d631-f456-4b3b-ac98-f7cae58c002a"}

stdout | src/qr.integration.test.ts > qr token lifecycle > rate limits QR resolution
{"level":"info","time":"2026-07-28T08:20:04.584Z","service":"api","msg":"request.completed","method":"POST","url":"/v1/guest/resolve-qr","statusCode":404,"requestId":"54cdeef8-fa68-493f-aad1-2d2779aa11c4"}

stdout | src/qr.integration.test.ts > qr token lifecycle > rate limits QR resolution
{"level":"info","time":"2026-07-28T08:20:04.584Z","service":"api","msg":"request.completed","method":"POST","url":"/v1/guest/resolve-qr","statusCode":404,"requestId":"6717b35a-b04d-4352-b1b3-14bdcc3cae53"}

stdout | src/qr.integration.test.ts > qr token lifecycle > rate limits QR resolution
{"level":"info","time":"2026-07-28T08:20:04.585Z","service":"api","msg":"request.completed","method":"POST","url":"/v1/guest/resolve-qr","statusCode":404,"requestId":"f4594ca7-14a4-488b-b2e0-246f38b8f10d"}

stdout | src/qr.integration.test.ts > qr token lifecycle > rate limits QR resolution
{"level":"info","time":"2026-07-28T08:20:04.585Z","service":"api","msg":"request.completed","method":"POST","url":"/v1/guest/resolve-qr","statusCode":429,"requestId":"b23273a1-bbce-4a70-b2d0-62940f4567a0"}

 ✓ src/qr.integration.test.ts (2 tests) 742ms
   ✓ qr token lifecycle > creates opaque tokens, resolves, disables, downloads, and enforces permissions  691ms
stdout | src/guest-sessions.integration.test.ts > guest sessions > creates scoped guest sessions with minimal public context
{"level":"info","time":"2026-07-28T08:20:05.315Z","service":"api","msg":"request.completed","method":"POST","url":"/v1/auth/login","statusCode":200,"requestId":"9a7d2ded-5d0f-41b8-b1ad-251886d2c80b"}

stdout | src/guest-sessions.integration.test.ts > guest sessions > creates scoped guest sessions with minimal public context
{"level":"info","time":"2026-07-28T08:20:05.320Z","service":"api","msg":"request.completed","method":"GET","url":"/v1/properties?organizationId=d215a186-f84d-4c7c-b75a-3189969999c2","statusCode":200,"requestId":"2712d30c-640d-44e1-bb47-543d6bdf1d8b"}

stdout | src/guest-sessions.integration.test.ts > guest sessions > creates scoped guest sessions with minimal public context
{"level":"info","time":"2026-07-28T08:20:05.323Z","service":"api","msg":"request.completed","method":"GET","url":"/v1/properties/8d283b2a-6ccd-4ab9-99be-79604deac640/locations","statusCode":200,"requestId":"c42057cb-b767-47fe-8164-d19000a877ff"}

stdout | src/guest-sessions.integration.test.ts > guest sessions > creates scoped guest sessions with minimal public context
{"level":"info","time":"2026-07-28T08:20:05.327Z","service":"api","msg":"request.completed","method":"POST","url":"/v1/properties/8d283b2a-6ccd-4ab9-99be-79604deac640/qr-codes","statusCode":200,"requestId":"7b24b54f-2c54-44c0-8baa-c40e70a25145"}

stdout | src/guest-sessions.integration.test.ts > guest sessions > creates scoped guest sessions with minimal public context
{"level":"info","time":"2026-07-28T08:20:05.328Z","service":"api","msg":"request.completed","method":"POST","url":"/v1/guest/sessions","statusCode":400,"requestId":"3141101e-4b9f-49ac-a87b-7462cbbd4096"}

stdout | src/guest-sessions.integration.test.ts > guest sessions > creates scoped guest sessions with minimal public context
{"level":"info","time":"2026-07-28T08:20:05.330Z","service":"api","msg":"request.completed","method":"POST","url":"/v1/guest/sessions","statusCode":404,"requestId":"b31b1c7b-5626-4c8e-899c-1051b2ef8a9e"}

stdout | src/guest-sessions.integration.test.ts > guest sessions > creates scoped guest sessions with minimal public context
{"level":"info","time":"2026-07-28T08:20:05.332Z","service":"api","msg":"request.completed","method":"POST","url":"/v1/guest/sessions","statusCode":200,"requestId":"b294216e-a672-4b77-aa9e-2bdee19af988"}

stdout | src/guest-sessions.integration.test.ts > guest sessions > creates scoped guest sessions with minimal public context
{"level":"info","time":"2026-07-28T08:20:05.335Z","service":"api","msg":"request.completed","method":"GET","url":"/v1/guest/session","statusCode":200,"requestId":"db5cd301-a97a-44fd-a524-deb6e4d868ee"}

stdout | src/guest-sessions.integration.test.ts > guest sessions > creates scoped guest sessions with minimal public context
{"level":"info","time":"2026-07-28T08:20:05.335Z","service":"api","msg":"request.completed","method":"GET","url":"/v1/guest/session","statusCode":401,"requestId":"4e8b8cb1-070b-4431-a91a-2f56f7eca9c9"}

stdout | src/guest-sessions.integration.test.ts > guest sessions > creates scoped guest sessions with minimal public context
{"level":"info","time":"2026-07-28T08:20:05.336Z","service":"api","msg":"request.completed","method":"GET","url":"/v1/guest/session","statusCode":401,"requestId":"513631ef-d42a-48dc-9f9e-7533c7f06e81"}

stdout | src/guest-sessions.integration.test.ts > guest sessions > isolates guest sessions across properties/orgs
{"level":"info","time":"2026-07-28T08:20:05.545Z","service":"api","msg":"request.completed","method":"POST","url":"/v1/auth/login","statusCode":200,"requestId":"b7c02433-cba7-4e8b-8631-2a3966de60ba"}

stdout | src/guest-sessions.integration.test.ts > guest sessions > isolates guest sessions across properties/orgs
{"level":"info","time":"2026-07-28T08:20:05.756Z","service":"api","msg":"request.completed","method":"POST","url":"/v1/auth/login","statusCode":200,"requestId":"e2678cd9-377f-43e6-bdd2-6fa8a812c8a2"}

stdout | src/guest-sessions.integration.test.ts > guest sessions > isolates guest sessions across properties/orgs
{"level":"info","time":"2026-07-28T08:20:05.758Z","service":"api","msg":"request.completed","method":"GET","url":"/v1/properties?organizationId=d215a186-f84d-4c7c-b75a-3189969999c2","statusCode":200,"requestId":"8ea88fec-0110-4cd3-a689-e10d6f9a744d"}

stdout | src/guest-sessions.integration.test.ts > guest sessions > isolates guest sessions across properties/orgs
{"level":"info","time":"2026-07-28T08:20:05.760Z","service":"api","msg":"request.completed","method":"GET","url":"/v1/properties/8d283b2a-6ccd-4ab9-99be-79604deac640/locations","statusCode":200,"requestId":"98c42a65-1909-4261-aaf0-49c0f41943f2"}

stdout | src/guest-sessions.integration.test.ts > guest sessions > isolates guest sessions across properties/orgs
{"level":"info","time":"2026-07-28T08:20:05.764Z","service":"api","msg":"request.completed","method":"POST","url":"/v1/properties/8d283b2a-6ccd-4ab9-99be-79604deac640/qr-codes","statusCode":200,"requestId":"ab10c65c-fd27-491c-89df-38d64e74f722"}

stdout | src/guest-sessions.integration.test.ts > guest sessions > isolates guest sessions across properties/orgs
{"level":"info","time":"2026-07-28T08:20:05.766Z","service":"api","msg":"request.completed","method":"GET","url":"/v1/properties?organizationId=67e4e9e6-f0b4-4e7f-a247-674a503d4ba6","statusCode":200,"requestId":"2e0b7454-c9fc-4f55-a32d-972862d4b92f"}

stdout | src/guest-sessions.integration.test.ts > guest sessions > isolates guest sessions across properties/orgs
{"level":"info","time":"2026-07-28T08:20:05.768Z","service":"api","msg":"request.completed","method":"GET","url":"/v1/properties/8efde0b2-790a-49cd-8a14-20be5b6b29b1/locations","statusCode":200,"requestId":"5c1101f8-9e71-45b4-b6ee-eb911ea1be47"}

stdout | src/guest-sessions.integration.test.ts > guest sessions > isolates guest sessions across properties/orgs
{"level":"info","time":"2026-07-28T08:20:05.772Z","service":"api","msg":"request.completed","method":"POST","url":"/v1/properties/8efde0b2-790a-49cd-8a14-20be5b6b29b1/qr-codes","statusCode":200,"requestId":"8d3820ef-0d2f-40b6-89ab-4c1aaa2d0916"}

stdout | src/guest-sessions.integration.test.ts > guest sessions > isolates guest sessions across properties/orgs
{"level":"info","time":"2026-07-28T08:20:05.774Z","service":"api","msg":"request.completed","method":"POST","url":"/v1/guest/sessions","statusCode":200,"requestId":"dc3a1b20-866d-4077-b51e-69f24e7ecd58"}

stdout | src/guest-sessions.integration.test.ts > guest sessions > isolates guest sessions across properties/orgs
{"level":"info","time":"2026-07-28T08:20:05.776Z","service":"api","msg":"request.completed","method":"POST","url":"/v1/guest/sessions","statusCode":200,"requestId":"10827c2f-6afc-4319-949d-82425caa8e2c"}

stdout | src/guest-sessions.integration.test.ts > guest sessions > isolates guest sessions across properties/orgs
{"level":"info","time":"2026-07-28T08:20:05.778Z","service":"api","msg":"request.completed","method":"GET","url":"/v1/guest/session","statusCode":200,"requestId":"a56c4e93-4fae-4aac-a94d-d129301397ed"}

 ✓ src/guest-sessions.integration.test.ts (2 tests) 759ms
   ✓ guest sessions > isolates guest sessions across properties/orgs  442ms
stdout | src/knowledge-search.integration.test.ts > knowledge hybrid retrieval
{"level":"info","time":"2026-07-28T08:20:06.516Z","service":"api","msg":"request.completed","method":"POST","url":"/v1/auth/login","statusCode":200,"requestId":"f755d272-3404-4dd3-8182-8196a9982e33"}

stdout | src/knowledge-search.integration.test.ts > knowledge hybrid retrieval
{"level":"info","time":"2026-07-28T08:20:06.520Z","service":"api","msg":"request.completed","method":"GET","url":"/v1/properties?organizationId=d215a186-f84d-4c7c-b75a-3189969999c2","statusCode":200,"requestId":"b5a0ba4d-c73a-4319-9647-ecc9f3f30c56"}

stdout | src/knowledge-search.integration.test.ts > knowledge hybrid retrieval > returns citations mapped to source and stores benchmark recall
{"level":"info","time":"2026-07-28T08:20:06.536Z","service":"api","msg":"request.completed","method":"POST","url":"/v1/properties/8d283b2a-6ccd-4ab9-99be-79604deac640/knowledge/search","statusCode":200,"requestId":"9268a1f2-a8c3-44c3-9bf4-76316efc6a69"}

stdout | src/knowledge-search.integration.test.ts > knowledge hybrid retrieval > supports cross-language query against Vietnamese source text
{"level":"info","time":"2026-07-28T08:20:06.541Z","service":"api","msg":"request.completed","method":"POST","url":"/v1/properties/8d283b2a-6ccd-4ab9-99be-79604deac640/knowledge/search","statusCode":200,"requestId":"8a94529c-d80f-47ad-93d3-d7e8be459705"}

stdout | src/knowledge-search.integration.test.ts > knowledge hybrid retrieval > returns noResult for unknown queries and blocks injection-only payloads
{"level":"info","time":"2026-07-28T08:20:06.544Z","service":"api","msg":"request.completed","method":"POST","url":"/v1/properties/1680f868-9c22-4510-a4c2-578827c57fbc/knowledge/search","statusCode":200,"requestId":"1393a25c-dd78-47ab-bd4f-d87083e6d79b"}

stdout | src/knowledge-search.integration.test.ts > knowledge hybrid retrieval > returns noResult for unknown queries and blocks injection-only payloads
{"level":"info","time":"2026-07-28T08:20:06.547Z","service":"api","msg":"request.completed","method":"POST","url":"/v1/properties/8d283b2a-6ccd-4ab9-99be-79604deac640/knowledge/search","statusCode":200,"requestId":"7f462639-e511-47aa-8464-22d3b1fb932b"}

stdout | src/knowledge-search.integration.test.ts > knowledge hybrid retrieval > denies cross-tenant leakage via property scope
{"level":"info","time":"2026-07-28T08:20:06.560Z","service":"api","msg":"request.completed","method":"POST","url":"/v1/properties/30b66883-9e16-4d14-9c47-920bb8b65cfb/knowledge/search","statusCode":403,"requestId":"23183f93-45d3-4a83-ad14-31706b45b922"}

 ✓ src/knowledge-search.integration.test.ts (4 tests) 314ms
stdout | src/portal-publish.integration.test.ts > portal publish and rollback > publishes immutably, handles concurrency/idempotency, and rolls back as new version
{"level":"info","time":"2026-07-28T08:20:07.264Z","service":"api","msg":"request.completed","method":"POST","url":"/v1/auth/login","statusCode":200,"requestId":"cf8c176b-2e98-4501-98cc-fa3a80a7c563"}

stdout | src/portal-publish.integration.test.ts > portal publish and rollback > publishes immutably, handles concurrency/idempotency, and rolls back as new version
{"level":"info","time":"2026-07-28T08:20:07.269Z","service":"api","msg":"request.completed","method":"GET","url":"/v1/properties?organizationId=d215a186-f84d-4c7c-b75a-3189969999c2","statusCode":200,"requestId":"0ada7d85-d6c1-4589-9460-de0c44e4d298"}

stdout | src/portal-publish.integration.test.ts > portal publish and rollback > publishes immutably, handles concurrency/idempotency, and rolls back as new version
{"level":"info","time":"2026-07-28T08:20:07.273Z","service":"api","msg":"request.completed","method":"GET","url":"/v1/properties/8d283b2a-6ccd-4ab9-99be-79604deac640/portal/draft","statusCode":200,"requestId":"48df0ca4-97c0-4267-af47-b2f2097fae34"}

stdout | src/portal-publish.integration.test.ts > portal publish and rollback > publishes immutably, handles concurrency/idempotency, and rolls back as new version
{"level":"info","time":"2026-07-28T08:20:07.280Z","service":"api","msg":"request.completed","method":"POST","url":"/v1/properties/8d283b2a-6ccd-4ab9-99be-79604deac640/portal/publish","statusCode":200,"requestId":"dcbad891-117f-4187-9013-e1af58626477"}

stdout | src/portal-publish.integration.test.ts > portal publish and rollback > publishes immutably, handles concurrency/idempotency, and rolls back as new version
{"level":"info","time":"2026-07-28T08:20:07.283Z","service":"api","msg":"request.completed","method":"POST","url":"/v1/properties/8d283b2a-6ccd-4ab9-99be-79604deac640/portal/publish","statusCode":200,"requestId":"0401ec33-269f-4b8b-82a6-20662bb48efb"}

stdout | src/portal-publish.integration.test.ts > portal publish and rollback > publishes immutably, handles concurrency/idempotency, and rolls back as new version
{"level":"info","time":"2026-07-28T08:20:07.285Z","service":"api","msg":"request.completed","method":"POST","url":"/v1/properties/8d283b2a-6ccd-4ab9-99be-79604deac640/portal/publish","statusCode":409,"requestId":"8e8dd197-6de4-4d37-9a1a-05e9fb0aba6c"}

stdout | src/portal-publish.integration.test.ts > portal publish and rollback > publishes immutably, handles concurrency/idempotency, and rolls back as new version
{"level":"info","time":"2026-07-28T08:20:07.292Z","service":"api","msg":"request.completed","method":"POST","url":"/v1/properties/8d283b2a-6ccd-4ab9-99be-79604deac640/portal/versions/e9ca3470-deb3-4320-b40d-cbc3deb9eee4/restore","statusCode":200,"requestId":"ed3d5313-0825-4b15-8de9-3fffb70295e0"}

stdout | src/portal-publish.integration.test.ts > portal publish and rollback > publishes immutably, handles concurrency/idempotency, and rolls back as new version
{"level":"info","time":"2026-07-28T08:20:07.295Z","service":"api","msg":"request.completed","method":"GET","url":"/v1/properties/8d283b2a-6ccd-4ab9-99be-79604deac640/portal/versions","statusCode":200,"requestId":"f8fe476f-3f89-4e81-a9f3-2a6c6970281c"}

 ✓ src/portal-publish.integration.test.ts (1 test) 295ms
stdout | src/guest-portal.integration.test.ts > guest portal homepage API > returns published branding with asset fallbacks
{"level":"info","time":"2026-07-28T08:20:08.123Z","service":"api","msg":"request.completed","method":"POST","url":"/v1/auth/login","statusCode":200,"requestId":"ae4a1b36-7274-4d33-8570-285b4ccf5e6f"}

stdout | src/guest-portal.integration.test.ts > guest portal homepage API > returns published branding with asset fallbacks
{"level":"info","time":"2026-07-28T08:20:08.128Z","service":"api","msg":"request.completed","method":"GET","url":"/v1/properties?organizationId=d215a186-f84d-4c7c-b75a-3189969999c2","statusCode":200,"requestId":"1b926349-3145-4249-8be6-b2ade1e0326b"}

stdout | src/guest-portal.integration.test.ts > guest portal homepage API > returns published branding with asset fallbacks
{"level":"info","time":"2026-07-28T08:20:08.133Z","service":"api","msg":"request.completed","method":"GET","url":"/v1/properties/8d283b2a-6ccd-4ab9-99be-79604deac640/portal/draft","statusCode":200,"requestId":"800dbd26-9126-41d9-86ac-cda13d6186ff"}

stdout | src/guest-portal.integration.test.ts > guest portal homepage API > returns published branding with asset fallbacks
{"level":"info","time":"2026-07-28T08:20:08.140Z","service":"api","msg":"request.completed","method":"POST","url":"/v1/properties/8d283b2a-6ccd-4ab9-99be-79604deac640/portal/publish","statusCode":200,"requestId":"b1422270-0fe0-4ad4-ab71-6210871aa4c4"}

stdout | src/guest-portal.integration.test.ts > guest portal homepage API > returns published branding with asset fallbacks
{"level":"info","time":"2026-07-28T08:20:08.142Z","service":"api","msg":"request.completed","method":"GET","url":"/v1/properties/8d283b2a-6ccd-4ab9-99be-79604deac640/locations","statusCode":200,"requestId":"5e70f037-49df-4190-b624-3188105d47ae"}

stdout | src/guest-portal.integration.test.ts > guest portal homepage API > returns published branding with asset fallbacks
{"level":"info","time":"2026-07-28T08:20:08.147Z","service":"api","msg":"request.completed","method":"POST","url":"/v1/properties/8d283b2a-6ccd-4ab9-99be-79604deac640/qr-codes","statusCode":200,"requestId":"5028490b-58c2-4c8c-996a-afa35e5c9e3f"}

stdout | src/guest-portal.integration.test.ts > guest portal homepage API > returns published branding with asset fallbacks
{"level":"info","time":"2026-07-28T08:20:08.150Z","service":"api","msg":"request.completed","method":"POST","url":"/v1/guest/sessions","statusCode":200,"requestId":"3fb533f9-ab42-40bd-a20e-ee0ab7addc4c"}

stdout | src/guest-portal.integration.test.ts > guest portal homepage API > returns published branding with asset fallbacks
{"level":"info","time":"2026-07-28T08:20:08.154Z","service":"api","msg":"request.completed","method":"GET","url":"/v1/guest/portal","statusCode":200,"requestId":"86134fce-361d-4b3e-9290-eaccbb518ccd"}

 ✓ src/guest-portal.integration.test.ts (1 test) 328ms
 ✓ src/phase09-performance.integration.test.ts (1 test) 70ms

 Test Files  18 passed (18)
      Tests  64 passed (64)
   Start at  15:19:27
   Duration  41.29s (transform 247ms, setup 0ms, collect 8.12s, tests 30.96s, environment 1ms, prepare 417ms)

