$ vitest run --config vitest.integration.config.ts -- src/voice-live.integration.test.ts

 RUN  v3.2.7 /Users/huypq/Documents/Projects/guestportal/apps/api

stdout | src/uploads.integration.test.ts > uploads and assets (R2 REAL_STAGING) > rejects unauthorized and invalid content-type/size
{"level":"info","time":"2026-07-27T15:44:48.027Z","service":"api","msg":"request.completed","method":"POST","url":"/v1/uploads/presign","statusCode":401,"requestId":"25b91aa6-a2a8-4f08-902a-92b8ab8722e7"}

stdout | src/uploads.integration.test.ts > uploads and assets (R2 REAL_STAGING) > rejects unauthorized and invalid content-type/size
{"level":"info","time":"2026-07-27T15:44:48.308Z","service":"api","msg":"request.completed","method":"POST","url":"/v1/auth/login","statusCode":200,"requestId":"a5eda862-cea8-4661-a1da-aca09612b996"}

stdout | src/uploads.integration.test.ts > uploads and assets (R2 REAL_STAGING) > rejects unauthorized and invalid content-type/size
{"level":"info","time":"2026-07-27T15:44:48.315Z","service":"api","msg":"request.completed","method":"GET","url":"/v1/properties?organizationId=d215a186-f84d-4c7c-b75a-3189969999c2","statusCode":200,"requestId":"5261919a-6233-4d2d-95fd-2518864df08d"}

stdout | src/uploads.integration.test.ts > uploads and assets (R2 REAL_STAGING) > rejects unauthorized and invalid content-type/size
{"level":"info","time":"2026-07-27T15:44:48.318Z","service":"api","msg":"request.completed","method":"POST","url":"/v1/uploads/presign","statusCode":400,"requestId":"64d5cc80-e527-437f-ba45-ce5bd66ca801"}

stdout | src/uploads.integration.test.ts > uploads and assets (R2 REAL_STAGING) > rejects unauthorized and invalid content-type/size
{"level":"info","time":"2026-07-27T15:44:48.319Z","service":"api","msg":"request.completed","method":"POST","url":"/v1/uploads/presign","statusCode":400,"requestId":"11199493-0ad4-47cd-8572-8b3e8b9687b2"}

stdout | src/uploads.integration.test.ts > uploads and assets (R2 REAL_STAGING) > rejects unauthorized and invalid content-type/size
{"level":"info","time":"2026-07-27T15:44:48.533Z","service":"api","msg":"request.completed","method":"POST","url":"/v1/auth/login","statusCode":200,"requestId":"cb13c9c5-264f-40ab-8f18-79da2508ae63"}

stdout | src/uploads.integration.test.ts > uploads and assets (R2 REAL_STAGING) > rejects unauthorized and invalid content-type/size
{"level":"info","time":"2026-07-27T15:44:48.536Z","service":"api","msg":"request.completed","method":"POST","url":"/v1/uploads/presign","statusCode":403,"requestId":"fee9dc4a-678e-4d53-bb79-213a24a3c866"}

stdout | src/uploads.integration.test.ts > uploads and assets (R2 REAL_STAGING) > presigns, uploads to R2, completes, reads, and deletes
{"level":"info","time":"2026-07-27T15:44:48.759Z","service":"api","msg":"request.completed","method":"POST","url":"/v1/auth/login","statusCode":200,"requestId":"e78c2759-f32d-4855-9331-30ab7a8fa37d"}

stdout | src/uploads.integration.test.ts > uploads and assets (R2 REAL_STAGING) > presigns, uploads to R2, completes, reads, and deletes
{"level":"info","time":"2026-07-27T15:44:48.761Z","service":"api","msg":"request.completed","method":"GET","url":"/v1/properties?organizationId=d215a186-f84d-4c7c-b75a-3189969999c2","statusCode":200,"requestId":"30c91857-3077-425e-935b-60477040b3ab"}

stdout | src/uploads.integration.test.ts > uploads and assets (R2 REAL_STAGING) > presigns, uploads to R2, completes, reads, and deletes
{"level":"info","time":"2026-07-27T15:44:48.984Z","service":"api","msg":"request.completed","method":"POST","url":"/v1/uploads/presign","statusCode":200,"requestId":"4ce4e0dc-8057-4e5a-9d6d-c373ef605410"}

stdout | src/uploads.integration.test.ts > uploads and assets (R2 REAL_STAGING) > presigns, uploads to R2, completes, reads, and deletes
{"level":"info","time":"2026-07-27T15:44:49.487Z","service":"api","msg":"request.completed","method":"POST","url":"/v1/uploads/complete","statusCode":200,"requestId":"c196dcc9-7b65-44e7-a871-5e08fbb62dc9"}

stdout | src/uploads.integration.test.ts > uploads and assets (R2 REAL_STAGING) > presigns, uploads to R2, completes, reads, and deletes
{"level":"info","time":"2026-07-27T15:44:49.501Z","service":"api","msg":"request.completed","method":"GET","url":"/v1/assets/abbde6f3-399f-4ba1-9e4e-a06f9f14377f","statusCode":200,"requestId":"7760104a-cf67-4316-8d66-9ee293d06266"}

stdout | src/uploads.integration.test.ts > uploads and assets (R2 REAL_STAGING) > presigns, uploads to R2, completes, reads, and deletes
{"level":"info","time":"2026-07-27T15:44:49.737Z","service":"api","msg":"request.completed","method":"POST","url":"/v1/auth/login","statusCode":200,"requestId":"5f0bd3d7-650a-4133-9df9-f1891993a0cb"}

stdout | src/uploads.integration.test.ts > uploads and assets (R2 REAL_STAGING) > presigns, uploads to R2, completes, reads, and deletes
{"level":"info","time":"2026-07-27T15:44:49.947Z","service":"api","msg":"request.completed","method":"POST","url":"/v1/auth/login","statusCode":200,"requestId":"6a9cdb83-120a-432c-b495-bee972b81c71"}

stdout | src/uploads.integration.test.ts > uploads and assets (R2 REAL_STAGING) > presigns, uploads to R2, completes, reads, and deletes
{"level":"info","time":"2026-07-27T15:44:49.949Z","service":"api","msg":"request.completed","method":"GET","url":"/v1/assets/abbde6f3-399f-4ba1-9e4e-a06f9f14377f","statusCode":403,"requestId":"40210f65-d693-40f0-b0f7-45db3e3f4c9c"}

stdout | src/uploads.integration.test.ts > uploads and assets (R2 REAL_STAGING) > presigns, uploads to R2, completes, reads, and deletes
{"level":"info","time":"2026-07-27T15:44:50.143Z","service":"api","msg":"request.completed","method":"DELETE","url":"/v1/assets/abbde6f3-399f-4ba1-9e4e-a06f9f14377f","statusCode":200,"requestId":"226c6f8c-8941-406d-b899-cd1dc6a67520"}

stdout | src/uploads.integration.test.ts > uploads and assets (R2 REAL_STAGING) > presigns, uploads to R2, completes, reads, and deletes
{"level":"info","time":"2026-07-27T15:44:50.146Z","service":"api","msg":"request.completed","method":"GET","url":"/v1/assets/abbde6f3-399f-4ba1-9e4e-a06f9f14377f","statusCode":404,"requestId":"0ef9c755-be19-46a0-ac24-1717ad171338"}

 ✓ src/uploads.integration.test.ts (2 tests) 2183ms
   ✓ uploads and assets (R2 REAL_STAGING) > rejects unauthorized and invalid content-type/size  519ms
   ✓ uploads and assets (R2 REAL_STAGING) > presigns, uploads to R2, completes, reads, and deletes  1610ms
stdout | src/knowledge.integration.test.ts > knowledge source upload lifecycle > uploads a real text file, tracks status, and denies cross-tenant access
{"level":"info","time":"2026-07-27T15:44:51.013Z","service":"api","msg":"request.completed","method":"POST","url":"/v1/auth/login","statusCode":200,"requestId":"65c52c46-5bc4-4bea-ae6c-68c0f14f4ef6"}

stdout | src/knowledge.integration.test.ts > knowledge source upload lifecycle > uploads a real text file, tracks status, and denies cross-tenant access
{"level":"info","time":"2026-07-27T15:44:51.017Z","service":"api","msg":"request.completed","method":"GET","url":"/v1/properties?organizationId=d215a186-f84d-4c7c-b75a-3189969999c2","statusCode":200,"requestId":"e5891f6d-1b02-4805-a703-3928a4cbf0c5"}

stdout | src/knowledge.integration.test.ts > knowledge source upload lifecycle > uploads a real text file, tracks status, and denies cross-tenant access
{"level":"info","time":"2026-07-27T15:44:51.148Z","service":"api","msg":"request.completed","method":"POST","url":"/v1/uploads/presign","statusCode":200,"requestId":"50819d2d-1e78-443f-917f-f98344d99ab0"}

stdout | src/knowledge.integration.test.ts > knowledge source upload lifecycle > uploads a real text file, tracks status, and denies cross-tenant access
{"level":"info","time":"2026-07-27T15:44:51.720Z","service":"api","msg":"request.completed","method":"POST","url":"/v1/uploads/complete","statusCode":200,"requestId":"d9c923ed-a9cd-44aa-90e0-fa0c54c03901"}

stdout | src/knowledge.integration.test.ts > knowledge source upload lifecycle > uploads a real text file, tracks status, and denies cross-tenant access
{"level":"info","time":"2026-07-27T15:44:51.729Z","service":"api","msg":"request.completed","method":"POST","url":"/v1/properties/3ab87d2a-0c78-4fac-aa15-515a733cc3ae/knowledge-sources","statusCode":200,"requestId":"6d6e4ec2-944b-4485-83d8-7a7dbf4c7d8d"}

stdout | src/knowledge.integration.test.ts > knowledge source upload lifecycle > uploads a real text file, tracks status, and denies cross-tenant access
{"level":"info","time":"2026-07-27T15:44:51.736Z","service":"api","msg":"request.completed","method":"GET","url":"/v1/properties/3ab87d2a-0c78-4fac-aa15-515a733cc3ae/knowledge-sources/3a25b2c1-eea2-4acd-b7fb-1b9f21323f48","statusCode":200,"requestId":"00d442a3-7df4-4e76-bf64-6ed657c9e0a6"}

stdout | src/knowledge.integration.test.ts > knowledge source upload lifecycle > uploads a real text file, tracks status, and denies cross-tenant access
{"level":"info","time":"2026-07-27T15:44:51.740Z","service":"api","msg":"request.completed","method":"POST","url":"/v1/uploads/presign","statusCode":400,"requestId":"d6fd51b3-06eb-41e0-88c8-b59eb8196fc5"}

stdout | src/knowledge.integration.test.ts > knowledge source upload lifecycle > uploads a real text file, tracks status, and denies cross-tenant access
{"level":"info","time":"2026-07-27T15:44:51.975Z","service":"api","msg":"request.completed","method":"POST","url":"/v1/auth/login","statusCode":200,"requestId":"cbd3ea64-4819-491b-8b31-508af76daef6"}

stdout | src/knowledge.integration.test.ts > knowledge source upload lifecycle > uploads a real text file, tracks status, and denies cross-tenant access
{"level":"info","time":"2026-07-27T15:44:51.977Z","service":"api","msg":"request.completed","method":"POST","url":"/v1/properties/3ab87d2a-0c78-4fac-aa15-515a733cc3ae/knowledge-sources","statusCode":403,"requestId":"b655ead6-754a-4386-bc65-57163a0e5d6f"}

stdout | src/knowledge.integration.test.ts > knowledge source upload lifecycle > uploads a real text file, tracks status, and denies cross-tenant access
{"level":"info","time":"2026-07-27T15:44:52.188Z","service":"api","msg":"request.completed","method":"POST","url":"/v1/auth/login","statusCode":200,"requestId":"1cfbc78e-a050-4fa9-8fd2-ea3c7156bbda"}

stdout | src/knowledge.integration.test.ts > knowledge source upload lifecycle > uploads a real text file, tracks status, and denies cross-tenant access
{"level":"info","time":"2026-07-27T15:44:52.190Z","service":"api","msg":"request.completed","method":"GET","url":"/v1/properties/3ab87d2a-0c78-4fac-aa15-515a733cc3ae/knowledge-sources","statusCode":403,"requestId":"200d32c5-4df6-449d-ab8c-f8c05e256f8e"}

 ✓ src/knowledge.integration.test.ts (1 test) 1642ms
   ✓ knowledge source upload lifecycle > uploads a real text file, tracks status, and denies cross-tenant access  1408ms
stdout | src/tenant.integration.test.ts > tenant isolation integration > prevents aurora owner from listing nomad properties
{"level":"info","time":"2026-07-27T15:44:53.170Z","service":"api","msg":"request.completed","method":"POST","url":"/v1/auth/login","statusCode":200,"requestId":"93cd790c-894a-406e-8eaf-1474a59c02e1"}

stdout | src/tenant.integration.test.ts > tenant isolation integration > prevents aurora owner from listing nomad properties
{"level":"info","time":"2026-07-27T15:44:53.387Z","service":"api","msg":"request.completed","method":"POST","url":"/v1/auth/login","statusCode":200,"requestId":"f155ce6d-fc9a-4408-b28d-481445cba43e"}

stdout | src/tenant.integration.test.ts > tenant isolation integration > prevents aurora owner from listing nomad properties
{"level":"info","time":"2026-07-27T15:44:53.390Z","service":"api","msg":"request.completed","method":"GET","url":"/v1/properties?organizationId=67e4e9e6-f0b4-4e7f-a247-674a503d4ba6","statusCode":403,"requestId":"3b9b89cf-25f3-4f58-a4fd-95659aea3196"}

stdout | src/tenant.integration.test.ts > tenant isolation integration > scopes property manager to assigned properties only
{"level":"info","time":"2026-07-27T15:44:53.609Z","service":"api","msg":"request.completed","method":"POST","url":"/v1/auth/login","statusCode":200,"requestId":"8cba3113-4049-4127-9e0a-679df925413c"}

stdout | src/tenant.integration.test.ts > tenant isolation integration > scopes property manager to assigned properties only
{"level":"info","time":"2026-07-27T15:44:53.612Z","service":"api","msg":"request.completed","method":"GET","url":"/v1/properties?organizationId=d215a186-f84d-4c7c-b75a-3189969999c2","statusCode":200,"requestId":"f5e87e78-e0ca-4d5c-933d-676c067f41b2"}

stdout | src/tenant.integration.test.ts > tenant isolation integration > supports logout and session revocation
{"level":"info","time":"2026-07-27T15:44:53.821Z","service":"api","msg":"request.completed","method":"POST","url":"/v1/auth/login","statusCode":200,"requestId":"08d59dab-84f4-434b-8d17-d3a60dbc35b0"}

stdout | src/tenant.integration.test.ts > tenant isolation integration > supports logout and session revocation
{"level":"info","time":"2026-07-27T15:44:53.823Z","service":"api","msg":"request.completed","method":"GET","url":"/v1/me","statusCode":200,"requestId":"7ee02510-2eef-4209-8c02-23dda6af60fc"}

stdout | src/tenant.integration.test.ts > tenant isolation integration > supports logout and session revocation
{"level":"info","time":"2026-07-27T15:44:53.826Z","service":"api","msg":"request.completed","method":"POST","url":"/v1/auth/logout","statusCode":200,"requestId":"b608270c-5acf-4c5c-8ef9-13bde0955232"}

stdout | src/tenant.integration.test.ts > tenant isolation integration > supports logout and session revocation
{"level":"info","time":"2026-07-27T15:44:53.826Z","service":"api","msg":"request.completed","method":"GET","url":"/v1/me","statusCode":401,"requestId":"ec6468cf-a557-418f-9cdc-4641a86c96d2"}

stdout | src/tenant.integration.test.ts > tenant isolation integration > blocks IDOR property fetch across tenants
{"level":"info","time":"2026-07-27T15:44:54.037Z","service":"api","msg":"request.completed","method":"POST","url":"/v1/auth/login","statusCode":200,"requestId":"3524bbac-e4b9-488e-9ee2-29a5c767d794"}

stdout | src/tenant.integration.test.ts > tenant isolation integration > blocks IDOR property fetch across tenants
{"level":"info","time":"2026-07-27T15:44:54.246Z","service":"api","msg":"request.completed","method":"POST","url":"/v1/auth/login","statusCode":200,"requestId":"16756cd3-9180-4969-8bd2-2d9cfa17b913"}

stdout | src/tenant.integration.test.ts > tenant isolation integration > blocks IDOR property fetch across tenants
{"level":"info","time":"2026-07-27T15:44:54.248Z","service":"api","msg":"request.completed","method":"GET","url":"/v1/properties?organizationId=67e4e9e6-f0b4-4e7f-a247-674a503d4ba6","statusCode":200,"requestId":"f6e2a78b-5c66-47cf-adc0-347cff8ebc8f"}

stdout | src/tenant.integration.test.ts > tenant isolation integration > blocks IDOR property fetch across tenants
{"level":"info","time":"2026-07-27T15:44:54.249Z","service":"api","msg":"request.completed","method":"GET","url":"/v1/properties/8efde0b2-790a-49cd-8a14-20be5b6b29b1","statusCode":403,"requestId":"71d5ce06-f6a3-4a27-a083-ded2629f756d"}

 ✓ src/tenant.integration.test.ts (5 tests) 1353ms
   ✓ tenant isolation integration > prevents aurora owner from listing nomad properties  455ms
   ✓ tenant isolation integration > blocks IDOR property fetch across tenants  421ms
stdout | src/portal.integration.test.ts > portal draft and templates > creates draft from template and autosaves with optimistic versioning
{"level":"info","time":"2026-07-27T15:44:54.975Z","service":"api","msg":"request.completed","method":"POST","url":"/v1/auth/login","statusCode":200,"requestId":"39de1b28-142c-4481-912c-a476e8cc35b5"}

stdout | src/portal.integration.test.ts > portal draft and templates > creates draft from template and autosaves with optimistic versioning
{"level":"info","time":"2026-07-27T15:44:54.986Z","service":"api","msg":"request.completed","method":"GET","url":"/v1/properties?organizationId=d215a186-f84d-4c7c-b75a-3189969999c2","statusCode":200,"requestId":"44576dd6-c75d-4e7b-b41c-826c81b9ee8a"}

stdout | src/portal.integration.test.ts > portal draft and templates > creates draft from template and autosaves with optimistic versioning
{"level":"info","time":"2026-07-27T15:44:54.991Z","service":"api","msg":"request.completed","method":"GET","url":"/v1/properties/3ab87d2a-0c78-4fac-aa15-515a733cc3ae/portal/draft","statusCode":200,"requestId":"cccabf8e-349a-4d77-b03a-f2e0b6c6000d"}

stdout | src/portal.integration.test.ts > portal draft and templates > creates draft from template and autosaves with optimistic versioning
{"level":"info","time":"2026-07-27T15:44:54.996Z","service":"api","msg":"request.completed","method":"PUT","url":"/v1/properties/3ab87d2a-0c78-4fac-aa15-515a733cc3ae/portal/draft","statusCode":200,"requestId":"aa4ac852-74ae-4d1d-be09-36177978e272"}

stdout | src/portal.integration.test.ts > portal draft and templates > creates draft from template and autosaves with optimistic versioning
{"level":"info","time":"2026-07-27T15:44:54.999Z","service":"api","msg":"request.completed","method":"PUT","url":"/v1/properties/3ab87d2a-0c78-4fac-aa15-515a733cc3ae/portal/draft","statusCode":409,"requestId":"60336e3a-2dbd-4825-8e00-afc5ba00565e"}

stdout | src/portal.integration.test.ts > portal draft and templates > creates draft from template and autosaves with optimistic versioning
{"level":"info","time":"2026-07-27T15:44:55.001Z","service":"api","msg":"request.completed","method":"PUT","url":"/v1/properties/3ab87d2a-0c78-4fac-aa15-515a733cc3ae/portal/draft","statusCode":400,"requestId":"97523169-77c2-438d-9cf6-15a275c7be6e"}

stdout | src/portal.integration.test.ts > portal draft and templates > creates draft from template and autosaves with optimistic versioning
{"level":"info","time":"2026-07-27T15:44:55.003Z","service":"api","msg":"request.completed","method":"POST","url":"/v1/properties/3ab87d2a-0c78-4fac-aa15-515a733cc3ae/portal/validate","statusCode":200,"requestId":"5ee9352f-272b-44da-9550-de678a967ef7"}

stdout | src/portal.integration.test.ts > portal draft and templates > enforces tenant isolation and portal.update permission
{"level":"info","time":"2026-07-27T15:44:55.216Z","service":"api","msg":"request.completed","method":"POST","url":"/v1/auth/login","statusCode":200,"requestId":"ff9f190f-c553-4661-a07e-f22e96c9decc"}

stdout | src/portal.integration.test.ts > portal draft and templates > enforces tenant isolation and portal.update permission
{"level":"info","time":"2026-07-27T15:44:55.218Z","service":"api","msg":"request.completed","method":"GET","url":"/v1/properties?organizationId=d215a186-f84d-4c7c-b75a-3189969999c2","statusCode":200,"requestId":"d0363bf3-c706-4799-8fb1-5604e70b9e22"}

stdout | src/portal.integration.test.ts > portal draft and templates > enforces tenant isolation and portal.update permission
{"level":"info","time":"2026-07-27T15:44:55.429Z","service":"api","msg":"request.completed","method":"POST","url":"/v1/auth/login","statusCode":200,"requestId":"98fb3527-a284-43eb-b203-9a498598e273"}

stdout | src/portal.integration.test.ts > portal draft and templates > enforces tenant isolation and portal.update permission
{"level":"info","time":"2026-07-27T15:44:55.431Z","service":"api","msg":"request.completed","method":"PUT","url":"/v1/properties/3ab87d2a-0c78-4fac-aa15-515a733cc3ae/portal/draft","statusCode":403,"requestId":"b56d8992-6fcc-4c85-a456-9c51a6a8de3f"}

stdout | src/portal.integration.test.ts > portal draft and templates > enforces tenant isolation and portal.update permission
{"level":"info","time":"2026-07-27T15:44:55.643Z","service":"api","msg":"request.completed","method":"POST","url":"/v1/auth/login","statusCode":200,"requestId":"f42f7533-671c-422d-8aed-4e66cd1f7799"}

stdout | src/portal.integration.test.ts > portal draft and templates > enforces tenant isolation and portal.update permission
{"level":"info","time":"2026-07-27T15:44:55.644Z","service":"api","msg":"request.completed","method":"GET","url":"/v1/properties/3ab87d2a-0c78-4fac-aa15-515a733cc3ae/portal/draft","statusCode":403,"requestId":"93fd5d1f-ce6a-42e8-8aa0-d594818e4786"}

stdout | src/portal.integration.test.ts > portal draft and templates > enforces tenant isolation and portal.update permission
{"level":"info","time":"2026-07-27T15:44:55.647Z","service":"api","msg":"request.completed","method":"GET","url":"/v1/portal/templates","statusCode":200,"requestId":"4f67b032-83cc-4879-b60d-48fde24c481c"}

stdout | src/portal.integration.test.ts > portal draft and templates > previews draft by locale/device and blocks cross-property locations
{"level":"info","time":"2026-07-27T15:44:55.858Z","service":"api","msg":"request.completed","method":"POST","url":"/v1/auth/login","statusCode":200,"requestId":"8ff38ecc-9f82-4773-ad13-4b3399af47f7"}

stdout | src/portal.integration.test.ts > portal draft and templates > previews draft by locale/device and blocks cross-property locations
{"level":"info","time":"2026-07-27T15:44:55.860Z","service":"api","msg":"request.completed","method":"GET","url":"/v1/properties?organizationId=d215a186-f84d-4c7c-b75a-3189969999c2","statusCode":200,"requestId":"f636636a-7c57-451f-b6e0-f40a7a9538be"}

stdout | src/portal.integration.test.ts > portal draft and templates > previews draft by locale/device and blocks cross-property locations
{"level":"info","time":"2026-07-27T15:44:55.863Z","service":"api","msg":"request.completed","method":"GET","url":"/v1/properties/3ab87d2a-0c78-4fac-aa15-515a733cc3ae/locations","statusCode":200,"requestId":"642876d9-ac93-4910-a7f3-d6c9948762a3"}

stdout | src/portal.integration.test.ts > portal draft and templates > previews draft by locale/device and blocks cross-property locations
{"level":"info","time":"2026-07-27T15:44:55.865Z","service":"api","msg":"request.completed","method":"GET","url":"/v1/properties/3ab87d2a-0c78-4fac-aa15-515a733cc3ae/portal/preview?locale=vi&device=phone&locationId=699fc12b-5d20-445f-8a6e-307a330d30a6","statusCode":200,"requestId":"68816dc0-cab7-4a67-bdfd-031e7ce57394"}

stdout | src/portal.integration.test.ts > portal draft and templates > previews draft by locale/device and blocks cross-property locations
{"level":"info","time":"2026-07-27T15:44:55.866Z","service":"api","msg":"request.completed","method":"GET","url":"/v1/properties/3ab87d2a-0c78-4fac-aa15-515a733cc3ae/portal/preview?locationId=5a2bf789-e4df-4cac-a986-dc3287853815","statusCode":403,"requestId":"806295df-efbb-42d0-9598-d069268e6295"}

stdout | src/portal.integration.test.ts > portal draft and templates > previews draft by locale/device and blocks cross-property locations
{"level":"info","time":"2026-07-27T15:44:55.869Z","service":"api","msg":"request.completed","method":"PUT","url":"/v1/properties/3ab87d2a-0c78-4fac-aa15-515a733cc3ae/portal/navigation","statusCode":200,"requestId":"86052c48-f230-4654-ad2e-75fd19c2329b"}

 ✓ src/portal.integration.test.ts (3 tests) 1158ms
   ✓ portal draft and templates > enforces tenant isolation and portal.update permission  644ms
stdout | src/branding.integration.test.ts > property settings and branding > allows owner to update property settings and branding
{"level":"info","time":"2026-07-27T15:44:56.585Z","service":"api","msg":"request.completed","method":"POST","url":"/v1/auth/login","statusCode":200,"requestId":"9bc45edd-6d3b-46b9-a380-34d6b279d29f"}

stdout | src/branding.integration.test.ts > property settings and branding > allows owner to update property settings and branding
{"level":"info","time":"2026-07-27T15:44:56.588Z","service":"api","msg":"request.completed","method":"GET","url":"/v1/properties?organizationId=d215a186-f84d-4c7c-b75a-3189969999c2","statusCode":200,"requestId":"11c4d64c-830c-4a47-97b4-ee09bcfbde05"}

stdout | src/branding.integration.test.ts > property settings and branding > allows owner to update property settings and branding
{"level":"info","time":"2026-07-27T15:44:56.592Z","service":"api","msg":"request.completed","method":"PATCH","url":"/v1/properties/3ab87d2a-0c78-4fac-aa15-515a733cc3ae","statusCode":200,"requestId":"35df0093-20c3-4e36-8f99-3f4d9462c7f9"}

stdout | src/branding.integration.test.ts > property settings and branding > allows owner to update property settings and branding
{"level":"info","time":"2026-07-27T15:44:56.596Z","service":"api","msg":"request.completed","method":"PUT","url":"/v1/properties/3ab87d2a-0c78-4fac-aa15-515a733cc3ae/branding","statusCode":200,"requestId":"8235d025-891a-4761-b048-3102f86a0082"}

stdout | src/branding.integration.test.ts > property settings and branding > allows owner to update property settings and branding
{"level":"info","time":"2026-07-27T15:44:56.598Z","service":"api","msg":"request.completed","method":"GET","url":"/v1/properties/3ab87d2a-0c78-4fac-aa15-515a733cc3ae/branding","statusCode":200,"requestId":"b437ac3f-d4d4-4ff6-b99e-bb826faac2db"}

stdout | src/branding.integration.test.ts > property settings and branding > rejects invalid branding and unauthorized content manager mutation
{"level":"info","time":"2026-07-27T15:44:56.808Z","service":"api","msg":"request.completed","method":"POST","url":"/v1/auth/login","statusCode":200,"requestId":"5a54ada9-c7b4-4256-bd09-ee2bce5af22c"}

stdout | src/branding.integration.test.ts > property settings and branding > rejects invalid branding and unauthorized content manager mutation
{"level":"info","time":"2026-07-27T15:44:56.810Z","service":"api","msg":"request.completed","method":"GET","url":"/v1/properties?organizationId=d215a186-f84d-4c7c-b75a-3189969999c2","statusCode":200,"requestId":"94a2814e-a30f-403f-afca-1c1ad8e88d23"}

stdout | src/branding.integration.test.ts > property settings and branding > rejects invalid branding and unauthorized content manager mutation
{"level":"info","time":"2026-07-27T15:44:56.812Z","service":"api","msg":"request.completed","method":"PUT","url":"/v1/properties/3ab87d2a-0c78-4fac-aa15-515a733cc3ae/branding","statusCode":400,"requestId":"0e3fdb42-87c4-4bc4-bcb6-72e48da1ee7f"}

stdout | src/branding.integration.test.ts > property settings and branding > rejects invalid branding and unauthorized content manager mutation
{"level":"info","time":"2026-07-27T15:44:57.024Z","service":"api","msg":"request.completed","method":"POST","url":"/v1/auth/login","statusCode":200,"requestId":"ecb2e810-94b3-4d40-8a3a-df18da8e9f8a"}

stdout | src/branding.integration.test.ts > property settings and branding > rejects invalid branding and unauthorized content manager mutation
{"level":"info","time":"2026-07-27T15:44:57.030Z","service":"api","msg":"request.completed","method":"PATCH","url":"/v1/properties/3ab87d2a-0c78-4fac-aa15-515a733cc3ae","statusCode":403,"requestId":"d5dbed5d-fc1d-440c-bbbc-236ecfd70fdd"}

stdout | src/branding.integration.test.ts > property settings and branding > isolates branding reads across organizations
{"level":"info","time":"2026-07-27T15:44:57.242Z","service":"api","msg":"request.completed","method":"POST","url":"/v1/auth/login","statusCode":200,"requestId":"78a36f48-e5bd-49e1-8b33-bc8e701ed0b8"}

stdout | src/branding.integration.test.ts > property settings and branding > isolates branding reads across organizations
{"level":"info","time":"2026-07-27T15:44:57.453Z","service":"api","msg":"request.completed","method":"POST","url":"/v1/auth/login","statusCode":200,"requestId":"3a1edde5-643c-4b2e-904a-6bad435efee8"}

stdout | src/branding.integration.test.ts > property settings and branding > isolates branding reads across organizations
{"level":"info","time":"2026-07-27T15:44:57.454Z","service":"api","msg":"request.completed","method":"GET","url":"/v1/properties?organizationId=d215a186-f84d-4c7c-b75a-3189969999c2","statusCode":200,"requestId":"61c14306-61ae-4da4-9e56-ada35b87e045"}

stdout | src/branding.integration.test.ts > property settings and branding > isolates branding reads across organizations
{"level":"info","time":"2026-07-27T15:44:57.456Z","service":"api","msg":"request.completed","method":"GET","url":"/v1/properties/3ab87d2a-0c78-4fac-aa15-515a733cc3ae/branding","statusCode":403,"requestId":"7ccffb2f-a45c-466f-b0f4-a23f6dfdbe66"}

 ✓ src/branding.integration.test.ts (3 tests) 1132ms
   ✓ property settings and branding > rejects invalid branding and unauthorized content manager mutation  432ms
   ✓ property settings and branding > isolates branding reads across organizations  425ms
stdout | src/voice-live.integration.test.ts > Gemini Live token endpoint > requires guest authorization and a configured provider credential
{"level":"info","time":"2026-07-27T15:44:57.942Z","service":"api","msg":"request.completed","method":"POST","url":"/v1/guest/live-sessions","statusCode":401,"requestId":"d4c8dacc-91bb-4d0a-8a08-72324554fd40"}

stdout | src/voice-live.integration.test.ts > Gemini Live token endpoint > requires guest authorization and a configured provider credential
{"level":"info","time":"2026-07-27T15:44:58.172Z","service":"api","msg":"request.completed","method":"POST","url":"/v1/auth/login","statusCode":200,"requestId":"d17b2c73-fb3c-428b-a7ee-11a224151bf3"}

stdout | src/voice-live.integration.test.ts > Gemini Live token endpoint > requires guest authorization and a configured provider credential
{"level":"info","time":"2026-07-27T15:44:58.175Z","service":"api","msg":"request.completed","method":"GET","url":"/v1/properties?organizationId=d215a186-f84d-4c7c-b75a-3189969999c2","statusCode":200,"requestId":"738d0264-cbf3-439b-95e2-2e4456bcb169"}

stdout | src/voice-live.integration.test.ts > Gemini Live token endpoint > requires guest authorization and a configured provider credential
{"level":"info","time":"2026-07-27T15:44:58.178Z","service":"api","msg":"request.completed","method":"GET","url":"/v1/properties/3ab87d2a-0c78-4fac-aa15-515a733cc3ae/locations","statusCode":200,"requestId":"4ee52006-197d-4c0d-bf53-173d6bb02d43"}

stdout | src/voice-live.integration.test.ts > Gemini Live token endpoint > requires guest authorization and a configured provider credential
{"level":"info","time":"2026-07-27T15:44:58.183Z","service":"api","msg":"request.completed","method":"POST","url":"/v1/properties/3ab87d2a-0c78-4fac-aa15-515a733cc3ae/qr-codes","statusCode":200,"requestId":"7822b4b1-621f-4ca4-9579-131b67d4a453"}

stdout | src/voice-live.integration.test.ts > Gemini Live token endpoint > requires guest authorization and a configured provider credential
{"level":"info","time":"2026-07-27T15:44:58.188Z","service":"api","msg":"request.completed","method":"POST","url":"/v1/guest/sessions","statusCode":200,"requestId":"7067b4a7-1331-4700-8e23-78cfa734ee6d"}

stdout | src/voice-live.integration.test.ts > Gemini Live token endpoint > requires guest authorization and a configured provider credential
{"level":"info","time":"2026-07-27T15:44:58.193Z","service":"api","msg":"request.completed","method":"POST","url":"/v1/guest/conversations","statusCode":200,"requestId":"3cce9c06-99a7-46a7-9b88-74517000b08a"}

stdout | src/voice-live.integration.test.ts > Gemini Live token endpoint > requires guest authorization and a configured provider credential
{"level":"info","time":"2026-07-27T15:44:58.194Z","service":"api","msg":"request.completed","method":"POST","url":"/v1/guest/live-sessions","statusCode":503,"requestId":"506d8248-74c9-4c6a-b414-b52e6bd34bce"}

stdout | src/voice-live.integration.test.ts > Gemini Live token endpoint > issues scoped ephemeral tokens without leaking the provider key
{"level":"info","time":"2026-07-27T15:44:58.406Z","service":"api","msg":"request.completed","method":"POST","url":"/v1/auth/login","statusCode":200,"requestId":"f8381760-fa61-482a-a05e-73c7602fe5ed"}

stdout | src/voice-live.integration.test.ts > Gemini Live token endpoint > issues scoped ephemeral tokens without leaking the provider key
{"level":"info","time":"2026-07-27T15:44:58.409Z","service":"api","msg":"request.completed","method":"GET","url":"/v1/properties?organizationId=d215a186-f84d-4c7c-b75a-3189969999c2","statusCode":200,"requestId":"91a30b3d-fd63-4a7a-9b94-fbe7f56b89da"}

stdout | src/voice-live.integration.test.ts > Gemini Live token endpoint > issues scoped ephemeral tokens without leaking the provider key
{"level":"info","time":"2026-07-27T15:44:58.410Z","service":"api","msg":"request.completed","method":"GET","url":"/v1/properties/3ab87d2a-0c78-4fac-aa15-515a733cc3ae/locations","statusCode":200,"requestId":"d1386626-cc3e-4f98-a7e1-e10aa8d9c4fd"}

stdout | src/voice-live.integration.test.ts > Gemini Live token endpoint > issues scoped ephemeral tokens without leaking the provider key
{"level":"info","time":"2026-07-27T15:44:58.414Z","service":"api","msg":"request.completed","method":"POST","url":"/v1/properties/3ab87d2a-0c78-4fac-aa15-515a733cc3ae/qr-codes","statusCode":200,"requestId":"7132b820-9fd4-4bb9-88e0-e61eb79732b2"}

stdout | src/voice-live.integration.test.ts > Gemini Live token endpoint > issues scoped ephemeral tokens without leaking the provider key
{"level":"info","time":"2026-07-27T15:44:58.415Z","service":"api","msg":"request.completed","method":"POST","url":"/v1/guest/sessions","statusCode":200,"requestId":"8d5e5410-3c18-4d72-b962-0701ee08ce28"}

stdout | src/voice-live.integration.test.ts > Gemini Live token endpoint > issues scoped ephemeral tokens without leaking the provider key
{"level":"info","time":"2026-07-27T15:44:58.417Z","service":"api","msg":"request.completed","method":"POST","url":"/v1/guest/conversations","statusCode":200,"requestId":"b7fd5f1c-8edf-46a9-b2f9-7f93b4387dbe"}

stdout | src/voice-live.integration.test.ts > Gemini Live token endpoint > issues scoped ephemeral tokens without leaking the provider key
{"level":"info","time":"2026-07-27T15:44:58.420Z","service":"api","msg":"request.completed","method":"POST","url":"/v1/guest/live-sessions","statusCode":200,"requestId":"c8db6c23-de35-49fc-a971-3840648864b9"}

stdout | src/voice-live.integration.test.ts > Gemini Live token endpoint > denies cross-session conversation scope and rate limits token creation
{"level":"info","time":"2026-07-27T15:44:58.632Z","service":"api","msg":"request.completed","method":"POST","url":"/v1/auth/login","statusCode":200,"requestId":"e8f9dd22-6a4c-4381-9220-c5f690455936"}

stdout | src/voice-live.integration.test.ts > Gemini Live token endpoint > denies cross-session conversation scope and rate limits token creation
{"level":"info","time":"2026-07-27T15:44:58.634Z","service":"api","msg":"request.completed","method":"GET","url":"/v1/properties?organizationId=d215a186-f84d-4c7c-b75a-3189969999c2","statusCode":200,"requestId":"ea185ca6-3b96-4bcb-af81-6b9a2d4902db"}

stdout | src/voice-live.integration.test.ts > Gemini Live token endpoint > denies cross-session conversation scope and rate limits token creation
{"level":"info","time":"2026-07-27T15:44:58.636Z","service":"api","msg":"request.completed","method":"GET","url":"/v1/properties/3ab87d2a-0c78-4fac-aa15-515a733cc3ae/locations","statusCode":200,"requestId":"6e9924df-ef11-4e8c-a5f1-3b1c1b9d167f"}

stdout | src/voice-live.integration.test.ts > Gemini Live token endpoint > denies cross-session conversation scope and rate limits token creation
{"level":"info","time":"2026-07-27T15:44:58.639Z","service":"api","msg":"request.completed","method":"POST","url":"/v1/properties/3ab87d2a-0c78-4fac-aa15-515a733cc3ae/qr-codes","statusCode":200,"requestId":"b699cbb8-612f-4f4d-ad85-e08d2748d71c"}

stdout | src/voice-live.integration.test.ts > Gemini Live token endpoint > denies cross-session conversation scope and rate limits token creation
{"level":"info","time":"2026-07-27T15:44:58.640Z","service":"api","msg":"request.completed","method":"POST","url":"/v1/guest/sessions","statusCode":200,"requestId":"6fbd7e56-ab35-45c0-9037-1a07d8bb04f3"}

stdout | src/voice-live.integration.test.ts > Gemini Live token endpoint > denies cross-session conversation scope and rate limits token creation
{"level":"info","time":"2026-07-27T15:44:58.852Z","service":"api","msg":"request.completed","method":"POST","url":"/v1/auth/login","statusCode":200,"requestId":"0ee85b2a-af60-4574-b5f0-18a7659e3d81"}

stdout | src/voice-live.integration.test.ts > Gemini Live token endpoint > denies cross-session conversation scope and rate limits token creation
{"level":"info","time":"2026-07-27T15:44:58.854Z","service":"api","msg":"request.completed","method":"GET","url":"/v1/properties?organizationId=d215a186-f84d-4c7c-b75a-3189969999c2","statusCode":200,"requestId":"7f882964-fe78-4da4-adc5-f1d18b2e60e8"}

stdout | src/voice-live.integration.test.ts > Gemini Live token endpoint > denies cross-session conversation scope and rate limits token creation
{"level":"info","time":"2026-07-27T15:44:58.859Z","service":"api","msg":"request.completed","method":"GET","url":"/v1/properties/3ab87d2a-0c78-4fac-aa15-515a733cc3ae/locations","statusCode":200,"requestId":"0e2366f8-775e-42fb-8f05-d2db36aa52d6"}

stdout | src/voice-live.integration.test.ts > Gemini Live token endpoint > denies cross-session conversation scope and rate limits token creation
{"level":"info","time":"2026-07-27T15:44:58.868Z","service":"api","msg":"request.completed","method":"POST","url":"/v1/properties/3ab87d2a-0c78-4fac-aa15-515a733cc3ae/qr-codes","statusCode":200,"requestId":"180207eb-4f55-4cdc-a9c7-8620b430a773"}

stdout | src/voice-live.integration.test.ts > Gemini Live token endpoint > denies cross-session conversation scope and rate limits token creation
{"level":"info","time":"2026-07-27T15:44:58.870Z","service":"api","msg":"request.completed","method":"POST","url":"/v1/guest/sessions","statusCode":200,"requestId":"67fdb835-a9ff-465c-8395-a7f7cbfda578"}

stdout | src/voice-live.integration.test.ts > Gemini Live token endpoint > denies cross-session conversation scope and rate limits token creation
{"level":"info","time":"2026-07-27T15:44:58.871Z","service":"api","msg":"request.completed","method":"POST","url":"/v1/guest/conversations","statusCode":200,"requestId":"5165e17a-5244-45cd-906d-73554e02022f"}

stdout | src/voice-live.integration.test.ts > Gemini Live token endpoint > denies cross-session conversation scope and rate limits token creation
{"level":"info","time":"2026-07-27T15:44:58.873Z","service":"api","msg":"request.completed","method":"POST","url":"/v1/guest/live-sessions","statusCode":404,"requestId":"cc8331bb-ff51-4a0a-8b72-1d14d938a049"}

stdout | src/voice-live.integration.test.ts > Gemini Live token endpoint > denies cross-session conversation scope and rate limits token creation
{"level":"info","time":"2026-07-27T15:44:58.874Z","service":"api","msg":"request.completed","method":"POST","url":"/v1/guest/live-sessions","statusCode":200,"requestId":"b7562213-70f0-4f1a-880a-73010a06e834"}

stdout | src/voice-live.integration.test.ts > Gemini Live token endpoint > denies cross-session conversation scope and rate limits token creation
{"level":"info","time":"2026-07-27T15:44:58.876Z","service":"api","msg":"request.completed","method":"POST","url":"/v1/guest/live-sessions","statusCode":200,"requestId":"8fb57e28-6215-46f1-9807-8a5b9600dc55"}

stdout | src/voice-live.integration.test.ts > Gemini Live token endpoint > denies cross-session conversation scope and rate limits token creation
{"level":"info","time":"2026-07-27T15:44:58.877Z","service":"api","msg":"request.completed","method":"POST","url":"/v1/guest/live-sessions","statusCode":200,"requestId":"c5d7a542-9d32-44b7-842d-8fa1bc7a86d7"}

stdout | src/voice-live.integration.test.ts > Gemini Live token endpoint > denies cross-session conversation scope and rate limits token creation
{"level":"info","time":"2026-07-27T15:44:58.878Z","service":"api","msg":"request.completed","method":"POST","url":"/v1/guest/live-sessions","statusCode":200,"requestId":"dc5a9454-e128-45c4-afdb-ab6ddfc84b14"}

stdout | src/voice-live.integration.test.ts > Gemini Live token endpoint > denies cross-session conversation scope and rate limits token creation
{"level":"info","time":"2026-07-27T15:44:58.880Z","service":"api","msg":"request.completed","method":"POST","url":"/v1/guest/live-sessions","statusCode":200,"requestId":"8e60a8d5-5d43-4c72-affe-9c4cd1c41d51"}

stdout | src/voice-live.integration.test.ts > Gemini Live token endpoint > denies cross-session conversation scope and rate limits token creation
{"level":"info","time":"2026-07-27T15:44:58.881Z","service":"api","msg":"request.completed","method":"POST","url":"/v1/guest/live-sessions","statusCode":200,"requestId":"9793086d-da71-45fc-a32b-66dc7c20dfe8"}

stdout | src/voice-live.integration.test.ts > Gemini Live token endpoint > denies cross-session conversation scope and rate limits token creation
{"level":"info","time":"2026-07-27T15:44:58.882Z","service":"api","msg":"request.completed","method":"POST","url":"/v1/guest/live-sessions","statusCode":429,"requestId":"c59abb5a-27c1-4059-bb21-53dd9fbe6c63"}

 ✓ src/voice-live.integration.test.ts (3 tests) 974ms
   ✓ Gemini Live token endpoint > denies cross-session conversation scope and rate limits token creation  461ms
stdout | src/qr.integration.test.ts > qr token lifecycle > creates opaque tokens, resolves, disables, downloads, and enforces permissions
{"level":"info","time":"2026-07-27T15:44:59.604Z","service":"api","msg":"request.completed","method":"POST","url":"/v1/auth/login","statusCode":200,"requestId":"3dc55784-bfe1-4b29-a5c2-5ebe46090e37"}

stdout | src/qr.integration.test.ts > qr token lifecycle > creates opaque tokens, resolves, disables, downloads, and enforces permissions
{"level":"info","time":"2026-07-27T15:44:59.608Z","service":"api","msg":"request.completed","method":"GET","url":"/v1/properties?organizationId=d215a186-f84d-4c7c-b75a-3189969999c2","statusCode":200,"requestId":"dad145af-8fe5-4117-95d7-ec726f8d585d"}

stdout | src/qr.integration.test.ts > qr token lifecycle > creates opaque tokens, resolves, disables, downloads, and enforces permissions
{"level":"info","time":"2026-07-27T15:44:59.611Z","service":"api","msg":"request.completed","method":"GET","url":"/v1/properties/3ab87d2a-0c78-4fac-aa15-515a733cc3ae/locations","statusCode":200,"requestId":"af077e11-0a8f-4556-b969-05b3cb4f322a"}

stdout | src/qr.integration.test.ts > qr token lifecycle > creates opaque tokens, resolves, disables, downloads, and enforces permissions
{"level":"info","time":"2026-07-27T15:44:59.615Z","service":"api","msg":"request.completed","method":"POST","url":"/v1/properties/3ab87d2a-0c78-4fac-aa15-515a733cc3ae/qr-codes","statusCode":200,"requestId":"50ad7477-418f-4f2b-868c-593f6015c23a"}

stdout | src/qr.integration.test.ts > qr token lifecycle > creates opaque tokens, resolves, disables, downloads, and enforces permissions
{"level":"info","time":"2026-07-27T15:44:59.617Z","service":"api","msg":"request.completed","method":"POST","url":"/v1/guest/resolve-qr","statusCode":200,"requestId":"29ae7fd9-37b7-4441-b14a-eaff4ad6c9e9"}

stdout | src/qr.integration.test.ts > qr token lifecycle > creates opaque tokens, resolves, disables, downloads, and enforces permissions
{"level":"info","time":"2026-07-27T15:44:59.619Z","service":"api","msg":"request.completed","method":"PATCH","url":"/v1/properties/3ab87d2a-0c78-4fac-aa15-515a733cc3ae/qr-codes/e629bf7d-6f31-44bd-be81-42320b196d75","statusCode":200,"requestId":"362aed24-7eb7-4140-bf50-aca0e6ee5bc8"}

stdout | src/qr.integration.test.ts > qr token lifecycle > creates opaque tokens, resolves, disables, downloads, and enforces permissions
{"level":"info","time":"2026-07-27T15:44:59.621Z","service":"api","msg":"request.completed","method":"POST","url":"/v1/guest/resolve-qr","statusCode":200,"requestId":"621ba2cc-f2b4-47b5-bb14-1e37c722a5f5"}

stdout | src/qr.integration.test.ts > qr token lifecycle > creates opaque tokens, resolves, disables, downloads, and enforces permissions
{"level":"info","time":"2026-07-27T15:44:59.626Z","service":"api","msg":"request.completed","method":"GET","url":"/v1/properties/3ab87d2a-0c78-4fac-aa15-515a733cc3ae/qr-codes/e629bf7d-6f31-44bd-be81-42320b196d75/download?format=svg","statusCode":200,"requestId":"a63eae47-2cba-4850-9231-2e87e189324e"}

stdout | src/qr.integration.test.ts > qr token lifecycle > creates opaque tokens, resolves, disables, downloads, and enforces permissions
{"level":"info","time":"2026-07-27T15:44:59.628Z","service":"api","msg":"request.completed","method":"PATCH","url":"/v1/properties/3ab87d2a-0c78-4fac-aa15-515a733cc3ae/qr-codes/e629bf7d-6f31-44bd-be81-42320b196d75","statusCode":200,"requestId":"ea6c43ba-70c0-4dbf-bc08-18506af6401b"}

stdout | src/qr.integration.test.ts > qr token lifecycle > creates opaque tokens, resolves, disables, downloads, and enforces permissions
{"level":"info","time":"2026-07-27T15:44:59.629Z","service":"api","msg":"request.completed","method":"POST","url":"/v1/guest/resolve-qr","statusCode":404,"requestId":"a4ab8d11-9e88-4258-9134-d25a33abaf03"}

stdout | src/qr.integration.test.ts > qr token lifecycle > creates opaque tokens, resolves, disables, downloads, and enforces permissions
{"level":"info","time":"2026-07-27T15:44:59.630Z","service":"api","msg":"request.completed","method":"POST","url":"/v1/guest/resolve-qr","statusCode":404,"requestId":"aab91f3c-333e-4c47-85dd-4b2f6f6b0922"}

stdout | src/qr.integration.test.ts > qr token lifecycle > creates opaque tokens, resolves, disables, downloads, and enforces permissions
{"level":"info","time":"2026-07-27T15:44:59.841Z","service":"api","msg":"request.completed","method":"POST","url":"/v1/auth/login","statusCode":200,"requestId":"2858b7d9-29f7-42ab-9a63-ef972f6adb42"}

stdout | src/qr.integration.test.ts > qr token lifecycle > creates opaque tokens, resolves, disables, downloads, and enforces permissions
{"level":"info","time":"2026-07-27T15:44:59.844Z","service":"api","msg":"request.completed","method":"POST","url":"/v1/properties/3ab87d2a-0c78-4fac-aa15-515a733cc3ae/qr-codes","statusCode":403,"requestId":"51a0be00-0d0d-4c7e-a6ae-e1515a3a2b3a"}

stdout | src/qr.integration.test.ts > qr token lifecycle > creates opaque tokens, resolves, disables, downloads, and enforces permissions
{"level":"info","time":"2026-07-27T15:45:00.051Z","service":"api","msg":"request.completed","method":"POST","url":"/v1/auth/login","statusCode":200,"requestId":"34e495d1-c63e-4d7b-9a9f-9d19b1493385"}

stdout | src/qr.integration.test.ts > qr token lifecycle > creates opaque tokens, resolves, disables, downloads, and enforces permissions
{"level":"info","time":"2026-07-27T15:45:00.053Z","service":"api","msg":"request.completed","method":"GET","url":"/v1/properties/3ab87d2a-0c78-4fac-aa15-515a733cc3ae/qr-codes","statusCode":403,"requestId":"1a84bf6f-f3e4-4351-93a7-400ebba85b04"}

stdout | src/qr.integration.test.ts > qr token lifecycle > rate limits QR resolution
{"level":"info","time":"2026-07-27T15:45:00.054Z","service":"api","msg":"request.completed","method":"POST","url":"/v1/guest/resolve-qr","statusCode":404,"requestId":"e5e77aea-8417-467a-9430-aff8f8ff6f2b"}

stdout | src/qr.integration.test.ts > qr token lifecycle > rate limits QR resolution
{"level":"info","time":"2026-07-27T15:45:00.055Z","service":"api","msg":"request.completed","method":"POST","url":"/v1/guest/resolve-qr","statusCode":404,"requestId":"a5917b67-18ca-496a-9e2a-3fbd57f49fd8"}

stdout | src/qr.integration.test.ts > qr token lifecycle > rate limits QR resolution
{"level":"info","time":"2026-07-27T15:45:00.055Z","service":"api","msg":"request.completed","method":"POST","url":"/v1/guest/resolve-qr","statusCode":404,"requestId":"1f69f22d-bd50-4cc7-9ee2-b492e244812a"}

stdout | src/qr.integration.test.ts > qr token lifecycle > rate limits QR resolution
{"level":"info","time":"2026-07-27T15:45:00.056Z","service":"api","msg":"request.completed","method":"POST","url":"/v1/guest/resolve-qr","statusCode":404,"requestId":"b9a7fc7c-7da4-41ca-a960-746c46813750"}

stdout | src/qr.integration.test.ts > qr token lifecycle > rate limits QR resolution
{"level":"info","time":"2026-07-27T15:45:00.056Z","service":"api","msg":"request.completed","method":"POST","url":"/v1/guest/resolve-qr","statusCode":404,"requestId":"ee7b638c-de80-46f3-a4c4-ec2bf10ea9be"}

stdout | src/qr.integration.test.ts > qr token lifecycle > rate limits QR resolution
{"level":"info","time":"2026-07-27T15:45:00.057Z","service":"api","msg":"request.completed","method":"POST","url":"/v1/guest/resolve-qr","statusCode":404,"requestId":"cf4e31a9-665b-485b-a407-654edf5d329e"}

stdout | src/qr.integration.test.ts > qr token lifecycle > rate limits QR resolution
{"level":"info","time":"2026-07-27T15:45:00.057Z","service":"api","msg":"request.completed","method":"POST","url":"/v1/guest/resolve-qr","statusCode":404,"requestId":"784b8c94-5992-47e1-9b53-742c86f53268"}

stdout | src/qr.integration.test.ts > qr token lifecycle > rate limits QR resolution
{"level":"info","time":"2026-07-27T15:45:00.058Z","service":"api","msg":"request.completed","method":"POST","url":"/v1/guest/resolve-qr","statusCode":404,"requestId":"84a304a3-556e-4d28-8cbe-44ffff839240"}

stdout | src/qr.integration.test.ts > qr token lifecycle > rate limits QR resolution
{"level":"info","time":"2026-07-27T15:45:00.059Z","service":"api","msg":"request.completed","method":"POST","url":"/v1/guest/resolve-qr","statusCode":404,"requestId":"6bc1221e-6694-4b8a-b6eb-ba381ecda313"}

stdout | src/qr.integration.test.ts > qr token lifecycle > rate limits QR resolution
{"level":"info","time":"2026-07-27T15:45:00.059Z","service":"api","msg":"request.completed","method":"POST","url":"/v1/guest/resolve-qr","statusCode":404,"requestId":"15d7855d-0823-4769-b8a1-37f10c81c99c"}

stdout | src/qr.integration.test.ts > qr token lifecycle > rate limits QR resolution
{"level":"info","time":"2026-07-27T15:45:00.060Z","service":"api","msg":"request.completed","method":"POST","url":"/v1/guest/resolve-qr","statusCode":404,"requestId":"3f19d8b6-16bc-4b80-b95d-a238bb2e8072"}

stdout | src/qr.integration.test.ts > qr token lifecycle > rate limits QR resolution
{"level":"info","time":"2026-07-27T15:45:00.060Z","service":"api","msg":"request.completed","method":"POST","url":"/v1/guest/resolve-qr","statusCode":404,"requestId":"a4f7a412-24c9-49a7-80df-a412e35b9300"}

stdout | src/qr.integration.test.ts > qr token lifecycle > rate limits QR resolution
{"level":"info","time":"2026-07-27T15:45:00.061Z","service":"api","msg":"request.completed","method":"POST","url":"/v1/guest/resolve-qr","statusCode":404,"requestId":"8f37fbb6-29a0-437f-9c9c-897b432be9e0"}

stdout | src/qr.integration.test.ts > qr token lifecycle > rate limits QR resolution
{"level":"info","time":"2026-07-27T15:45:00.064Z","service":"api","msg":"request.completed","method":"POST","url":"/v1/guest/resolve-qr","statusCode":404,"requestId":"0fe00d75-9e1d-4515-b670-a724b9efbb3d"}

stdout | src/qr.integration.test.ts > qr token lifecycle > rate limits QR resolution
{"level":"info","time":"2026-07-27T15:45:00.065Z","service":"api","msg":"request.completed","method":"POST","url":"/v1/guest/resolve-qr","statusCode":404,"requestId":"e5a58c62-fc92-4895-b93c-bfa3dab4872a"}

stdout | src/qr.integration.test.ts > qr token lifecycle > rate limits QR resolution
{"level":"info","time":"2026-07-27T15:45:00.065Z","service":"api","msg":"request.completed","method":"POST","url":"/v1/guest/resolve-qr","statusCode":404,"requestId":"3bf7c0de-2645-4e82-a744-cd1238c553e4"}

stdout | src/qr.integration.test.ts > qr token lifecycle > rate limits QR resolution
{"level":"info","time":"2026-07-27T15:45:00.066Z","service":"api","msg":"request.completed","method":"POST","url":"/v1/guest/resolve-qr","statusCode":404,"requestId":"82ada7db-8e35-421f-ada7-899856b2ed76"}

stdout | src/qr.integration.test.ts > qr token lifecycle > rate limits QR resolution
{"level":"info","time":"2026-07-27T15:45:00.067Z","service":"api","msg":"request.completed","method":"POST","url":"/v1/guest/resolve-qr","statusCode":404,"requestId":"24919bab-de75-4325-afda-685c200ed25d"}

stdout | src/qr.integration.test.ts > qr token lifecycle > rate limits QR resolution
{"level":"info","time":"2026-07-27T15:45:00.067Z","service":"api","msg":"request.completed","method":"POST","url":"/v1/guest/resolve-qr","statusCode":404,"requestId":"cafc1322-3739-44cc-a13b-488d8c255462"}

stdout | src/qr.integration.test.ts > qr token lifecycle > rate limits QR resolution
{"level":"info","time":"2026-07-27T15:45:00.068Z","service":"api","msg":"request.completed","method":"POST","url":"/v1/guest/resolve-qr","statusCode":404,"requestId":"bff92789-6048-443c-a0ae-804dd6370954"}

stdout | src/qr.integration.test.ts > qr token lifecycle > rate limits QR resolution
{"level":"info","time":"2026-07-27T15:45:00.068Z","service":"api","msg":"request.completed","method":"POST","url":"/v1/guest/resolve-qr","statusCode":404,"requestId":"cd652be7-7523-4ad0-a936-d0d8aadc1726"}

stdout | src/qr.integration.test.ts > qr token lifecycle > rate limits QR resolution
{"level":"info","time":"2026-07-27T15:45:00.069Z","service":"api","msg":"request.completed","method":"POST","url":"/v1/guest/resolve-qr","statusCode":404,"requestId":"84485b28-b7ea-41f0-9711-2acc10d3ca0b"}

stdout | src/qr.integration.test.ts > qr token lifecycle > rate limits QR resolution
{"level":"info","time":"2026-07-27T15:45:00.069Z","service":"api","msg":"request.completed","method":"POST","url":"/v1/guest/resolve-qr","statusCode":404,"requestId":"e2c7479e-a66e-436d-85da-16dc857b76ff"}

stdout | src/qr.integration.test.ts > qr token lifecycle > rate limits QR resolution
{"level":"info","time":"2026-07-27T15:45:00.070Z","service":"api","msg":"request.completed","method":"POST","url":"/v1/guest/resolve-qr","statusCode":404,"requestId":"537b1e68-24c5-4e4e-b9d2-77436d43f5e1"}

stdout | src/qr.integration.test.ts > qr token lifecycle > rate limits QR resolution
{"level":"info","time":"2026-07-27T15:45:00.070Z","service":"api","msg":"request.completed","method":"POST","url":"/v1/guest/resolve-qr","statusCode":404,"requestId":"963a9f80-9f2b-4f3b-bbe4-0fef399a5709"}

stdout | src/qr.integration.test.ts > qr token lifecycle > rate limits QR resolution
{"level":"info","time":"2026-07-27T15:45:00.071Z","service":"api","msg":"request.completed","method":"POST","url":"/v1/guest/resolve-qr","statusCode":404,"requestId":"cb9d7083-f91c-424f-a960-9cfde117623d"}

stdout | src/qr.integration.test.ts > qr token lifecycle > rate limits QR resolution
{"level":"info","time":"2026-07-27T15:45:00.071Z","service":"api","msg":"request.completed","method":"POST","url":"/v1/guest/resolve-qr","statusCode":404,"requestId":"b79f2471-8710-46e5-bcaa-3b39777c60ca"}

stdout | src/qr.integration.test.ts > qr token lifecycle > rate limits QR resolution
{"level":"info","time":"2026-07-27T15:45:00.072Z","service":"api","msg":"request.completed","method":"POST","url":"/v1/guest/resolve-qr","statusCode":404,"requestId":"6bdd616f-8932-44bc-806a-df21362b1010"}

stdout | src/qr.integration.test.ts > qr token lifecycle > rate limits QR resolution
{"level":"info","time":"2026-07-27T15:45:00.072Z","service":"api","msg":"request.completed","method":"POST","url":"/v1/guest/resolve-qr","statusCode":404,"requestId":"ab68c413-5b10-4688-89b0-9a20511eb981"}

stdout | src/qr.integration.test.ts > qr token lifecycle > rate limits QR resolution
{"level":"info","time":"2026-07-27T15:45:00.073Z","service":"api","msg":"request.completed","method":"POST","url":"/v1/guest/resolve-qr","statusCode":404,"requestId":"e6cb5415-3054-4497-bb78-c681ad28a0ec"}

stdout | src/qr.integration.test.ts > qr token lifecycle > rate limits QR resolution
{"level":"info","time":"2026-07-27T15:45:00.073Z","service":"api","msg":"request.completed","method":"POST","url":"/v1/guest/resolve-qr","statusCode":429,"requestId":"1e68a96e-917c-4ea5-a106-2a34c96f4913"}

 ✓ src/qr.integration.test.ts (2 tests) 730ms
   ✓ qr token lifecycle > creates opaque tokens, resolves, disables, downloads, and enforces permissions  684ms
stdout | src/guest-sessions.integration.test.ts > guest sessions > creates scoped guest sessions with minimal public context
{"level":"info","time":"2026-07-27T15:45:00.770Z","service":"api","msg":"request.completed","method":"POST","url":"/v1/auth/login","statusCode":200,"requestId":"34cc17bc-6abe-45fa-b62f-1b54b3c684ff"}

stdout | src/guest-sessions.integration.test.ts > guest sessions > creates scoped guest sessions with minimal public context
{"level":"info","time":"2026-07-27T15:45:00.778Z","service":"api","msg":"request.completed","method":"GET","url":"/v1/properties?organizationId=d215a186-f84d-4c7c-b75a-3189969999c2","statusCode":200,"requestId":"7a39eab5-f78b-40f2-911b-fc7a5ff7e474"}

stdout | src/guest-sessions.integration.test.ts > guest sessions > creates scoped guest sessions with minimal public context
{"level":"info","time":"2026-07-27T15:45:00.780Z","service":"api","msg":"request.completed","method":"GET","url":"/v1/properties/3ab87d2a-0c78-4fac-aa15-515a733cc3ae/locations","statusCode":200,"requestId":"b2de9c05-4b3d-4027-b6f1-efa665197a6f"}

stdout | src/guest-sessions.integration.test.ts > guest sessions > creates scoped guest sessions with minimal public context
{"level":"info","time":"2026-07-27T15:45:00.785Z","service":"api","msg":"request.completed","method":"POST","url":"/v1/properties/3ab87d2a-0c78-4fac-aa15-515a733cc3ae/qr-codes","statusCode":200,"requestId":"dcca8e01-1b08-4c9b-9d13-06c2536aaba3"}

stdout | src/guest-sessions.integration.test.ts > guest sessions > creates scoped guest sessions with minimal public context
{"level":"info","time":"2026-07-27T15:45:00.785Z","service":"api","msg":"request.completed","method":"POST","url":"/v1/guest/sessions","statusCode":400,"requestId":"928f5c4e-e894-4aae-8ff8-6ada871326e5"}

stdout | src/guest-sessions.integration.test.ts > guest sessions > creates scoped guest sessions with minimal public context
{"level":"info","time":"2026-07-27T15:45:00.787Z","service":"api","msg":"request.completed","method":"POST","url":"/v1/guest/sessions","statusCode":404,"requestId":"94fa747b-e7c5-4163-824e-84c791b57619"}

stdout | src/guest-sessions.integration.test.ts > guest sessions > creates scoped guest sessions with minimal public context
{"level":"info","time":"2026-07-27T15:45:00.789Z","service":"api","msg":"request.completed","method":"POST","url":"/v1/guest/sessions","statusCode":200,"requestId":"5116ecae-f4a9-4f6c-bda1-734de4272f81"}

stdout | src/guest-sessions.integration.test.ts > guest sessions > creates scoped guest sessions with minimal public context
{"level":"info","time":"2026-07-27T15:45:00.791Z","service":"api","msg":"request.completed","method":"GET","url":"/v1/guest/session","statusCode":200,"requestId":"3ccf4ad6-d10b-40f2-8369-dca7c5f402c1"}

stdout | src/guest-sessions.integration.test.ts > guest sessions > creates scoped guest sessions with minimal public context
{"level":"info","time":"2026-07-27T15:45:00.791Z","service":"api","msg":"request.completed","method":"GET","url":"/v1/guest/session","statusCode":401,"requestId":"07f7da04-d658-4643-b409-8070b540c18d"}

stdout | src/guest-sessions.integration.test.ts > guest sessions > creates scoped guest sessions with minimal public context
{"level":"info","time":"2026-07-27T15:45:00.792Z","service":"api","msg":"request.completed","method":"GET","url":"/v1/guest/session","statusCode":401,"requestId":"5e28b353-957a-4778-a95a-3e98c501239e"}

stdout | src/guest-sessions.integration.test.ts > guest sessions > isolates guest sessions across properties/orgs
{"level":"info","time":"2026-07-27T15:45:01.004Z","service":"api","msg":"request.completed","method":"POST","url":"/v1/auth/login","statusCode":200,"requestId":"4a9d05dc-1ad2-42ac-a8c8-ba691f973d4d"}

stdout | src/guest-sessions.integration.test.ts > guest sessions > isolates guest sessions across properties/orgs
{"level":"info","time":"2026-07-27T15:45:01.215Z","service":"api","msg":"request.completed","method":"POST","url":"/v1/auth/login","statusCode":200,"requestId":"56854c28-dd54-4584-9fd2-e652bb3f0f8d"}

stdout | src/guest-sessions.integration.test.ts > guest sessions > isolates guest sessions across properties/orgs
{"level":"info","time":"2026-07-27T15:45:01.217Z","service":"api","msg":"request.completed","method":"GET","url":"/v1/properties?organizationId=d215a186-f84d-4c7c-b75a-3189969999c2","statusCode":200,"requestId":"6f0e3a7c-2da4-42a5-b00c-1a613df4580a"}

stdout | src/guest-sessions.integration.test.ts > guest sessions > isolates guest sessions across properties/orgs
{"level":"info","time":"2026-07-27T15:45:01.219Z","service":"api","msg":"request.completed","method":"GET","url":"/v1/properties/3ab87d2a-0c78-4fac-aa15-515a733cc3ae/locations","statusCode":200,"requestId":"1041b6ed-5f7b-40ec-9f7f-213f749f18d8"}

stdout | src/guest-sessions.integration.test.ts > guest sessions > isolates guest sessions across properties/orgs
{"level":"info","time":"2026-07-27T15:45:01.222Z","service":"api","msg":"request.completed","method":"POST","url":"/v1/properties/3ab87d2a-0c78-4fac-aa15-515a733cc3ae/qr-codes","statusCode":200,"requestId":"d738b1fb-c178-4da6-ba81-54f6f32b7c81"}

stdout | src/guest-sessions.integration.test.ts > guest sessions > isolates guest sessions across properties/orgs
{"level":"info","time":"2026-07-27T15:45:01.223Z","service":"api","msg":"request.completed","method":"GET","url":"/v1/properties?organizationId=67e4e9e6-f0b4-4e7f-a247-674a503d4ba6","statusCode":200,"requestId":"7919d616-3f0a-4dc3-8775-100c04c0dacf"}

stdout | src/guest-sessions.integration.test.ts > guest sessions > isolates guest sessions across properties/orgs
{"level":"info","time":"2026-07-27T15:45:01.224Z","service":"api","msg":"request.completed","method":"GET","url":"/v1/properties/8efde0b2-790a-49cd-8a14-20be5b6b29b1/locations","statusCode":200,"requestId":"c69d62fa-8f4c-4da4-9d49-7c862903322a"}

stdout | src/guest-sessions.integration.test.ts > guest sessions > isolates guest sessions across properties/orgs
{"level":"info","time":"2026-07-27T15:45:01.227Z","service":"api","msg":"request.completed","method":"POST","url":"/v1/properties/8efde0b2-790a-49cd-8a14-20be5b6b29b1/qr-codes","statusCode":200,"requestId":"fcdcd2e8-46db-4d4e-9401-49292d8d282f"}

stdout | src/guest-sessions.integration.test.ts > guest sessions > isolates guest sessions across properties/orgs
{"level":"info","time":"2026-07-27T15:45:01.229Z","service":"api","msg":"request.completed","method":"POST","url":"/v1/guest/sessions","statusCode":200,"requestId":"4d302552-dcbb-40bb-bbe7-9c2483bb79d6"}

stdout | src/guest-sessions.integration.test.ts > guest sessions > isolates guest sessions across properties/orgs
{"level":"info","time":"2026-07-27T15:45:01.230Z","service":"api","msg":"request.completed","method":"POST","url":"/v1/guest/sessions","statusCode":200,"requestId":"58e50991-7c22-4694-bb0e-e81b6ae2cc77"}

stdout | src/guest-sessions.integration.test.ts > guest sessions > isolates guest sessions across properties/orgs
{"level":"info","time":"2026-07-27T15:45:01.232Z","service":"api","msg":"request.completed","method":"GET","url":"/v1/guest/session","statusCode":200,"requestId":"5322d556-373b-412f-bd9f-4f4132eafebc"}

 ✓ src/guest-sessions.integration.test.ts (2 tests) 717ms
   ✓ guest sessions > isolates guest sessions across properties/orgs  439ms
stdout | src/guest-portal.integration.test.ts > guest portal homepage API > returns published branding with asset fallbacks
{"level":"info","time":"2026-07-27T15:45:01.939Z","service":"api","msg":"request.completed","method":"POST","url":"/v1/auth/login","statusCode":200,"requestId":"034c11c3-9f69-456a-b84d-ed85ecf689e7"}

stdout | src/guest-portal.integration.test.ts > guest portal homepage API > returns published branding with asset fallbacks
{"level":"info","time":"2026-07-27T15:45:01.943Z","service":"api","msg":"request.completed","method":"GET","url":"/v1/properties?organizationId=d215a186-f84d-4c7c-b75a-3189969999c2","statusCode":200,"requestId":"983a94ed-8656-4785-9405-ae266b0fa2c9"}

stdout | src/guest-portal.integration.test.ts > guest portal homepage API > returns published branding with asset fallbacks
{"level":"info","time":"2026-07-27T15:45:01.946Z","service":"api","msg":"request.completed","method":"GET","url":"/v1/properties/3ab87d2a-0c78-4fac-aa15-515a733cc3ae/portal/draft","statusCode":200,"requestId":"0a2ecbab-8560-4b29-a713-c47d4e706100"}

stdout | src/guest-portal.integration.test.ts > guest portal homepage API > returns published branding with asset fallbacks
{"level":"info","time":"2026-07-27T15:45:01.956Z","service":"api","msg":"request.completed","method":"POST","url":"/v1/properties/3ab87d2a-0c78-4fac-aa15-515a733cc3ae/portal/publish","statusCode":200,"requestId":"50554692-84a5-4122-9102-b0e3874b0faf"}

stdout | src/guest-portal.integration.test.ts > guest portal homepage API > returns published branding with asset fallbacks
{"level":"info","time":"2026-07-27T15:45:01.959Z","service":"api","msg":"request.completed","method":"GET","url":"/v1/properties/3ab87d2a-0c78-4fac-aa15-515a733cc3ae/locations","statusCode":200,"requestId":"91afe5c1-b5de-4cea-a9fc-22ab5d947535"}

stdout | src/guest-portal.integration.test.ts > guest portal homepage API > returns published branding with asset fallbacks
{"level":"info","time":"2026-07-27T15:45:01.962Z","service":"api","msg":"request.completed","method":"POST","url":"/v1/properties/3ab87d2a-0c78-4fac-aa15-515a733cc3ae/qr-codes","statusCode":200,"requestId":"6566cf46-2bf3-4529-901b-f907190b55ac"}

stdout | src/guest-portal.integration.test.ts > guest portal homepage API > returns published branding with asset fallbacks
{"level":"info","time":"2026-07-27T15:45:01.965Z","service":"api","msg":"request.completed","method":"POST","url":"/v1/guest/sessions","statusCode":200,"requestId":"66484ac3-c177-4c41-8a68-e7655a324e04"}

stdout | src/guest-portal.integration.test.ts > guest portal homepage API > returns published branding with asset fallbacks
{"level":"info","time":"2026-07-27T15:45:01.969Z","service":"api","msg":"request.completed","method":"GET","url":"/v1/guest/portal","statusCode":200,"requestId":"f9fd1e5a-df35-4e2f-884e-4e3a9c035951"}

 ✓ src/guest-portal.integration.test.ts (1 test) 291ms
stdout | src/portal-publish.integration.test.ts > portal publish and rollback > publishes immutably, handles concurrency/idempotency, and rolls back as new version
{"level":"info","time":"2026-07-27T15:45:02.663Z","service":"api","msg":"request.completed","method":"POST","url":"/v1/auth/login","statusCode":200,"requestId":"d1422eff-93ac-4bfa-9175-3627dc415531"}

stdout | src/portal-publish.integration.test.ts > portal publish and rollback > publishes immutably, handles concurrency/idempotency, and rolls back as new version
{"level":"info","time":"2026-07-27T15:45:02.669Z","service":"api","msg":"request.completed","method":"GET","url":"/v1/properties?organizationId=d215a186-f84d-4c7c-b75a-3189969999c2","statusCode":200,"requestId":"7ddb3184-1835-4f41-a2ac-42cb244d3904"}

stdout | src/portal-publish.integration.test.ts > portal publish and rollback > publishes immutably, handles concurrency/idempotency, and rolls back as new version
{"level":"info","time":"2026-07-27T15:45:02.673Z","service":"api","msg":"request.completed","method":"GET","url":"/v1/properties/3ab87d2a-0c78-4fac-aa15-515a733cc3ae/portal/draft","statusCode":200,"requestId":"bd91d960-1b8d-439a-bf13-790e51373f01"}

stdout | src/portal-publish.integration.test.ts > portal publish and rollback > publishes immutably, handles concurrency/idempotency, and rolls back as new version
{"level":"info","time":"2026-07-27T15:45:02.679Z","service":"api","msg":"request.completed","method":"POST","url":"/v1/properties/3ab87d2a-0c78-4fac-aa15-515a733cc3ae/portal/publish","statusCode":200,"requestId":"c8d81765-34b4-4ca5-bc2c-34c81f09e8c8"}

stdout | src/portal-publish.integration.test.ts > portal publish and rollback > publishes immutably, handles concurrency/idempotency, and rolls back as new version
{"level":"info","time":"2026-07-27T15:45:02.681Z","service":"api","msg":"request.completed","method":"POST","url":"/v1/properties/3ab87d2a-0c78-4fac-aa15-515a733cc3ae/portal/publish","statusCode":200,"requestId":"f1bc1e8b-cd27-4270-9fac-e64efb944366"}

stdout | src/portal-publish.integration.test.ts > portal publish and rollback > publishes immutably, handles concurrency/idempotency, and rolls back as new version
{"level":"info","time":"2026-07-27T15:45:02.684Z","service":"api","msg":"request.completed","method":"POST","url":"/v1/properties/3ab87d2a-0c78-4fac-aa15-515a733cc3ae/portal/publish","statusCode":409,"requestId":"45e19f3c-3562-4255-ad40-5fab23be81dc"}

stdout | src/portal-publish.integration.test.ts > portal publish and rollback > publishes immutably, handles concurrency/idempotency, and rolls back as new version
{"level":"info","time":"2026-07-27T15:45:02.689Z","service":"api","msg":"request.completed","method":"POST","url":"/v1/properties/3ab87d2a-0c78-4fac-aa15-515a733cc3ae/portal/versions/62091320-011b-4bb9-9a77-4b3a5af3148d/restore","statusCode":200,"requestId":"8d09f512-6490-441c-b901-f7b3518a6fe5"}

stdout | src/portal-publish.integration.test.ts > portal publish and rollback > publishes immutably, handles concurrency/idempotency, and rolls back as new version
{"level":"info","time":"2026-07-27T15:45:02.695Z","service":"api","msg":"request.completed","method":"GET","url":"/v1/properties/3ab87d2a-0c78-4fac-aa15-515a733cc3ae/portal/versions","statusCode":200,"requestId":"fdf0f0d6-d670-4122-9e25-818147e456aa"}

 ✓ src/portal-publish.integration.test.ts (1 test) 292ms
stdout | src/knowledge-search.integration.test.ts > knowledge hybrid retrieval
{"level":"info","time":"2026-07-27T15:45:03.427Z","service":"api","msg":"request.completed","method":"POST","url":"/v1/auth/login","statusCode":200,"requestId":"40c471c5-b906-450c-ac32-5dc053d02b0b"}

stdout | src/knowledge-search.integration.test.ts > knowledge hybrid retrieval
{"level":"info","time":"2026-07-27T15:45:03.431Z","service":"api","msg":"request.completed","method":"GET","url":"/v1/properties?organizationId=d215a186-f84d-4c7c-b75a-3189969999c2","statusCode":200,"requestId":"3002d318-0c37-4a26-a4a2-953c0d108da3"}

stdout | src/knowledge-search.integration.test.ts > knowledge hybrid retrieval > returns citations mapped to source and stores benchmark recall
{"level":"info","time":"2026-07-27T15:45:03.451Z","service":"api","msg":"request.completed","method":"POST","url":"/v1/properties/3ab87d2a-0c78-4fac-aa15-515a733cc3ae/knowledge/search","statusCode":200,"requestId":"91d5f7f7-66e2-4304-9dea-61ecc1f1edc3"}

stdout | src/knowledge-search.integration.test.ts > knowledge hybrid retrieval > supports cross-language query against Vietnamese source text
{"level":"info","time":"2026-07-27T15:45:03.455Z","service":"api","msg":"request.completed","method":"POST","url":"/v1/properties/3ab87d2a-0c78-4fac-aa15-515a733cc3ae/knowledge/search","statusCode":200,"requestId":"aaa00acd-4c7b-470b-bdee-48e95edf7c0d"}

stdout | src/knowledge-search.integration.test.ts > knowledge hybrid retrieval > returns noResult for unknown queries and blocks injection-only payloads
{"level":"info","time":"2026-07-27T15:45:03.458Z","service":"api","msg":"request.completed","method":"POST","url":"/v1/properties/5057c38e-52a2-4ebb-aafe-961cb7501f08/knowledge/search","statusCode":200,"requestId":"8ab1d83c-2fbe-4163-ba6d-5b1a7cf65b20"}

stdout | src/knowledge-search.integration.test.ts > knowledge hybrid retrieval > returns noResult for unknown queries and blocks injection-only payloads
{"level":"info","time":"2026-07-27T15:45:03.461Z","service":"api","msg":"request.completed","method":"POST","url":"/v1/properties/3ab87d2a-0c78-4fac-aa15-515a733cc3ae/knowledge/search","statusCode":200,"requestId":"5e6719b9-16ec-4645-8151-273e527f8b1a"}

stdout | src/knowledge-search.integration.test.ts > knowledge hybrid retrieval > denies cross-tenant leakage via property scope
{"level":"info","time":"2026-07-27T15:45:03.472Z","service":"api","msg":"request.completed","method":"POST","url":"/v1/properties/392c73ac-ab5b-4687-ab77-306ed9afe342/knowledge/search","statusCode":403,"requestId":"bc6f2705-161f-4cc8-991c-74a5d6d86fc9"}

 ✓ src/knowledge-search.integration.test.ts (4 tests) 308ms
stdout | src/conversations.integration.test.ts > guest conversations > persists guest messages in stable conversation order and deduplicates retry ids
{"level":"info","time":"2026-07-27T15:45:04.203Z","service":"api","msg":"request.completed","method":"POST","url":"/v1/auth/login","statusCode":200,"requestId":"344dbcf8-34c4-4d59-8bd3-c0e2fcc140ed"}

stdout | src/conversations.integration.test.ts > guest conversations > persists guest messages in stable conversation order and deduplicates retry ids
{"level":"info","time":"2026-07-27T15:45:04.207Z","service":"api","msg":"request.completed","method":"GET","url":"/v1/properties?organizationId=d215a186-f84d-4c7c-b75a-3189969999c2","statusCode":200,"requestId":"92163c63-c61a-4bb0-a347-7c82addccdae"}

stdout | src/conversations.integration.test.ts > guest conversations > persists guest messages in stable conversation order and deduplicates retry ids
{"level":"info","time":"2026-07-27T15:45:04.210Z","service":"api","msg":"request.completed","method":"GET","url":"/v1/properties/3ab87d2a-0c78-4fac-aa15-515a733cc3ae/locations","statusCode":200,"requestId":"6042b959-a61e-408f-9c21-fb4e91570726"}

stdout | src/conversations.integration.test.ts > guest conversations > persists guest messages in stable conversation order and deduplicates retry ids
{"level":"info","time":"2026-07-27T15:45:04.214Z","service":"api","msg":"request.completed","method":"POST","url":"/v1/properties/3ab87d2a-0c78-4fac-aa15-515a733cc3ae/qr-codes","statusCode":200,"requestId":"d324a451-4a09-45ed-9fcc-3ae0039f7af6"}

stdout | src/conversations.integration.test.ts > guest conversations > persists guest messages in stable conversation order and deduplicates retry ids
{"level":"info","time":"2026-07-27T15:45:04.217Z","service":"api","msg":"request.completed","method":"POST","url":"/v1/guest/sessions","statusCode":200,"requestId":"35b08ed9-5b78-46d3-8efc-511fca141a87"}

stdout | src/conversations.integration.test.ts > guest conversations > persists guest messages in stable conversation order and deduplicates retry ids
{"level":"info","time":"2026-07-27T15:45:04.220Z","service":"api","msg":"request.completed","method":"POST","url":"/v1/guest/conversations","statusCode":200,"requestId":"5f272778-60c0-496e-850c-d3f4cb285605"}

stdout | src/conversations.integration.test.ts > guest conversations > persists guest messages in stable conversation order and deduplicates retry ids
{"level":"info","time":"2026-07-27T15:45:04.225Z","service":"api","msg":"request.completed","method":"POST","url":"/v1/guest/conversations/a9641142-f371-4fc5-94b2-57c69a3ffc4e/messages","statusCode":200,"requestId":"43b0917d-98b5-42e0-9ba1-c27d577734d5"}

stdout | src/conversations.integration.test.ts > guest conversations > persists guest messages in stable conversation order and deduplicates retry ids
{"level":"info","time":"2026-07-27T15:45:04.227Z","service":"api","msg":"request.completed","method":"POST","url":"/v1/guest/conversations/a9641142-f371-4fc5-94b2-57c69a3ffc4e/messages","statusCode":200,"requestId":"7418a6e4-6e57-419d-bf83-3c872e5173e5"}

stdout | src/conversations.integration.test.ts > guest conversations > persists guest messages in stable conversation order and deduplicates retry ids
{"level":"info","time":"2026-07-27T15:45:04.230Z","service":"api","msg":"request.completed","method":"POST","url":"/v1/guest/conversations/a9641142-f371-4fc5-94b2-57c69a3ffc4e/messages","statusCode":200,"requestId":"a7a1b06b-dbb6-4356-838b-68771f7cb214"}

stdout | src/conversations.integration.test.ts > guest conversations > persists guest messages in stable conversation order and deduplicates retry ids
{"level":"info","time":"2026-07-27T15:45:04.232Z","service":"api","msg":"request.completed","method":"GET","url":"/v1/guest/conversations/a9641142-f371-4fc5-94b2-57c69a3ffc4e","statusCode":200,"requestId":"2d3ea4df-c471-40ea-a9cc-303b9e290a3b"}

stdout | src/conversations.integration.test.ts > guest conversations > isolates conversations by guest session and tenant scope
{"level":"info","time":"2026-07-27T15:45:04.448Z","service":"api","msg":"request.completed","method":"POST","url":"/v1/auth/login","statusCode":200,"requestId":"366f6aea-a540-4c67-b2e3-a319bb806aba"}

stdout | src/conversations.integration.test.ts > guest conversations > isolates conversations by guest session and tenant scope
{"level":"info","time":"2026-07-27T15:45:04.451Z","service":"api","msg":"request.completed","method":"GET","url":"/v1/properties?organizationId=d215a186-f84d-4c7c-b75a-3189969999c2","statusCode":200,"requestId":"48cd5514-9595-4280-acd5-76e133527b06"}

stdout | src/conversations.integration.test.ts > guest conversations > isolates conversations by guest session and tenant scope
{"level":"info","time":"2026-07-27T15:45:04.453Z","service":"api","msg":"request.completed","method":"GET","url":"/v1/properties/3ab87d2a-0c78-4fac-aa15-515a733cc3ae/locations","statusCode":200,"requestId":"a8116c75-0c38-44f7-8ba6-29d31b13bb76"}

stdout | src/conversations.integration.test.ts > guest conversations > isolates conversations by guest session and tenant scope
{"level":"info","time":"2026-07-27T15:45:04.457Z","service":"api","msg":"request.completed","method":"POST","url":"/v1/properties/3ab87d2a-0c78-4fac-aa15-515a733cc3ae/qr-codes","statusCode":200,"requestId":"a3769e79-dc03-4be7-96b6-2b0afe9fab2d"}

stdout | src/conversations.integration.test.ts > guest conversations > isolates conversations by guest session and tenant scope
{"level":"info","time":"2026-07-27T15:45:04.465Z","service":"api","msg":"request.completed","method":"POST","url":"/v1/guest/sessions","statusCode":200,"requestId":"cdc4b525-caaa-4a96-ad62-f918487e6639"}

stdout | src/conversations.integration.test.ts > guest conversations > isolates conversations by guest session and tenant scope
{"level":"info","time":"2026-07-27T15:45:04.681Z","service":"api","msg":"request.completed","method":"POST","url":"/v1/auth/login","statusCode":200,"requestId":"ad6aa2b9-aded-4997-829d-6f2b067cf987"}

stdout | src/conversations.integration.test.ts > guest conversations > isolates conversations by guest session and tenant scope
{"level":"info","time":"2026-07-27T15:45:04.683Z","service":"api","msg":"request.completed","method":"GET","url":"/v1/properties?organizationId=d215a186-f84d-4c7c-b75a-3189969999c2","statusCode":200,"requestId":"bb8c66bf-424d-4db3-ba1b-4bd086df7399"}

stdout | src/conversations.integration.test.ts > guest conversations > isolates conversations by guest session and tenant scope
{"level":"info","time":"2026-07-27T15:45:04.684Z","service":"api","msg":"request.completed","method":"GET","url":"/v1/properties/3ab87d2a-0c78-4fac-aa15-515a733cc3ae/locations","statusCode":200,"requestId":"00dbf885-666e-4981-b3ec-97768e753166"}

stdout | src/conversations.integration.test.ts > guest conversations > isolates conversations by guest session and tenant scope
{"level":"info","time":"2026-07-27T15:45:04.688Z","service":"api","msg":"request.completed","method":"POST","url":"/v1/properties/3ab87d2a-0c78-4fac-aa15-515a733cc3ae/qr-codes","statusCode":200,"requestId":"60e86633-b194-4be3-9b43-f055ade605ce"}

stdout | src/conversations.integration.test.ts > guest conversations > isolates conversations by guest session and tenant scope
{"level":"info","time":"2026-07-27T15:45:04.689Z","service":"api","msg":"request.completed","method":"POST","url":"/v1/guest/sessions","statusCode":200,"requestId":"26ae8519-6121-418d-9f04-ccf0d0fc985f"}

stdout | src/conversations.integration.test.ts > guest conversations > isolates conversations by guest session and tenant scope
{"level":"info","time":"2026-07-27T15:45:04.899Z","service":"api","msg":"request.completed","method":"POST","url":"/v1/auth/login","statusCode":200,"requestId":"62153bac-b065-403a-ac6f-19e08a2db23e"}

stdout | src/conversations.integration.test.ts > guest conversations > isolates conversations by guest session and tenant scope
{"level":"info","time":"2026-07-27T15:45:04.901Z","service":"api","msg":"request.completed","method":"GET","url":"/v1/properties?organizationId=67e4e9e6-f0b4-4e7f-a247-674a503d4ba6","statusCode":200,"requestId":"37e93a5c-464a-41f4-ac21-c6001dd9d3ff"}

stdout | src/conversations.integration.test.ts > guest conversations > isolates conversations by guest session and tenant scope
{"level":"info","time":"2026-07-27T15:45:04.903Z","service":"api","msg":"request.completed","method":"GET","url":"/v1/properties/8efde0b2-790a-49cd-8a14-20be5b6b29b1/locations","statusCode":200,"requestId":"349a86ef-e775-44b7-bb50-390a398e24a2"}

stdout | src/conversations.integration.test.ts > guest conversations > isolates conversations by guest session and tenant scope
{"level":"info","time":"2026-07-27T15:45:04.905Z","service":"api","msg":"request.completed","method":"POST","url":"/v1/properties/8efde0b2-790a-49cd-8a14-20be5b6b29b1/qr-codes","statusCode":200,"requestId":"a1343c76-7a77-47f2-b6f4-a58c1f30a81b"}

stdout | src/conversations.integration.test.ts > guest conversations > isolates conversations by guest session and tenant scope
{"level":"info","time":"2026-07-27T15:45:04.908Z","service":"api","msg":"request.completed","method":"POST","url":"/v1/guest/sessions","statusCode":200,"requestId":"4f91669d-5f36-4d6f-bd6f-386615e6b559"}

stdout | src/conversations.integration.test.ts > guest conversations > isolates conversations by guest session and tenant scope
{"level":"info","time":"2026-07-27T15:45:04.910Z","service":"api","msg":"request.completed","method":"POST","url":"/v1/guest/conversations","statusCode":200,"requestId":"ec2228f9-b3fa-4998-9b20-1a2be4f88e5a"}

stdout | src/conversations.integration.test.ts > guest conversations > isolates conversations by guest session and tenant scope
{"level":"info","time":"2026-07-27T15:45:04.912Z","service":"api","msg":"request.completed","method":"GET","url":"/v1/guest/conversations/ea13a4a1-b02c-4439-934a-9a48c289b32e","statusCode":404,"requestId":"2851e644-51f5-4c96-bc88-9f0dc0abdd70"}

stdout | src/conversations.integration.test.ts > guest conversations > isolates conversations by guest session and tenant scope
{"level":"info","time":"2026-07-27T15:45:04.913Z","service":"api","msg":"request.completed","method":"POST","url":"/v1/guest/conversations/ea13a4a1-b02c-4439-934a-9a48c289b32e/messages","statusCode":404,"requestId":"869fbc4f-4a69-402a-9f43-586cbd6ea6d7"}

stdout | src/conversations.integration.test.ts > guest conversations > enforces explicit transcript retention expiry
{"level":"info","time":"2026-07-27T15:45:05.123Z","service":"api","msg":"request.completed","method":"POST","url":"/v1/auth/login","statusCode":200,"requestId":"56bbda99-bc8a-4d7b-a1f2-649b7595f4c5"}

stdout | src/conversations.integration.test.ts > guest conversations > enforces explicit transcript retention expiry
{"level":"info","time":"2026-07-27T15:45:05.125Z","service":"api","msg":"request.completed","method":"GET","url":"/v1/properties?organizationId=d215a186-f84d-4c7c-b75a-3189969999c2","statusCode":200,"requestId":"d9989b45-eb42-4e59-945f-f82965d14f06"}

stdout | src/conversations.integration.test.ts > guest conversations > enforces explicit transcript retention expiry
{"level":"info","time":"2026-07-27T15:45:05.127Z","service":"api","msg":"request.completed","method":"GET","url":"/v1/properties/3ab87d2a-0c78-4fac-aa15-515a733cc3ae/locations","statusCode":200,"requestId":"f83ca68d-d367-4fa0-84cb-f5f25d804f06"}

stdout | src/conversations.integration.test.ts > guest conversations > enforces explicit transcript retention expiry
{"level":"info","time":"2026-07-27T15:45:05.130Z","service":"api","msg":"request.completed","method":"POST","url":"/v1/properties/3ab87d2a-0c78-4fac-aa15-515a733cc3ae/qr-codes","statusCode":200,"requestId":"83982468-f5ef-487f-a7b3-66cb29adeab0"}

stdout | src/conversations.integration.test.ts > guest conversations > enforces explicit transcript retention expiry
{"level":"info","time":"2026-07-27T15:45:05.132Z","service":"api","msg":"request.completed","method":"POST","url":"/v1/guest/sessions","statusCode":200,"requestId":"7559a9c3-f23a-4be8-9102-54f11d82c878"}

stdout | src/conversations.integration.test.ts > guest conversations > enforces explicit transcript retention expiry
{"level":"info","time":"2026-07-27T15:45:05.133Z","service":"api","msg":"request.completed","method":"POST","url":"/v1/guest/conversations","statusCode":200,"requestId":"b93274d2-f3f9-4c72-8b5a-bb377910ad5f"}

stdout | src/conversations.integration.test.ts > guest conversations > enforces explicit transcript retention expiry
{"level":"info","time":"2026-07-27T15:45:05.135Z","service":"api","msg":"request.completed","method":"GET","url":"/v1/guest/conversations/6d71cf09-23d6-44dc-82dc-e1c918928c15","statusCode":410,"requestId":"5bd19046-b0a6-4fbd-84d2-ed7abc20eb7e"}

stdout | src/conversations.integration.test.ts > guest conversations > requests human handoff honestly, idempotently, and blocks further automation
{"level":"info","time":"2026-07-27T15:45:05.353Z","service":"api","msg":"request.completed","method":"POST","url":"/v1/auth/login","statusCode":200,"requestId":"9951471e-cf62-49be-ac38-ff36d9c10bbb"}

stdout | src/conversations.integration.test.ts > guest conversations > requests human handoff honestly, idempotently, and blocks further automation
{"level":"info","time":"2026-07-27T15:45:05.355Z","service":"api","msg":"request.completed","method":"GET","url":"/v1/properties?organizationId=d215a186-f84d-4c7c-b75a-3189969999c2","statusCode":200,"requestId":"bf1dba49-ad8b-4f3e-8aa5-baac1c1a2daa"}

stdout | src/conversations.integration.test.ts > guest conversations > requests human handoff honestly, idempotently, and blocks further automation
{"level":"info","time":"2026-07-27T15:45:05.356Z","service":"api","msg":"request.completed","method":"GET","url":"/v1/properties/3ab87d2a-0c78-4fac-aa15-515a733cc3ae/locations","statusCode":200,"requestId":"78ab7c65-7167-4ddc-8a3b-cf567a7ffe93"}

stdout | src/conversations.integration.test.ts > guest conversations > requests human handoff honestly, idempotently, and blocks further automation
{"level":"info","time":"2026-07-27T15:45:05.359Z","service":"api","msg":"request.completed","method":"POST","url":"/v1/properties/3ab87d2a-0c78-4fac-aa15-515a733cc3ae/qr-codes","statusCode":200,"requestId":"d8d1d15d-8b1b-4694-be1a-36021b40090a"}

stdout | src/conversations.integration.test.ts > guest conversations > requests human handoff honestly, idempotently, and blocks further automation
{"level":"info","time":"2026-07-27T15:45:05.361Z","service":"api","msg":"request.completed","method":"POST","url":"/v1/guest/sessions","statusCode":200,"requestId":"63857807-73f7-454e-84cc-52fb855c837b"}

stdout | src/conversations.integration.test.ts > guest conversations > requests human handoff honestly, idempotently, and blocks further automation
{"level":"info","time":"2026-07-27T15:45:05.362Z","service":"api","msg":"request.completed","method":"POST","url":"/v1/guest/conversations","statusCode":200,"requestId":"00bd600b-cb7e-4fa1-a5fa-875c6ad7d4f8"}

stdout | src/conversations.integration.test.ts > guest conversations > requests human handoff honestly, idempotently, and blocks further automation
{"level":"info","time":"2026-07-27T15:45:05.365Z","service":"api","msg":"request.completed","method":"POST","url":"/v1/guest/request-drafts","statusCode":200,"requestId":"d9988011-f350-4599-a848-557a2c38a76a"}

stdout | src/conversations.integration.test.ts > guest conversations > requests human handoff honestly, idempotently, and blocks further automation
{"level":"info","time":"2026-07-27T15:45:05.368Z","service":"api","msg":"request.completed","method":"POST","url":"/v1/guest/conversations/b81a5e36-343a-4cec-ba86-d00fd8ad6d51/handoff","statusCode":200,"requestId":"af73a119-5460-4152-ad18-63fd4aac9411"}

stdout | src/conversations.integration.test.ts > guest conversations > requests human handoff honestly, idempotently, and blocks further automation
{"level":"info","time":"2026-07-27T15:45:05.369Z","service":"api","msg":"request.completed","method":"POST","url":"/v1/guest/conversations/b81a5e36-343a-4cec-ba86-d00fd8ad6d51/handoff","statusCode":200,"requestId":"f3294286-6fd3-4042-9bd7-40080943e557"}

stdout | src/conversations.integration.test.ts > guest conversations > requests human handoff honestly, idempotently, and blocks further automation
{"level":"info","time":"2026-07-27T15:45:05.371Z","service":"api","msg":"request.completed","method":"POST","url":"/v1/guest/conversations/b81a5e36-343a-4cec-ba86-d00fd8ad6d51/messages","statusCode":409,"requestId":"a71c059d-238f-4d1b-bca6-33cb5d2f0984"}

stdout | src/conversations.integration.test.ts > guest conversations > requests human handoff honestly, idempotently, and blocks further automation
{"level":"info","time":"2026-07-27T15:45:05.372Z","service":"api","msg":"request.completed","method":"POST","url":"/v1/guest/conversations/b81a5e36-343a-4cec-ba86-d00fd8ad6d51/tool-results","statusCode":409,"requestId":"a2bb6d69-2c52-488e-9afa-e747d7f2691d"}

stdout | src/conversations.integration.test.ts > guest conversations > requests human handoff honestly, idempotently, and blocks further automation
{"level":"info","time":"2026-07-27T15:45:05.375Z","service":"api","msg":"request.completed","method":"POST","url":"/v1/guest/request-drafts/88eb7978-4cbf-43a7-89ff-8325e9c82d15/confirm","statusCode":409,"requestId":"0eef04af-0518-4487-aced-2c460db4125d"}

stdout | src/conversations.integration.test.ts > guest conversations > requests human handoff honestly, idempotently, and blocks further automation
{"level":"info","time":"2026-07-27T15:45:05.376Z","service":"api","msg":"request.completed","method":"GET","url":"/v1/guest/conversations/b81a5e36-343a-4cec-ba86-d00fd8ad6d51","statusCode":200,"requestId":"49b5a23a-d020-4037-aa77-d35f80985f54"}

stdout | src/conversations.integration.test.ts > guest conversations > executes scoped read-only AI tools and persists validated tool output
{"level":"info","time":"2026-07-27T15:45:05.588Z","service":"api","msg":"request.completed","method":"POST","url":"/v1/auth/login","statusCode":200,"requestId":"c5def2fe-fe9d-4ee2-b2b3-6919b1747eca"}

stdout | src/conversations.integration.test.ts > guest conversations > executes scoped read-only AI tools and persists validated tool output
{"level":"info","time":"2026-07-27T15:45:05.590Z","service":"api","msg":"request.completed","method":"GET","url":"/v1/properties?organizationId=d215a186-f84d-4c7c-b75a-3189969999c2","statusCode":200,"requestId":"7509fcf2-5110-4c35-9d07-4ffeecd37613"}

stdout | src/conversations.integration.test.ts > guest conversations > executes scoped read-only AI tools and persists validated tool output
{"level":"info","time":"2026-07-27T15:45:05.592Z","service":"api","msg":"request.completed","method":"GET","url":"/v1/properties/3ab87d2a-0c78-4fac-aa15-515a733cc3ae/locations","statusCode":200,"requestId":"1e3a2718-2af8-413d-a255-fa0fa304b26f"}

stdout | src/conversations.integration.test.ts > guest conversations > executes scoped read-only AI tools and persists validated tool output
{"level":"info","time":"2026-07-27T15:45:05.594Z","service":"api","msg":"request.completed","method":"POST","url":"/v1/properties/3ab87d2a-0c78-4fac-aa15-515a733cc3ae/qr-codes","statusCode":200,"requestId":"e92f9c30-eb02-4575-abe2-6fcdd3385bff"}

stdout | src/conversations.integration.test.ts > guest conversations > executes scoped read-only AI tools and persists validated tool output
{"level":"info","time":"2026-07-27T15:45:05.596Z","service":"api","msg":"request.completed","method":"POST","url":"/v1/guest/sessions","statusCode":200,"requestId":"93b46090-8751-4873-a86f-8870e8f919a3"}

stdout | src/conversations.integration.test.ts > guest conversations > executes scoped read-only AI tools and persists validated tool output
{"level":"info","time":"2026-07-27T15:45:05.613Z","service":"api","msg":"request.completed","method":"POST","url":"/v1/guest/conversations","statusCode":200,"requestId":"67c1968f-cf5b-41a3-bf3f-60f732746303"}

stdout | src/conversations.integration.test.ts > guest conversations > executes scoped read-only AI tools and persists validated tool output
{"level":"info","time":"2026-07-27T15:45:05.653Z","service":"api","msg":"request.completed","method":"POST","url":"/v1/guest/conversations/b987b42e-ed41-49e6-82fd-ca71f093c664/tool-results","statusCode":200,"requestId":"f3f52109-d352-4ae3-8c6b-189a7a03976a"}

stdout | src/conversations.integration.test.ts > guest conversations > executes scoped read-only AI tools and persists validated tool output
{"level":"info","time":"2026-07-27T15:45:05.655Z","service":"api","msg":"request.completed","method":"GET","url":"/v1/guest/conversations/b987b42e-ed41-49e6-82fd-ca71f093c664","statusCode":200,"requestId":"bd53db47-2b26-4404-99e9-f405383917cf"}

stdout | src/conversations.integration.test.ts > guest conversations > validates AI tool input and denies unscoped tool calls
{"level":"info","time":"2026-07-27T15:45:05.873Z","service":"api","msg":"request.completed","method":"POST","url":"/v1/auth/login","statusCode":200,"requestId":"2ecf2bb0-ec00-40ae-a8df-f7e17caaf72f"}

stdout | src/conversations.integration.test.ts > guest conversations > validates AI tool input and denies unscoped tool calls
{"level":"info","time":"2026-07-27T15:45:05.875Z","service":"api","msg":"request.completed","method":"GET","url":"/v1/properties?organizationId=d215a186-f84d-4c7c-b75a-3189969999c2","statusCode":200,"requestId":"da1a50aa-2e38-43db-a4c7-9cc8436b2aea"}

stdout | src/conversations.integration.test.ts > guest conversations > validates AI tool input and denies unscoped tool calls
{"level":"info","time":"2026-07-27T15:45:05.877Z","service":"api","msg":"request.completed","method":"GET","url":"/v1/properties/3ab87d2a-0c78-4fac-aa15-515a733cc3ae/locations","statusCode":200,"requestId":"197e64fc-5826-45b9-b80c-b43a0a657214"}

stdout | src/conversations.integration.test.ts > guest conversations > validates AI tool input and denies unscoped tool calls
{"level":"info","time":"2026-07-27T15:45:05.879Z","service":"api","msg":"request.completed","method":"POST","url":"/v1/properties/3ab87d2a-0c78-4fac-aa15-515a733cc3ae/qr-codes","statusCode":200,"requestId":"99a32ab5-1e7e-4368-aebe-f27b745d7aa9"}

stdout | src/conversations.integration.test.ts > guest conversations > validates AI tool input and denies unscoped tool calls
{"level":"info","time":"2026-07-27T15:45:05.881Z","service":"api","msg":"request.completed","method":"POST","url":"/v1/guest/sessions","statusCode":200,"requestId":"f88a5525-269b-48a5-9a59-5cb8867db1f0"}

stdout | src/conversations.integration.test.ts > guest conversations > validates AI tool input and denies unscoped tool calls
{"level":"info","time":"2026-07-27T15:45:06.090Z","service":"api","msg":"request.completed","method":"POST","url":"/v1/auth/login","statusCode":200,"requestId":"12240618-bcc7-4825-8627-40bc9483e60f"}

stdout | src/conversations.integration.test.ts > guest conversations > validates AI tool input and denies unscoped tool calls
{"level":"info","time":"2026-07-27T15:45:06.091Z","service":"api","msg":"request.completed","method":"GET","url":"/v1/properties?organizationId=d215a186-f84d-4c7c-b75a-3189969999c2","statusCode":200,"requestId":"f0e185fa-c384-43ff-8aeb-99a07ad08009"}

stdout | src/conversations.integration.test.ts > guest conversations > validates AI tool input and denies unscoped tool calls
{"level":"info","time":"2026-07-27T15:45:06.093Z","service":"api","msg":"request.completed","method":"GET","url":"/v1/properties/3ab87d2a-0c78-4fac-aa15-515a733cc3ae/locations","statusCode":200,"requestId":"019b9dc1-dd6b-4168-a4c0-4a577bc42071"}

stdout | src/conversations.integration.test.ts > guest conversations > validates AI tool input and denies unscoped tool calls
{"level":"info","time":"2026-07-27T15:45:06.095Z","service":"api","msg":"request.completed","method":"POST","url":"/v1/properties/3ab87d2a-0c78-4fac-aa15-515a733cc3ae/qr-codes","statusCode":200,"requestId":"d525b7f8-8069-4526-b568-c83f908f40c7"}

stdout | src/conversations.integration.test.ts > guest conversations > validates AI tool input and denies unscoped tool calls
{"level":"info","time":"2026-07-27T15:45:06.097Z","service":"api","msg":"request.completed","method":"POST","url":"/v1/guest/sessions","statusCode":200,"requestId":"7d9203af-69c2-4e6f-a965-6f8c4bc0882a"}

stdout | src/conversations.integration.test.ts > guest conversations > validates AI tool input and denies unscoped tool calls
{"level":"info","time":"2026-07-27T15:45:06.098Z","service":"api","msg":"request.completed","method":"POST","url":"/v1/guest/conversations","statusCode":200,"requestId":"34bb8b5f-b121-47ec-b816-7b60c4a3e4bc"}

stdout | src/conversations.integration.test.ts > guest conversations > validates AI tool input and denies unscoped tool calls
{"level":"info","time":"2026-07-27T15:45:06.098Z","service":"api","msg":"request.completed","method":"POST","url":"/v1/guest/conversations/29d5bd0e-9247-43b2-b86c-ce4f849abeb8/tool-results","statusCode":401,"requestId":"905519cb-7709-42a6-95dd-a6a7f9ef74e8"}

stdout | src/conversations.integration.test.ts > guest conversations > validates AI tool input and denies unscoped tool calls
{"level":"info","time":"2026-07-27T15:45:06.099Z","service":"api","msg":"request.completed","method":"POST","url":"/v1/guest/conversations/29d5bd0e-9247-43b2-b86c-ce4f849abeb8/tool-results","statusCode":404,"requestId":"7eb212af-7bef-45ca-954d-3bb0b93f87cb"}

stdout | src/conversations.integration.test.ts > guest conversations > validates AI tool input and denies unscoped tool calls
{"level":"info","time":"2026-07-27T15:45:06.101Z","service":"api","msg":"request.completed","method":"POST","url":"/v1/guest/conversations/29d5bd0e-9247-43b2-b86c-ce4f849abeb8/tool-results","statusCode":400,"requestId":"5f1fb72a-f014-4a15-9063-ad6980879b4a"}

stdout | src/conversations.integration.test.ts > guest conversations > fails closed when prompt injection asks a read-only tool to bypass confirmation
{"level":"info","time":"2026-07-27T15:45:06.313Z","service":"api","msg":"request.completed","method":"POST","url":"/v1/auth/login","statusCode":200,"requestId":"e82383f6-e4eb-491c-be9e-8a539ec65d1d"}

stdout | src/conversations.integration.test.ts > guest conversations > fails closed when prompt injection asks a read-only tool to bypass confirmation
{"level":"info","time":"2026-07-27T15:45:06.314Z","service":"api","msg":"request.completed","method":"GET","url":"/v1/properties?organizationId=d215a186-f84d-4c7c-b75a-3189969999c2","statusCode":200,"requestId":"b15619dc-9899-467b-9e2d-1f7390765691"}

stdout | src/conversations.integration.test.ts > guest conversations > fails closed when prompt injection asks a read-only tool to bypass confirmation
{"level":"info","time":"2026-07-27T15:45:06.316Z","service":"api","msg":"request.completed","method":"GET","url":"/v1/properties/3ab87d2a-0c78-4fac-aa15-515a733cc3ae/locations","statusCode":200,"requestId":"d4e09fae-0d31-43fd-a59f-1e7d9160fe29"}

stdout | src/conversations.integration.test.ts > guest conversations > fails closed when prompt injection asks a read-only tool to bypass confirmation
{"level":"info","time":"2026-07-27T15:45:06.319Z","service":"api","msg":"request.completed","method":"POST","url":"/v1/properties/3ab87d2a-0c78-4fac-aa15-515a733cc3ae/qr-codes","statusCode":200,"requestId":"193abbf5-933c-4a46-9e84-860fff0723af"}

stdout | src/conversations.integration.test.ts > guest conversations > fails closed when prompt injection asks a read-only tool to bypass confirmation
{"level":"info","time":"2026-07-27T15:45:06.320Z","service":"api","msg":"request.completed","method":"POST","url":"/v1/guest/sessions","statusCode":200,"requestId":"07a31c8e-40df-4813-a8fc-b3f52e71d88e"}

stdout | src/conversations.integration.test.ts > guest conversations > fails closed when prompt injection asks a read-only tool to bypass confirmation
{"level":"info","time":"2026-07-27T15:45:06.322Z","service":"api","msg":"request.completed","method":"POST","url":"/v1/guest/conversations","statusCode":200,"requestId":"af64b0bf-baa6-45dd-b76c-29a2a0a14b2f"}

stdout | src/conversations.integration.test.ts > guest conversations > fails closed when prompt injection asks a read-only tool to bypass confirmation
{"level":"info","time":"2026-07-27T15:45:06.325Z","service":"api","msg":"request.completed","method":"POST","url":"/v1/guest/conversations/297e4874-905e-4ceb-96e6-8bb0a193a145/tool-results","statusCode":200,"requestId":"47fda187-3d1c-4df4-85ea-937e0a6ba235"}

stdout | src/conversations.integration.test.ts > guest conversations > reads catalog tool output only from the scoped published portal
{"level":"info","time":"2026-07-27T15:45:06.543Z","service":"api","msg":"request.completed","method":"POST","url":"/v1/auth/login","statusCode":200,"requestId":"459cc1ba-37dc-4c41-90d4-fb6432fcb158"}

stdout | src/conversations.integration.test.ts > guest conversations > reads catalog tool output only from the scoped published portal
{"level":"info","time":"2026-07-27T15:45:06.545Z","service":"api","msg":"request.completed","method":"GET","url":"/v1/properties?organizationId=d215a186-f84d-4c7c-b75a-3189969999c2","statusCode":200,"requestId":"29596c25-7f5d-4fc9-a24b-4d2a9399e085"}

stdout | src/conversations.integration.test.ts > guest conversations > reads catalog tool output only from the scoped published portal
{"level":"info","time":"2026-07-27T15:45:06.546Z","service":"api","msg":"request.completed","method":"GET","url":"/v1/properties/3ab87d2a-0c78-4fac-aa15-515a733cc3ae/locations","statusCode":200,"requestId":"31ca3ae0-cce2-4b00-b9da-f48d869973c2"}

stdout | src/conversations.integration.test.ts > guest conversations > reads catalog tool output only from the scoped published portal
{"level":"info","time":"2026-07-27T15:45:06.549Z","service":"api","msg":"request.completed","method":"POST","url":"/v1/properties/3ab87d2a-0c78-4fac-aa15-515a733cc3ae/qr-codes","statusCode":200,"requestId":"e1ae4e1a-a34b-4e20-ac3c-16842c205e32"}

stdout | src/conversations.integration.test.ts > guest conversations > reads catalog tool output only from the scoped published portal
{"level":"info","time":"2026-07-27T15:45:06.551Z","service":"api","msg":"request.completed","method":"POST","url":"/v1/guest/sessions","statusCode":200,"requestId":"67e3387a-e8ca-4da7-b10b-390be365a3aa"}

stdout | src/conversations.integration.test.ts > guest conversations > reads catalog tool output only from the scoped published portal
{"level":"info","time":"2026-07-27T15:45:06.554Z","service":"api","msg":"request.completed","method":"GET","url":"/v1/properties/3ab87d2a-0c78-4fac-aa15-515a733cc3ae/portal/draft","statusCode":200,"requestId":"db9208a9-db44-4ac5-9f7c-f93e21b73294"}

stdout | src/conversations.integration.test.ts > guest conversations > reads catalog tool output only from the scoped published portal
{"level":"info","time":"2026-07-27T15:45:06.559Z","service":"api","msg":"request.completed","method":"POST","url":"/v1/properties/3ab87d2a-0c78-4fac-aa15-515a733cc3ae/portal/publish","statusCode":200,"requestId":"c1e2d839-4b2b-4a61-a4b5-11c7bb77517a"}

stdout | src/conversations.integration.test.ts > guest conversations > reads catalog tool output only from the scoped published portal
{"level":"info","time":"2026-07-27T15:45:06.560Z","service":"api","msg":"request.completed","method":"POST","url":"/v1/guest/conversations","statusCode":200,"requestId":"356203eb-0e78-45db-a461-6e705986c06b"}

stdout | src/conversations.integration.test.ts > guest conversations > reads catalog tool output only from the scoped published portal
{"level":"info","time":"2026-07-27T15:45:06.564Z","service":"api","msg":"request.completed","method":"POST","url":"/v1/guest/conversations/58959d42-4722-430e-b944-92a4107f4a98/tool-results","statusCode":200,"requestId":"0f70f129-2059-44cb-9311-5818f9ddb59f"}

stdout | src/conversations.integration.test.ts > guest conversations > keeps voice request draft tools behind idempotent guest confirmation
{"level":"info","time":"2026-07-27T15:45:06.782Z","service":"api","msg":"request.completed","method":"POST","url":"/v1/auth/login","statusCode":200,"requestId":"eda30f97-0bfc-4122-bc7c-301f4c50c71c"}

stdout | src/conversations.integration.test.ts > guest conversations > keeps voice request draft tools behind idempotent guest confirmation
{"level":"info","time":"2026-07-27T15:45:06.784Z","service":"api","msg":"request.completed","method":"GET","url":"/v1/properties?organizationId=d215a186-f84d-4c7c-b75a-3189969999c2","statusCode":200,"requestId":"fd93b5fe-dedd-4a23-a858-2784d75c14f0"}

stdout | src/conversations.integration.test.ts > guest conversations > keeps voice request draft tools behind idempotent guest confirmation
{"level":"info","time":"2026-07-27T15:45:06.786Z","service":"api","msg":"request.completed","method":"GET","url":"/v1/properties/3ab87d2a-0c78-4fac-aa15-515a733cc3ae/locations","statusCode":200,"requestId":"ce431b5d-30d8-451f-975c-ab4120a5c34a"}

stdout | src/conversations.integration.test.ts > guest conversations > keeps voice request draft tools behind idempotent guest confirmation
{"level":"info","time":"2026-07-27T15:45:06.789Z","service":"api","msg":"request.completed","method":"POST","url":"/v1/properties/3ab87d2a-0c78-4fac-aa15-515a733cc3ae/qr-codes","statusCode":200,"requestId":"62b9b1b9-3555-4299-a360-02b6f704c50b"}

stdout | src/conversations.integration.test.ts > guest conversations > keeps voice request draft tools behind idempotent guest confirmation
{"level":"info","time":"2026-07-27T15:45:06.790Z","service":"api","msg":"request.completed","method":"POST","url":"/v1/guest/sessions","statusCode":200,"requestId":"55b78a58-b72c-4e7d-ae30-d2f9e4c74355"}

stdout | src/conversations.integration.test.ts > guest conversations > keeps voice request draft tools behind idempotent guest confirmation
{"level":"info","time":"2026-07-27T15:45:06.792Z","service":"api","msg":"request.completed","method":"POST","url":"/v1/guest/conversations","statusCode":200,"requestId":"18c463f0-f5e8-4448-ac96-ef0e113b5903"}

stdout | src/conversations.integration.test.ts > guest conversations > keeps voice request draft tools behind idempotent guest confirmation
{"level":"info","time":"2026-07-27T15:45:06.794Z","service":"api","msg":"request.completed","method":"POST","url":"/v1/guest/conversations/1b32d0ef-91c6-4a33-afcb-583232c14771/tool-results","statusCode":200,"requestId":"4ee5d0bf-0a45-437f-8d1f-85889941386e"}

stdout | src/conversations.integration.test.ts > guest conversations > keeps voice request draft tools behind idempotent guest confirmation
{"level":"info","time":"2026-07-27T15:45:06.798Z","service":"api","msg":"request.completed","method":"POST","url":"/v1/guest/request-drafts/d84a4414-c4d0-4974-a163-d04a8fa02438/confirm","statusCode":200,"requestId":"1a8a84fe-cbd0-474e-9ed1-03cbfa372185"}

stdout | src/conversations.integration.test.ts > guest conversations > keeps voice request draft tools behind idempotent guest confirmation
{"level":"info","time":"2026-07-27T15:45:06.800Z","service":"api","msg":"request.completed","method":"POST","url":"/v1/guest/request-drafts/d84a4414-c4d0-4974-a163-d04a8fa02438/confirm","statusCode":200,"requestId":"6b8bcbd7-557f-4373-b0a8-2a147dbd4f4f"}

stdout | src/conversations.integration.test.ts > guest conversations > keeps voice request draft tools behind idempotent guest confirmation
{"level":"info","time":"2026-07-27T15:45:06.802Z","service":"api","msg":"request.completed","method":"GET","url":"/v1/guest/conversations/1b32d0ef-91c6-4a33-afcb-583232c14771","statusCode":200,"requestId":"79e761cf-5297-4c9c-88c1-bbab78f61015"}

stdout | src/conversations.integration.test.ts > guest conversations > accepts tenant-scoped voice metrics and denies cross-session metrics
{"level":"info","time":"2026-07-27T15:45:07.013Z","service":"api","msg":"request.completed","method":"POST","url":"/v1/auth/login","statusCode":200,"requestId":"f894bb7d-f33c-4f36-b372-34371eab9459"}

stdout | src/conversations.integration.test.ts > guest conversations > accepts tenant-scoped voice metrics and denies cross-session metrics
{"level":"info","time":"2026-07-27T15:45:07.015Z","service":"api","msg":"request.completed","method":"GET","url":"/v1/properties?organizationId=d215a186-f84d-4c7c-b75a-3189969999c2","statusCode":200,"requestId":"1203e1a4-d585-4b16-a927-16238bbab4d8"}

stdout | src/conversations.integration.test.ts > guest conversations > accepts tenant-scoped voice metrics and denies cross-session metrics
{"level":"info","time":"2026-07-27T15:45:07.017Z","service":"api","msg":"request.completed","method":"GET","url":"/v1/properties/3ab87d2a-0c78-4fac-aa15-515a733cc3ae/locations","statusCode":200,"requestId":"18a7fd3a-f7de-499e-ab6c-a303d59a5971"}

stdout | src/conversations.integration.test.ts > guest conversations > accepts tenant-scoped voice metrics and denies cross-session metrics
{"level":"info","time":"2026-07-27T15:45:07.019Z","service":"api","msg":"request.completed","method":"POST","url":"/v1/properties/3ab87d2a-0c78-4fac-aa15-515a733cc3ae/qr-codes","statusCode":200,"requestId":"4e778800-b338-41d4-8196-0507eae30e38"}

stdout | src/conversations.integration.test.ts > guest conversations > accepts tenant-scoped voice metrics and denies cross-session metrics
{"level":"info","time":"2026-07-27T15:45:07.020Z","service":"api","msg":"request.completed","method":"POST","url":"/v1/guest/sessions","statusCode":200,"requestId":"aa140341-629e-4463-b4dc-b9a20f1e8f93"}

stdout | src/conversations.integration.test.ts > guest conversations > accepts tenant-scoped voice metrics and denies cross-session metrics
{"level":"info","time":"2026-07-27T15:45:07.231Z","service":"api","msg":"request.completed","method":"POST","url":"/v1/auth/login","statusCode":200,"requestId":"06c0416e-77cd-4f20-bda0-b5db40c96698"}

stdout | src/conversations.integration.test.ts > guest conversations > accepts tenant-scoped voice metrics and denies cross-session metrics
{"level":"info","time":"2026-07-27T15:45:07.233Z","service":"api","msg":"request.completed","method":"GET","url":"/v1/properties?organizationId=d215a186-f84d-4c7c-b75a-3189969999c2","statusCode":200,"requestId":"8587bf7f-7dac-4154-b517-ca92dfa4ae7b"}

stdout | src/conversations.integration.test.ts > guest conversations > accepts tenant-scoped voice metrics and denies cross-session metrics
{"level":"info","time":"2026-07-27T15:45:07.235Z","service":"api","msg":"request.completed","method":"GET","url":"/v1/properties/3ab87d2a-0c78-4fac-aa15-515a733cc3ae/locations","statusCode":200,"requestId":"7639f3e2-01bd-441d-b40a-0f3810bfc397"}

stdout | src/conversations.integration.test.ts > guest conversations > accepts tenant-scoped voice metrics and denies cross-session metrics
{"level":"info","time":"2026-07-27T15:45:07.237Z","service":"api","msg":"request.completed","method":"POST","url":"/v1/properties/3ab87d2a-0c78-4fac-aa15-515a733cc3ae/qr-codes","statusCode":200,"requestId":"97b95315-c8d0-46cc-befb-7694c6147935"}

stdout | src/conversations.integration.test.ts > guest conversations > accepts tenant-scoped voice metrics and denies cross-session metrics
{"level":"info","time":"2026-07-27T15:45:07.238Z","service":"api","msg":"request.completed","method":"POST","url":"/v1/guest/sessions","statusCode":200,"requestId":"7a72b279-6479-48aa-9e2d-82f737b48854"}

stdout | src/conversations.integration.test.ts > guest conversations > accepts tenant-scoped voice metrics and denies cross-session metrics
{"level":"info","time":"2026-07-27T15:45:07.240Z","service":"api","msg":"request.completed","method":"POST","url":"/v1/guest/conversations","statusCode":200,"requestId":"a96165f0-5089-418f-86a8-005bd1d0454d"}

stdout | src/conversations.integration.test.ts > guest conversations > accepts tenant-scoped voice metrics and denies cross-session metrics
{"level":"info","time":"2026-07-27T15:45:07.241Z","service":"api","msg":"request.completed","method":"POST","url":"/v1/guest/conversations/e19a5b73-d04e-4069-a349-310d043d9029/voice-metrics","statusCode":200,"requestId":"3fcd8352-2577-448a-ba9e-1b857676ddcc"}

stdout | src/conversations.integration.test.ts > guest conversations > accepts tenant-scoped voice metrics and denies cross-session metrics
{"level":"info","time":"2026-07-27T15:45:07.243Z","service":"api","msg":"request.completed","method":"POST","url":"/v1/guest/conversations/e19a5b73-d04e-4069-a349-310d043d9029/voice-metrics","statusCode":404,"requestId":"3d64a4cd-856e-4da7-8f25-240aa55929ec"}

stdout | src/conversations.integration.test.ts > guest conversations > accepts tenant-scoped voice metrics and denies cross-session metrics
{"level":"info","time":"2026-07-27T15:45:07.245Z","service":"api","msg":"request.completed","method":"POST","url":"/v1/guest/conversations/e19a5b73-d04e-4069-a349-310d043d9029/handoff","statusCode":200,"requestId":"e692fbe6-dd44-4878-a8f7-07a74eb6e90a"}

stdout | src/conversations.integration.test.ts > guest conversations > accepts tenant-scoped voice metrics and denies cross-session metrics
{"level":"info","time":"2026-07-27T15:45:07.246Z","service":"api","msg":"request.completed","method":"POST","url":"/v1/guest/conversations/e19a5b73-d04e-4069-a349-310d043d9029/voice-metrics","statusCode":409,"requestId":"2fa963e7-40d2-42d9-95ca-286b87e9a99b"}

stdout | src/conversations.integration.test.ts > guest conversations > requires explicit idempotent guest confirmation for request drafts
{"level":"info","time":"2026-07-27T15:45:07.457Z","service":"api","msg":"request.completed","method":"POST","url":"/v1/auth/login","statusCode":200,"requestId":"16213471-f133-4031-8ad0-5339bf559bd1"}

stdout | src/conversations.integration.test.ts > guest conversations > requires explicit idempotent guest confirmation for request drafts
{"level":"info","time":"2026-07-27T15:45:07.459Z","service":"api","msg":"request.completed","method":"GET","url":"/v1/properties?organizationId=d215a186-f84d-4c7c-b75a-3189969999c2","statusCode":200,"requestId":"0f1f76f9-9207-4fc0-a05e-cf8e698e9c93"}

stdout | src/conversations.integration.test.ts > guest conversations > requires explicit idempotent guest confirmation for request drafts
{"level":"info","time":"2026-07-27T15:45:07.460Z","service":"api","msg":"request.completed","method":"GET","url":"/v1/properties/3ab87d2a-0c78-4fac-aa15-515a733cc3ae/locations","statusCode":200,"requestId":"df13ecba-ee3f-4bbe-8222-2c624fbbc532"}

stdout | src/conversations.integration.test.ts > guest conversations > requires explicit idempotent guest confirmation for request drafts
{"level":"info","time":"2026-07-27T15:45:07.463Z","service":"api","msg":"request.completed","method":"POST","url":"/v1/properties/3ab87d2a-0c78-4fac-aa15-515a733cc3ae/qr-codes","statusCode":200,"requestId":"3f43d5b2-181c-4b21-8c06-c045931316e9"}

stdout | src/conversations.integration.test.ts > guest conversations > requires explicit idempotent guest confirmation for request drafts
{"level":"info","time":"2026-07-27T15:45:07.465Z","service":"api","msg":"request.completed","method":"POST","url":"/v1/guest/sessions","statusCode":200,"requestId":"7402c5e0-4f9d-442a-8824-7b037b87d369"}

stdout | src/conversations.integration.test.ts > guest conversations > requires explicit idempotent guest confirmation for request drafts
{"level":"info","time":"2026-07-27T15:45:07.466Z","service":"api","msg":"request.completed","method":"POST","url":"/v1/guest/conversations","statusCode":200,"requestId":"5859d7af-fb9f-4848-8e6f-87a1d2ddcd56"}

stdout | src/conversations.integration.test.ts > guest conversations > requires explicit idempotent guest confirmation for request drafts
{"level":"info","time":"2026-07-27T15:45:07.468Z","service":"api","msg":"request.completed","method":"POST","url":"/v1/guest/request-drafts","statusCode":200,"requestId":"2a62bddb-a2aa-43f5-b594-5fe08a895097"}

stdout | src/conversations.integration.test.ts > guest conversations > requires explicit idempotent guest confirmation for request drafts
{"level":"info","time":"2026-07-27T15:45:07.471Z","service":"api","msg":"request.completed","method":"POST","url":"/v1/guest/request-drafts/3ad20f22-0baf-40a0-8645-12d931f5fbbb/confirm","statusCode":200,"requestId":"c4f5ca5d-e791-4f19-9fe2-d0dcc5f62af4"}

stdout | src/conversations.integration.test.ts > guest conversations > requires explicit idempotent guest confirmation for request drafts
{"level":"info","time":"2026-07-27T15:45:07.472Z","service":"api","msg":"request.completed","method":"POST","url":"/v1/guest/request-drafts/3ad20f22-0baf-40a0-8645-12d931f5fbbb/confirm","statusCode":200,"requestId":"ca854f46-8b63-4b55-8b74-3366b92281b4"}

stdout | src/conversations.integration.test.ts > guest conversations > requires explicit idempotent guest confirmation for request drafts
{"level":"info","time":"2026-07-27T15:45:07.474Z","service":"api","msg":"request.completed","method":"GET","url":"/v1/guest/conversations/e2c1768e-a460-4c8b-be6d-be35fd88d5f9","statusCode":200,"requestId":"b861a57b-d1cf-4cd8-b6f5-c55c1b8c0b9b"}

stdout | src/conversations.integration.test.ts > guest conversations > rejects expired drafts without committing a request
{"level":"info","time":"2026-07-27T15:45:07.685Z","service":"api","msg":"request.completed","method":"POST","url":"/v1/auth/login","statusCode":200,"requestId":"91c5c209-f7fd-4899-8273-78da86287c38"}

stdout | src/conversations.integration.test.ts > guest conversations > rejects expired drafts without committing a request
{"level":"info","time":"2026-07-27T15:45:07.687Z","service":"api","msg":"request.completed","method":"GET","url":"/v1/properties?organizationId=d215a186-f84d-4c7c-b75a-3189969999c2","statusCode":200,"requestId":"390b69d6-51e0-4a70-87a9-970ab648f210"}

stdout | src/conversations.integration.test.ts > guest conversations > rejects expired drafts without committing a request
{"level":"info","time":"2026-07-27T15:45:07.688Z","service":"api","msg":"request.completed","method":"GET","url":"/v1/properties/3ab87d2a-0c78-4fac-aa15-515a733cc3ae/locations","statusCode":200,"requestId":"e62bfec7-09a9-4230-85d4-1b22e2743ea2"}

stdout | src/conversations.integration.test.ts > guest conversations > rejects expired drafts without committing a request
{"level":"info","time":"2026-07-27T15:45:07.691Z","service":"api","msg":"request.completed","method":"POST","url":"/v1/properties/3ab87d2a-0c78-4fac-aa15-515a733cc3ae/qr-codes","statusCode":200,"requestId":"aea26ef6-0ede-4ee9-83e4-3284d7854bb3"}

stdout | src/conversations.integration.test.ts > guest conversations > rejects expired drafts without committing a request
{"level":"info","time":"2026-07-27T15:45:07.692Z","service":"api","msg":"request.completed","method":"POST","url":"/v1/guest/sessions","statusCode":200,"requestId":"d5eae0f8-5da7-42ad-9963-7e6671194f4e"}

stdout | src/conversations.integration.test.ts > guest conversations > rejects expired drafts without committing a request
{"level":"info","time":"2026-07-27T15:45:07.694Z","service":"api","msg":"request.completed","method":"POST","url":"/v1/guest/conversations","statusCode":200,"requestId":"416b9754-93bf-45d8-9818-b145f9160963"}

stdout | src/conversations.integration.test.ts > guest conversations > rejects expired drafts without committing a request
{"level":"info","time":"2026-07-27T15:45:07.695Z","service":"api","msg":"request.completed","method":"POST","url":"/v1/guest/request-drafts","statusCode":200,"requestId":"740c09f4-2776-4c0e-99bd-7e8f75738085"}

stdout | src/conversations.integration.test.ts > guest conversations > rejects expired drafts without committing a request
{"level":"info","time":"2026-07-27T15:45:07.697Z","service":"api","msg":"request.completed","method":"POST","url":"/v1/guest/request-drafts/1ff0be8c-19e5-4fda-8899-6fd33a50a348/confirm","statusCode":410,"requestId":"b4d4ab02-79e6-46d1-864f-ce6e58886001"}

stdout | src/conversations.integration.test.ts > guest conversations > denies unauthorized draft commits across guest sessions
{"level":"info","time":"2026-07-27T15:45:07.908Z","service":"api","msg":"request.completed","method":"POST","url":"/v1/auth/login","statusCode":200,"requestId":"9ef50c84-a849-48f4-bb1f-4bf432114011"}

stdout | src/conversations.integration.test.ts > guest conversations > denies unauthorized draft commits across guest sessions
{"level":"info","time":"2026-07-27T15:45:07.909Z","service":"api","msg":"request.completed","method":"GET","url":"/v1/properties?organizationId=d215a186-f84d-4c7c-b75a-3189969999c2","statusCode":200,"requestId":"d16a1723-b753-4381-a4d8-a1aa6ff4340c"}

stdout | src/conversations.integration.test.ts > guest conversations > denies unauthorized draft commits across guest sessions
{"level":"info","time":"2026-07-27T15:45:07.911Z","service":"api","msg":"request.completed","method":"GET","url":"/v1/properties/3ab87d2a-0c78-4fac-aa15-515a733cc3ae/locations","statusCode":200,"requestId":"ce11afe5-03c2-4204-8a66-5706ca0b5264"}

stdout | src/conversations.integration.test.ts > guest conversations > denies unauthorized draft commits across guest sessions
{"level":"info","time":"2026-07-27T15:45:07.914Z","service":"api","msg":"request.completed","method":"POST","url":"/v1/properties/3ab87d2a-0c78-4fac-aa15-515a733cc3ae/qr-codes","statusCode":200,"requestId":"4716053c-29fc-422c-a916-e8b999c5218d"}

stdout | src/conversations.integration.test.ts > guest conversations > denies unauthorized draft commits across guest sessions
{"level":"info","time":"2026-07-27T15:45:07.915Z","service":"api","msg":"request.completed","method":"POST","url":"/v1/guest/sessions","statusCode":200,"requestId":"5ade2af0-25a6-48f9-a1cc-fc837e97b68a"}

stdout | src/conversations.integration.test.ts > guest conversations > denies unauthorized draft commits across guest sessions
{"level":"info","time":"2026-07-27T15:45:08.127Z","service":"api","msg":"request.completed","method":"POST","url":"/v1/auth/login","statusCode":200,"requestId":"9a9a3a14-c7ff-448d-8caf-2f0ac7b2819e"}

stdout | src/conversations.integration.test.ts > guest conversations > denies unauthorized draft commits across guest sessions
{"level":"info","time":"2026-07-27T15:45:08.128Z","service":"api","msg":"request.completed","method":"GET","url":"/v1/properties?organizationId=d215a186-f84d-4c7c-b75a-3189969999c2","statusCode":200,"requestId":"728a7c1b-9ac6-4fab-acbe-60ce0646442f"}

stdout | src/conversations.integration.test.ts > guest conversations > denies unauthorized draft commits across guest sessions
{"level":"info","time":"2026-07-27T15:45:08.130Z","service":"api","msg":"request.completed","method":"GET","url":"/v1/properties/3ab87d2a-0c78-4fac-aa15-515a733cc3ae/locations","statusCode":200,"requestId":"bef17664-ad66-476d-a7a4-911bcb0bfa02"}

stdout | src/conversations.integration.test.ts > guest conversations > denies unauthorized draft commits across guest sessions
{"level":"info","time":"2026-07-27T15:45:08.132Z","service":"api","msg":"request.completed","method":"POST","url":"/v1/properties/3ab87d2a-0c78-4fac-aa15-515a733cc3ae/qr-codes","statusCode":200,"requestId":"c09b810c-267b-4f81-bc4a-60e77741691b"}

stdout | src/conversations.integration.test.ts > guest conversations > denies unauthorized draft commits across guest sessions
{"level":"info","time":"2026-07-27T15:45:08.134Z","service":"api","msg":"request.completed","method":"POST","url":"/v1/guest/sessions","statusCode":200,"requestId":"04008597-40ae-43da-a3ea-4e938eccbb92"}

stdout | src/conversations.integration.test.ts > guest conversations > denies unauthorized draft commits across guest sessions
{"level":"info","time":"2026-07-27T15:45:08.135Z","service":"api","msg":"request.completed","method":"POST","url":"/v1/guest/conversations","statusCode":200,"requestId":"b40a31c0-968e-4e41-ab45-890b312750bb"}

stdout | src/conversations.integration.test.ts > guest conversations > denies unauthorized draft commits across guest sessions
{"level":"info","time":"2026-07-27T15:45:08.137Z","service":"api","msg":"request.completed","method":"POST","url":"/v1/guest/request-drafts","statusCode":200,"requestId":"915ce092-f97e-47be-b376-64181e693ec3"}

stdout | src/conversations.integration.test.ts > guest conversations > denies unauthorized draft commits across guest sessions
{"level":"info","time":"2026-07-27T15:45:08.139Z","service":"api","msg":"request.completed","method":"POST","url":"/v1/guest/request-drafts/71a3886b-ce7e-47ff-a725-c635fd19bbc3/confirm","statusCode":404,"requestId":"aea4f1a7-f461-40f7-97d1-7917e5cb9cb7"}

stdout | src/conversations.integration.test.ts > guest conversations > creates order drafts through AI tools and commits only after guest confirmation
{"level":"info","time":"2026-07-27T15:45:08.351Z","service":"api","msg":"request.completed","method":"POST","url":"/v1/auth/login","statusCode":200,"requestId":"98157b94-5126-4091-99fc-7fbdd7e85468"}

stdout | src/conversations.integration.test.ts > guest conversations > creates order drafts through AI tools and commits only after guest confirmation
{"level":"info","time":"2026-07-27T15:45:08.352Z","service":"api","msg":"request.completed","method":"GET","url":"/v1/properties?organizationId=d215a186-f84d-4c7c-b75a-3189969999c2","statusCode":200,"requestId":"fecb3a82-27b1-42a7-91c6-97d36fb631ce"}

stdout | src/conversations.integration.test.ts > guest conversations > creates order drafts through AI tools and commits only after guest confirmation
{"level":"info","time":"2026-07-27T15:45:08.353Z","service":"api","msg":"request.completed","method":"GET","url":"/v1/properties/3ab87d2a-0c78-4fac-aa15-515a733cc3ae/locations","statusCode":200,"requestId":"c76b2593-5f98-4547-92a6-5c8b627a122f"}

stdout | src/conversations.integration.test.ts > guest conversations > creates order drafts through AI tools and commits only after guest confirmation
{"level":"info","time":"2026-07-27T15:45:08.356Z","service":"api","msg":"request.completed","method":"POST","url":"/v1/properties/3ab87d2a-0c78-4fac-aa15-515a733cc3ae/qr-codes","statusCode":200,"requestId":"a83135d7-594a-45e5-a38f-2807ffded051"}

stdout | src/conversations.integration.test.ts > guest conversations > creates order drafts through AI tools and commits only after guest confirmation
{"level":"info","time":"2026-07-27T15:45:08.357Z","service":"api","msg":"request.completed","method":"POST","url":"/v1/guest/sessions","statusCode":200,"requestId":"a56dc938-e646-46b7-8a1e-8cbbe27745c7"}

stdout | src/conversations.integration.test.ts > guest conversations > creates order drafts through AI tools and commits only after guest confirmation
{"level":"info","time":"2026-07-27T15:45:08.359Z","service":"api","msg":"request.completed","method":"POST","url":"/v1/guest/conversations","statusCode":200,"requestId":"6ee58f03-7b15-4b3b-a459-d3e1d93e749f"}

stdout | src/conversations.integration.test.ts > guest conversations > creates order drafts through AI tools and commits only after guest confirmation
{"level":"info","time":"2026-07-27T15:45:08.362Z","service":"api","msg":"request.completed","method":"POST","url":"/v1/guest/conversations/0fbd487b-6989-41d3-8803-8fe3455c1b3f/tool-results","statusCode":200,"requestId":"c1e6b4d1-7cf7-4789-9256-3438bffb031d"}

stdout | src/conversations.integration.test.ts > guest conversations > creates order drafts through AI tools and commits only after guest confirmation
{"level":"info","time":"2026-07-27T15:45:08.363Z","service":"api","msg":"request.completed","method":"POST","url":"/v1/guest/conversations/0fbd487b-6989-41d3-8803-8fe3455c1b3f/tool-results","statusCode":400,"requestId":"7866bd8c-6c65-4415-9973-cf4752451b2c"}

stdout | src/conversations.integration.test.ts > guest conversations > creates order drafts through AI tools and commits only after guest confirmation
{"level":"info","time":"2026-07-27T15:45:08.368Z","service":"api","msg":"request.completed","method":"POST","url":"/v1/guest/order-drafts/23dcbaec-f7b7-42ca-ba1b-2f8e9018d18a/confirm","statusCode":200,"requestId":"7d7655e6-0d66-4c39-a786-d57957cf7bd7"}

 ✓ src/conversations.integration.test.ts (14 tests) 4428ms
   ✓ guest conversations > isolates conversations by guest session and tenant scope  681ms
   ✓ guest conversations > validates AI tool input and denies unscoped tool calls  446ms
   ✓ guest conversations > accepts tenant-scoped voice metrics and denies cross-session metrics  444ms
   ✓ guest conversations > denies unauthorized draft commits across guest sessions  442ms

 Test Files  12 passed (12)
      Tests  41 passed (41)
   Start at  22:44:46
   Duration  21.43s (transform 180ms, setup 0ms, collect 4.94s, tests 15.21s, environment 1ms, prepare 269ms)

