$ pnpm --filter @guestportal/api test:integration
$ vitest run --config vitest.integration.config.ts

 RUN  v3.2.7 /Users/huypq/Documents/Projects/guestportal/apps/api

stdout | src/uploads.integration.test.ts > uploads and assets (R2 REAL_STAGING) > rejects unauthorized and invalid content-type/size
{"level":"info","time":"2026-07-28T09:44:20.076Z","service":"api","msg":"request.completed","method":"POST","url":"/v1/uploads/presign","statusCode":401,"requestId":"0b4843f0-c7bc-4231-9876-ae3d9ccf4754"}

stdout | src/uploads.integration.test.ts > uploads and assets (R2 REAL_STAGING) > rejects unauthorized and invalid content-type/size
{"level":"info","time":"2026-07-28T09:44:20.401Z","service":"api","msg":"request.completed","method":"POST","url":"/v1/auth/login","statusCode":200,"requestId":"2287f4d0-06e8-4bf2-8714-1be645776be7"}

stdout | src/uploads.integration.test.ts > uploads and assets (R2 REAL_STAGING) > rejects unauthorized and invalid content-type/size
{"level":"info","time":"2026-07-28T09:44:20.408Z","service":"api","msg":"request.completed","method":"GET","url":"/v1/properties?organizationId=d215a186-f84d-4c7c-b75a-3189969999c2","statusCode":200,"requestId":"3fdac676-309d-462f-9fd7-8fc7f9568a56"}

stdout | src/uploads.integration.test.ts > uploads and assets (R2 REAL_STAGING) > rejects unauthorized and invalid content-type/size
{"level":"info","time":"2026-07-28T09:44:20.411Z","service":"api","msg":"request.completed","method":"POST","url":"/v1/uploads/presign","statusCode":400,"requestId":"a139c482-9c57-4306-b113-b8d5e32d9eba"}

stdout | src/uploads.integration.test.ts > uploads and assets (R2 REAL_STAGING) > rejects unauthorized and invalid content-type/size
{"level":"info","time":"2026-07-28T09:44:20.413Z","service":"api","msg":"request.completed","method":"POST","url":"/v1/uploads/presign","statusCode":400,"requestId":"f2e0fa24-3aa7-4d01-a541-bd6228c9889d"}

stdout | src/uploads.integration.test.ts > uploads and assets (R2 REAL_STAGING) > rejects unauthorized and invalid content-type/size
{"level":"info","time":"2026-07-28T09:44:20.651Z","service":"api","msg":"request.completed","method":"POST","url":"/v1/auth/login","statusCode":200,"requestId":"8b5aef55-e6a7-4717-85c4-a0464ecf3a7d"}

stdout | src/uploads.integration.test.ts > uploads and assets (R2 REAL_STAGING) > rejects unauthorized and invalid content-type/size
{"level":"info","time":"2026-07-28T09:44:20.654Z","service":"api","msg":"request.completed","method":"POST","url":"/v1/uploads/presign","statusCode":403,"requestId":"8ac84f4a-7668-4ec7-a0c7-b2d382899fad"}

stdout | src/uploads.integration.test.ts > uploads and assets (R2 REAL_STAGING) > presigns, uploads to R2, completes, reads, and deletes
{"level":"info","time":"2026-07-28T09:44:20.900Z","service":"api","msg":"request.completed","method":"POST","url":"/v1/auth/login","statusCode":200,"requestId":"9bd46f6b-5084-4207-a254-c638c609ff90"}

stdout | src/uploads.integration.test.ts > uploads and assets (R2 REAL_STAGING) > presigns, uploads to R2, completes, reads, and deletes
{"level":"info","time":"2026-07-28T09:44:20.903Z","service":"api","msg":"request.completed","method":"GET","url":"/v1/properties?organizationId=d215a186-f84d-4c7c-b75a-3189969999c2","statusCode":200,"requestId":"54c42c62-1e93-4a03-a851-4cb5d5d04cca"}

stdout | src/uploads.integration.test.ts > uploads and assets (R2 REAL_STAGING) > presigns, uploads to R2, completes, reads, and deletes
{"level":"info","time":"2026-07-28T09:44:21.061Z","service":"api","msg":"request.completed","method":"POST","url":"/v1/uploads/presign","statusCode":200,"requestId":"5dfa92e5-e90d-4fef-9c05-f01050c730c9"}

stdout | src/uploads.integration.test.ts > uploads and assets (R2 REAL_STAGING) > presigns, uploads to R2, completes, reads, and deletes
{"level":"info","time":"2026-07-28T09:44:21.705Z","service":"api","msg":"request.completed","method":"POST","url":"/v1/uploads/complete","statusCode":200,"requestId":"5ddcf33f-ba60-4a0f-a122-40156b8f66d5"}

stdout | src/uploads.integration.test.ts > uploads and assets (R2 REAL_STAGING) > presigns, uploads to R2, completes, reads, and deletes
{"level":"info","time":"2026-07-28T09:44:21.710Z","service":"api","msg":"request.completed","method":"GET","url":"/v1/assets/f903a488-453e-47c8-bab0-185335be1522","statusCode":200,"requestId":"ad7d5752-a9fd-472a-953f-788682b292ab"}

stdout | src/uploads.integration.test.ts > uploads and assets (R2 REAL_STAGING) > presigns, uploads to R2, completes, reads, and deletes
{"level":"info","time":"2026-07-28T09:44:21.954Z","service":"api","msg":"request.completed","method":"POST","url":"/v1/auth/login","statusCode":200,"requestId":"b958e1d8-f786-4c21-b8a5-63a832d07ba3"}

stdout | src/uploads.integration.test.ts > uploads and assets (R2 REAL_STAGING) > presigns, uploads to R2, completes, reads, and deletes
{"level":"info","time":"2026-07-28T09:44:22.169Z","service":"api","msg":"request.completed","method":"POST","url":"/v1/auth/login","statusCode":200,"requestId":"a917e02d-6b81-4d55-8134-cb887e2f673e"}

stdout | src/uploads.integration.test.ts > uploads and assets (R2 REAL_STAGING) > presigns, uploads to R2, completes, reads, and deletes
{"level":"info","time":"2026-07-28T09:44:22.171Z","service":"api","msg":"request.completed","method":"GET","url":"/v1/assets/f903a488-453e-47c8-bab0-185335be1522","statusCode":403,"requestId":"86c584a0-15f7-4223-bb81-03a3764827f9"}

stdout | src/uploads.integration.test.ts > uploads and assets (R2 REAL_STAGING) > presigns, uploads to R2, completes, reads, and deletes
{"level":"info","time":"2026-07-28T09:44:22.316Z","service":"api","msg":"request.completed","method":"DELETE","url":"/v1/assets/f903a488-453e-47c8-bab0-185335be1522","statusCode":200,"requestId":"2c918269-b842-45e5-9da3-c41c9b04a7b1"}

stdout | src/uploads.integration.test.ts > uploads and assets (R2 REAL_STAGING) > presigns, uploads to R2, completes, reads, and deletes
{"level":"info","time":"2026-07-28T09:44:22.318Z","service":"api","msg":"request.completed","method":"GET","url":"/v1/assets/f903a488-453e-47c8-bab0-185335be1522","statusCode":404,"requestId":"18361191-8e00-43e9-a02f-15cc949b2712"}

 ✓ src/uploads.integration.test.ts (2 tests) 2312ms
   ✓ uploads and assets (R2 REAL_STAGING) > rejects unauthorized and invalid content-type/size  591ms
   ✓ uploads and assets (R2 REAL_STAGING) > presigns, uploads to R2, completes, reads, and deletes  1664ms
stdout | src/admin-audit.integration.test.ts > admin audit logs and exports > exports scoped CSV and protects formula-leading cells
{"level":"info","time":"2026-07-28T09:44:23.102Z","service":"api","msg":"request.completed","method":"POST","url":"/v1/auth/login","statusCode":200,"requestId":"65f7719d-f534-4b71-9d25-342123c354d2"}

stdout | src/admin-audit.integration.test.ts > admin audit logs and exports > exports scoped CSV and protects formula-leading cells
{"level":"info","time":"2026-07-28T09:44:23.340Z","service":"api","msg":"request.completed","method":"POST","url":"/v1/auth/login","statusCode":200,"requestId":"a2eb8957-f393-48b7-a52b-c03c4995e22b"}

stdout | src/admin-audit.integration.test.ts > admin audit logs and exports > exports scoped CSV and protects formula-leading cells
{"level":"info","time":"2026-07-28T09:44:23.709Z","service":"api","msg":"request.completed","method":"POST","url":"/v1/auth/login","statusCode":200,"requestId":"f1b15ac8-352e-4976-aea1-0055d53f21bf"}

stdout | src/admin-audit.integration.test.ts > admin audit logs and exports > exports scoped CSV and protects formula-leading cells
{"level":"info","time":"2026-07-28T09:44:23.715Z","service":"api","msg":"request.completed","method":"GET","url":"/v1/properties?organizationId=d215a186-f84d-4c7c-b75a-3189969999c2","statusCode":200,"requestId":"65bcdf05-d1aa-493c-b0d4-519c7e17cfac"}

stdout | src/admin-audit.integration.test.ts > admin audit logs and exports > exports scoped CSV and protects formula-leading cells
{"level":"info","time":"2026-07-28T09:44:23.745Z","service":"api","msg":"request.completed","method":"GET","url":"/v1/admin/properties/3ab87d2a-0c78-4fac-aa15-515a733cc3ae/operations/requests/export?status=submitted&dateFrom=2026-08-07T09%3A44%3A23.715Z&dateTo=2026-08-07T09%3A44%3A24.715Z&limit=25","statusCode":200,"requestId":"7b598d04-a47d-435c-84e0-05271f634642"}

stdout | src/admin-audit.integration.test.ts > admin audit logs and exports > exports scoped CSV and protects formula-leading cells
{"level":"info","time":"2026-07-28T09:44:23.748Z","service":"api","msg":"request.completed","method":"GET","url":"/v1/admin/properties/3ab87d2a-0c78-4fac-aa15-515a733cc3ae/operations/requests/export?limit=25","statusCode":403,"requestId":"f5a1e0a5-e308-4435-9455-d6290f55d1d9"}

stdout | src/admin-audit.integration.test.ts > admin audit logs and exports > exports scoped CSV and protects formula-leading cells
{"level":"info","time":"2026-07-28T09:44:23.750Z","service":"api","msg":"request.completed","method":"GET","url":"/v1/admin/properties/3ab87d2a-0c78-4fac-aa15-515a733cc3ae/operations/requests/export?limit=25","statusCode":403,"requestId":"c02a9aa7-8b9a-489a-be38-30b867e53728"}

stdout | src/admin-audit.integration.test.ts > admin audit logs and exports > caps large exports with explicit truncation headers
{"level":"info","time":"2026-07-28T09:44:23.989Z","service":"api","msg":"request.completed","method":"POST","url":"/v1/auth/login","statusCode":200,"requestId":"ea82786c-ca98-49b1-9626-acaccd35686f"}

stdout | src/admin-audit.integration.test.ts > admin audit logs and exports > caps large exports with explicit truncation headers
{"level":"info","time":"2026-07-28T09:44:23.992Z","service":"api","msg":"request.completed","method":"GET","url":"/v1/properties?organizationId=d215a186-f84d-4c7c-b75a-3189969999c2","statusCode":200,"requestId":"416d2a72-1b4d-4a63-84ad-dd46e4b6fa58"}

stdout | src/admin-audit.integration.test.ts > admin audit logs and exports > caps large exports with explicit truncation headers
{"level":"info","time":"2026-07-28T09:44:24.006Z","service":"api","msg":"request.completed","method":"GET","url":"/v1/admin/properties/3ab87d2a-0c78-4fac-aa15-515a733cc3ae/operations/requests/export?dateFrom=2026-08-08T09%3A44%3A23.992Z&dateTo=2026-08-08T09%3A54%3A23.992Z&limit=2","statusCode":200,"requestId":"c137b786-e2f7-44f3-be94-100418b16dfb"}

stdout | src/admin-audit.integration.test.ts > admin audit logs and exports > caps large exports with explicit truncation headers
{"level":"info","time":"2026-07-28T09:44:24.008Z","service":"api","msg":"request.completed","method":"GET","url":"/v1/admin/properties/3ab87d2a-0c78-4fac-aa15-515a733cc3ae/operations/requests/export?limit=5001","statusCode":400,"requestId":"08aa7dec-1828-4672-ad88-281e36911ad8"}

stdout | src/admin-audit.integration.test.ts > admin audit logs and exports > filters immutable audit logs by tenant scope and redacts sensitive metadata
{"level":"info","time":"2026-07-28T09:44:24.257Z","service":"api","msg":"request.completed","method":"POST","url":"/v1/auth/login","statusCode":200,"requestId":"8c4d7098-adde-4c2f-b54f-aed5e4b3a7eb"}

stdout | src/admin-audit.integration.test.ts > admin audit logs and exports > filters immutable audit logs by tenant scope and redacts sensitive metadata
{"level":"info","time":"2026-07-28T09:44:24.484Z","service":"api","msg":"request.completed","method":"POST","url":"/v1/auth/login","statusCode":200,"requestId":"e0285d6b-9a4c-48d4-b1a4-a61d92392004"}

stdout | src/admin-audit.integration.test.ts > admin audit logs and exports > filters immutable audit logs by tenant scope and redacts sensitive metadata
{"level":"info","time":"2026-07-28T09:44:24.716Z","service":"api","msg":"request.completed","method":"POST","url":"/v1/auth/login","statusCode":200,"requestId":"9320b2bb-e9ba-4617-a6e0-2172abb51cd9"}

stdout | src/admin-audit.integration.test.ts > admin audit logs and exports > filters immutable audit logs by tenant scope and redacts sensitive metadata
{"level":"info","time":"2026-07-28T09:44:24.719Z","service":"api","msg":"request.completed","method":"GET","url":"/v1/properties?organizationId=d215a186-f84d-4c7c-b75a-3189969999c2","statusCode":200,"requestId":"0c9a0081-0250-4bbd-9833-bd44c9652df4"}

stdout | src/admin-audit.integration.test.ts > admin audit logs and exports > filters immutable audit logs by tenant scope and redacts sensitive metadata
{"level":"info","time":"2026-07-28T09:44:24.721Z","service":"api","msg":"request.completed","method":"GET","url":"/v1/properties?organizationId=d215a186-f84d-4c7c-b75a-3189969999c2","statusCode":200,"requestId":"4f751e2e-49a5-4a11-b1f8-e66028a54f84"}

stdout | src/admin-audit.integration.test.ts > admin audit logs and exports > filters immutable audit logs by tenant scope and redacts sensitive metadata
{"level":"info","time":"2026-07-28T09:44:24.752Z","service":"api","msg":"request.completed","method":"GET","url":"/v1/admin/organizations/d215a186-f84d-4c7c-b75a-3189969999c2/audit-logs?propertyId=3ab87d2a-0c78-4fac-aa15-515a733cc3ae&resourceType=request&q=audit-hotel-39bbacc1-9245-4f9d-b2ee-e286f2409e00","statusCode":200,"requestId":"60bc6521-cb0d-4b03-9229-7086cd458cb8"}

stdout | src/admin-audit.integration.test.ts > admin audit logs and exports > filters immutable audit logs by tenant scope and redacts sensitive metadata
{"level":"info","time":"2026-07-28T09:44:24.779Z","service":"api","msg":"request.completed","method":"GET","url":"/v1/admin/organizations/d215a186-f84d-4c7c-b75a-3189969999c2/audit-logs?q=audit-","statusCode":200,"requestId":"14de1697-90a6-4c1d-a719-4508c93678f1"}

stdout | src/admin-audit.integration.test.ts > admin audit logs and exports > filters immutable audit logs by tenant scope and redacts sensitive metadata
{"level":"info","time":"2026-07-28T09:44:24.783Z","service":"api","msg":"request.completed","method":"GET","url":"/v1/admin/organizations/d215a186-f84d-4c7c-b75a-3189969999c2/audit-logs","statusCode":403,"requestId":"7508c417-6d1c-4248-bc1f-4862ef858ff1"}

stdout | src/admin-audit.integration.test.ts > admin audit logs and exports > filters immutable audit logs by tenant scope and redacts sensitive metadata
{"level":"info","time":"2026-07-28T09:44:24.785Z","service":"api","msg":"request.completed","method":"PATCH","url":"/v1/admin/organizations/d215a186-f84d-4c7c-b75a-3189969999c2/audit-logs","statusCode":404,"requestId":"1f41bc1b-ce01-4805-8ba7-9398c61dc51e"}

 ✓ src/admin-audit.integration.test.ts (3 tests) 1948ms
   ✓ admin audit logs and exports > exports scoped CSV and protects formula-leading cells  884ms
   ✓ admin audit logs and exports > filters immutable audit logs by tenant scope and redacts sensitive metadata  776ms
stdout | src/admin-operations.integration.test.ts > admin staff settings and knowledge operations > lists team members by permission scope and protects the last active owner
{"level":"info","time":"2026-07-28T09:44:25.794Z","service":"api","msg":"request.completed","method":"POST","url":"/v1/auth/login","statusCode":200,"requestId":"62619b5b-74f3-4b9c-90e3-525dc0ccd79f"}

stdout | src/admin-operations.integration.test.ts > admin staff settings and knowledge operations > lists team members by permission scope and protects the last active owner
{"level":"info","time":"2026-07-28T09:44:26.057Z","service":"api","msg":"request.completed","method":"POST","url":"/v1/auth/login","statusCode":200,"requestId":"b9cc8e72-60ef-485c-82c6-3c3923cb165f"}

stdout | src/admin-operations.integration.test.ts > admin staff settings and knowledge operations > lists team members by permission scope and protects the last active owner
{"level":"info","time":"2026-07-28T09:44:26.086Z","service":"api","msg":"request.completed","method":"GET","url":"/v1/organizations/d215a186-f84d-4c7c-b75a-3189969999c2/team/members","statusCode":200,"requestId":"705203bf-7179-4b03-a2ab-69a0f925bc8e"}

stdout | src/admin-operations.integration.test.ts > admin staff settings and knowledge operations > lists team members by permission scope and protects the last active owner
{"level":"info","time":"2026-07-28T09:44:26.116Z","service":"api","msg":"request.completed","method":"GET","url":"/v1/organizations/d215a186-f84d-4c7c-b75a-3189969999c2/team/members","statusCode":200,"requestId":"78a1c9d4-32d7-442c-a196-7b448833dabd"}

stdout | src/admin-operations.integration.test.ts > admin staff settings and knowledge operations > lists team members by permission scope and protects the last active owner
{"level":"info","time":"2026-07-28T09:44:26.124Z","service":"api","msg":"request.completed","method":"PATCH","url":"/v1/organizations/d215a186-f84d-4c7c-b75a-3189969999c2/team/members/399cea8c-e5e2-4230-9332-a2ad163f7120","statusCode":400,"requestId":"e5a2cf19-2b6c-4f00-b746-4fdc860bd27b"}

stdout | src/admin-operations.integration.test.ts > admin staff settings and knowledge operations > updates team assignments with audit and denies unauthorized managers
{"level":"info","time":"2026-07-28T09:44:26.370Z","service":"api","msg":"request.completed","method":"POST","url":"/v1/auth/login","statusCode":200,"requestId":"fa88dd36-acd8-4e39-8f26-20e18ce6f2a4"}

stdout | src/admin-operations.integration.test.ts > admin staff settings and knowledge operations > updates team assignments with audit and denies unauthorized managers
{"level":"info","time":"2026-07-28T09:44:26.583Z","service":"api","msg":"request.completed","method":"POST","url":"/v1/auth/login","statusCode":200,"requestId":"d3180db5-ff36-405f-8f63-61f6b3b010fa"}

stdout | src/admin-operations.integration.test.ts > admin staff settings and knowledge operations > updates team assignments with audit and denies unauthorized managers
{"level":"info","time":"2026-07-28T09:44:26.586Z","service":"api","msg":"request.completed","method":"PATCH","url":"/v1/organizations/d215a186-f84d-4c7c-b75a-3189969999c2/team/members/213cffce-2982-468c-aeea-4ab7890c98df","statusCode":403,"requestId":"e36b55ae-d2a5-49c2-8394-686bab87c49e"}

stdout | src/admin-operations.integration.test.ts > admin staff settings and knowledge operations > updates team assignments with audit and denies unauthorized managers
{"level":"info","time":"2026-07-28T09:44:26.589Z","service":"api","msg":"request.completed","method":"GET","url":"/v1/properties?organizationId=d215a186-f84d-4c7c-b75a-3189969999c2","statusCode":200,"requestId":"c1d7e754-95d0-457e-81df-383ef883def7"}

stdout | src/admin-operations.integration.test.ts > admin staff settings and knowledge operations > updates team assignments with audit and denies unauthorized managers
{"level":"info","time":"2026-07-28T09:44:26.607Z","service":"api","msg":"request.completed","method":"PATCH","url":"/v1/organizations/d215a186-f84d-4c7c-b75a-3189969999c2/team/members/213cffce-2982-468c-aeea-4ab7890c98df","statusCode":200,"requestId":"32ae388d-1477-4e1a-81dd-c647c99d5229"}

stdout | src/admin-operations.integration.test.ts > admin staff settings and knowledge operations > validates organization settings and exposes security settings by permission
{"level":"info","time":"2026-07-28T09:44:26.820Z","service":"api","msg":"request.completed","method":"POST","url":"/v1/auth/login","statusCode":200,"requestId":"f51169df-57a6-4878-9207-daa0f44190b9"}

stdout | src/admin-operations.integration.test.ts > admin staff settings and knowledge operations > validates organization settings and exposes security settings by permission
{"level":"info","time":"2026-07-28T09:44:27.033Z","service":"api","msg":"request.completed","method":"POST","url":"/v1/auth/login","statusCode":200,"requestId":"8dd61088-4834-4da1-966b-1a01e1fa6031"}

stdout | src/admin-operations.integration.test.ts > admin staff settings and knowledge operations > validates organization settings and exposes security settings by permission
{"level":"info","time":"2026-07-28T09:44:27.035Z","service":"api","msg":"request.completed","method":"PATCH","url":"/v1/organizations/d215a186-f84d-4c7c-b75a-3189969999c2","statusCode":400,"requestId":"01ce2e58-bd78-4db7-aa99-ba4c9bdbe58c"}

stdout | src/admin-operations.integration.test.ts > admin staff settings and knowledge operations > validates organization settings and exposes security settings by permission
{"level":"info","time":"2026-07-28T09:44:27.036Z","service":"api","msg":"request.completed","method":"GET","url":"/v1/organizations/d215a186-f84d-4c7c-b75a-3189969999c2/security-settings","statusCode":200,"requestId":"78e48893-a445-4160-89de-fd5ed321fb1f"}

stdout | src/admin-operations.integration.test.ts > admin staff settings and knowledge operations > validates organization settings and exposes security settings by permission
{"level":"info","time":"2026-07-28T09:44:27.038Z","service":"api","msg":"request.completed","method":"GET","url":"/v1/organizations/d215a186-f84d-4c7c-b75a-3189969999c2/security-settings","statusCode":403,"requestId":"a6e94956-9aad-44c6-9950-7f2c3caeafd1"}

stdout | src/admin-operations.integration.test.ts > admin staff settings and knowledge operations > publishes, unpublishes and deletes knowledge with confirmation and tenant checks
{"level":"info","time":"2026-07-28T09:44:27.250Z","service":"api","msg":"request.completed","method":"POST","url":"/v1/auth/login","statusCode":200,"requestId":"d9fd6e61-697e-4da1-9eb0-0c799820e043"}

stdout | src/admin-operations.integration.test.ts > admin staff settings and knowledge operations > publishes, unpublishes and deletes knowledge with confirmation and tenant checks
{"level":"info","time":"2026-07-28T09:44:27.527Z","service":"api","msg":"request.completed","method":"POST","url":"/v1/auth/login","statusCode":200,"requestId":"83866b8e-2775-4881-ab24-6504c581adc2"}

stdout | src/admin-operations.integration.test.ts > admin staff settings and knowledge operations > publishes, unpublishes and deletes knowledge with confirmation and tenant checks
{"level":"info","time":"2026-07-28T09:44:27.529Z","service":"api","msg":"request.completed","method":"GET","url":"/v1/properties?organizationId=d215a186-f84d-4c7c-b75a-3189969999c2","statusCode":200,"requestId":"ea785e38-a993-4c17-b02a-cc582b332aef"}

stdout | src/admin-operations.integration.test.ts > admin staff settings and knowledge operations > publishes, unpublishes and deletes knowledge with confirmation and tenant checks
{"level":"info","time":"2026-07-28T09:44:27.534Z","service":"api","msg":"request.completed","method":"POST","url":"/v1/properties/8d283b2a-6ccd-4ab9-99be-79604deac640/knowledge-sources","statusCode":200,"requestId":"ddae4d59-f62f-45d8-9c9b-740533437d37"}

stdout | src/admin-operations.integration.test.ts > admin staff settings and knowledge operations > publishes, unpublishes and deletes knowledge with confirmation and tenant checks
{"level":"info","time":"2026-07-28T09:44:27.537Z","service":"api","msg":"request.completed","method":"DELETE","url":"/v1/properties/8d283b2a-6ccd-4ab9-99be-79604deac640/knowledge-sources/4beb79ce-01b1-4aa6-a332-f00c9ac682df","statusCode":403,"requestId":"c7c57471-fb4f-4e90-b2c7-dc6ecee3ceec"}

stdout | src/admin-operations.integration.test.ts > admin staff settings and knowledge operations > publishes, unpublishes and deletes knowledge with confirmation and tenant checks
{"level":"info","time":"2026-07-28T09:44:27.540Z","service":"api","msg":"request.completed","method":"POST","url":"/v1/properties/8d283b2a-6ccd-4ab9-99be-79604deac640/knowledge-sources/4beb79ce-01b1-4aa6-a332-f00c9ac682df/publish","statusCode":200,"requestId":"67cb6dbd-ab0b-4f20-b1ed-9d9302e75f46"}

stdout | src/admin-operations.integration.test.ts > admin staff settings and knowledge operations > publishes, unpublishes and deletes knowledge with confirmation and tenant checks
{"level":"info","time":"2026-07-28T09:44:27.541Z","service":"api","msg":"request.completed","method":"POST","url":"/v1/properties/8d283b2a-6ccd-4ab9-99be-79604deac640/knowledge-sources/4beb79ce-01b1-4aa6-a332-f00c9ac682df/unpublish","statusCode":400,"requestId":"dbe2fa8f-c03b-4597-a525-b5487fea05dd"}

stdout | src/admin-operations.integration.test.ts > admin staff settings and knowledge operations > publishes, unpublishes and deletes knowledge with confirmation and tenant checks
{"level":"info","time":"2026-07-28T09:44:27.543Z","service":"api","msg":"request.completed","method":"POST","url":"/v1/properties/8d283b2a-6ccd-4ab9-99be-79604deac640/knowledge-sources/4beb79ce-01b1-4aa6-a332-f00c9ac682df/unpublish","statusCode":200,"requestId":"4964baf1-1bd2-43e5-aa70-3dc349a87720"}

stdout | src/admin-operations.integration.test.ts > admin staff settings and knowledge operations > publishes, unpublishes and deletes knowledge with confirmation and tenant checks
{"level":"info","time":"2026-07-28T09:44:27.544Z","service":"api","msg":"request.completed","method":"DELETE","url":"/v1/properties/8d283b2a-6ccd-4ab9-99be-79604deac640/knowledge-sources/4beb79ce-01b1-4aa6-a332-f00c9ac682df","statusCode":400,"requestId":"e051dc79-8e84-410b-a1c9-bd87bdd8997d"}

stdout | src/admin-operations.integration.test.ts > admin staff settings and knowledge operations > publishes, unpublishes and deletes knowledge with confirmation and tenant checks
{"level":"info","time":"2026-07-28T09:44:27.567Z","service":"api","msg":"request.completed","method":"DELETE","url":"/v1/properties/8d283b2a-6ccd-4ab9-99be-79604deac640/knowledge-sources/4beb79ce-01b1-4aa6-a332-f00c9ac682df","statusCode":200,"requestId":"6c309817-f047-48da-8389-117cdeb7448f"}

 ✓ src/admin-operations.integration.test.ts (4 tests) 2149ms
   ✓ admin staff settings and knowledge operations > lists team members by permission scope and protects the last active owner  670ms
   ✓ admin staff settings and knowledge operations > updates team assignments with audit and denies unauthorized managers  483ms
   ✓ admin staff settings and knowledge operations > validates organization settings and exposes security settings by permission  429ms
   ✓ admin staff settings and knowledge operations > publishes, unpublishes and deletes knowledge with confirmation and tenant checks  530ms
stdout | src/analytics.integration.test.ts > admin analytics dashboard > aggregates QR, sessions, requests, orders and top services from tenant data
{"level":"info","time":"2026-07-28T09:44:28.319Z","service":"api","msg":"request.completed","method":"POST","url":"/v1/auth/login","statusCode":200,"requestId":"75919cb4-ad93-4519-b1bf-07a1391cf8c4"}

stdout | src/analytics.integration.test.ts > admin analytics dashboard > aggregates QR, sessions, requests, orders and top services from tenant data
{"level":"info","time":"2026-07-28T09:44:28.326Z","service":"api","msg":"request.completed","method":"GET","url":"/v1/properties?organizationId=d215a186-f84d-4c7c-b75a-3189969999c2","statusCode":200,"requestId":"f1830620-ea69-4193-8aa5-2ff87c9873b7"}

stdout | src/analytics.integration.test.ts > admin analytics dashboard > aggregates QR, sessions, requests, orders and top services from tenant data
{"level":"info","time":"2026-07-28T09:44:28.371Z","service":"api","msg":"request.completed","method":"GET","url":"/v1/admin/properties/3ab87d2a-0c78-4fac-aa15-515a733cc3ae/analytics?dateFrom=2026-02-14T00:00:00.000Z&dateTo=2026-02-15T00:00:00.000Z","statusCode":200,"requestId":"1fe71d6c-b59f-4a47-924f-c20085e6a5d8"}

stdout | src/analytics.integration.test.ts > admin analytics dashboard > respects property timezone day boundaries
{"level":"info","time":"2026-07-28T09:44:28.611Z","service":"api","msg":"request.completed","method":"POST","url":"/v1/auth/login","statusCode":200,"requestId":"84781590-1628-40c8-adf0-71daf5537988"}

stdout | src/analytics.integration.test.ts > admin analytics dashboard > respects property timezone day boundaries
{"level":"info","time":"2026-07-28T09:44:28.616Z","service":"api","msg":"request.completed","method":"GET","url":"/v1/properties?organizationId=d215a186-f84d-4c7c-b75a-3189969999c2","statusCode":200,"requestId":"62f81857-14dd-4f24-badf-7fc0f167cf3d"}

stdout | src/analytics.integration.test.ts > admin analytics dashboard > respects property timezone day boundaries
{"level":"info","time":"2026-07-28T09:44:28.641Z","service":"api","msg":"request.completed","method":"GET","url":"/v1/admin/properties/3ab87d2a-0c78-4fac-aa15-515a733cc3ae/analytics?dateFrom=2026-02-13T17:00:00.000Z&dateTo=2026-02-14T17:00:00.000Z&timezone=Asia%2FHo_Chi_Minh","statusCode":200,"requestId":"b6c39920-f7a1-4b4b-9833-577da2dfb069"}

stdout | src/analytics.integration.test.ts > admin analytics dashboard > prevents tenant leakage and enforces analytics permission
{"level":"info","time":"2026-07-28T09:44:28.862Z","service":"api","msg":"request.completed","method":"POST","url":"/v1/auth/login","statusCode":200,"requestId":"467eac38-3294-4320-9323-766075510582"}

stdout | src/analytics.integration.test.ts > admin analytics dashboard > prevents tenant leakage and enforces analytics permission
{"level":"info","time":"2026-07-28T09:44:29.093Z","service":"api","msg":"request.completed","method":"POST","url":"/v1/auth/login","statusCode":200,"requestId":"45edc85b-abf3-4f4f-86cb-59949f8c0ca1"}

stdout | src/analytics.integration.test.ts > admin analytics dashboard > prevents tenant leakage and enforces analytics permission
{"level":"info","time":"2026-07-28T09:44:29.470Z","service":"api","msg":"request.completed","method":"POST","url":"/v1/auth/login","statusCode":200,"requestId":"8841a8be-ab36-4a3b-88f8-db11b4ad698d"}

stdout | src/analytics.integration.test.ts > admin analytics dashboard > prevents tenant leakage and enforces analytics permission
{"level":"info","time":"2026-07-28T09:44:29.473Z","service":"api","msg":"request.completed","method":"GET","url":"/v1/properties?organizationId=d215a186-f84d-4c7c-b75a-3189969999c2","statusCode":200,"requestId":"8d8c2276-0933-4ecd-ae6c-cb200140ce08"}

stdout | src/analytics.integration.test.ts > admin analytics dashboard > prevents tenant leakage and enforces analytics permission
{"level":"info","time":"2026-07-28T09:44:29.476Z","service":"api","msg":"request.completed","method":"GET","url":"/v1/properties?organizationId=67e4e9e6-f0b4-4e7f-a247-674a503d4ba6","statusCode":200,"requestId":"a240fc9b-7c05-4d72-a188-9f83a7a8130d"}

stdout | src/analytics.integration.test.ts > admin analytics dashboard > prevents tenant leakage and enforces analytics permission
{"level":"info","time":"2026-07-28T09:44:29.490Z","service":"api","msg":"request.completed","method":"GET","url":"/v1/admin/properties/3ab87d2a-0c78-4fac-aa15-515a733cc3ae/analytics?dateFrom=2026-02-14T00:00:00.000Z&dateTo=2026-02-15T00:00:00.000Z","statusCode":403,"requestId":"0e765682-e6d6-490a-9504-31961621f8db"}

stdout | src/analytics.integration.test.ts > admin analytics dashboard > prevents tenant leakage and enforces analytics permission
{"level":"info","time":"2026-07-28T09:44:29.493Z","service":"api","msg":"request.completed","method":"GET","url":"/v1/admin/properties/8efde0b2-790a-49cd-8a14-20be5b6b29b1/analytics?dateFrom=2026-02-14T00:00:00.000Z&dateTo=2026-02-15T00:00:00.000Z","statusCode":403,"requestId":"16cd5d0a-b105-421e-86e9-e5a344944ef0"}

stdout | src/analytics.integration.test.ts > admin analytics dashboard > prevents tenant leakage and enforces analytics permission
{"level":"info","time":"2026-07-28T09:44:29.524Z","service":"api","msg":"request.completed","method":"GET","url":"/v1/admin/properties/3ab87d2a-0c78-4fac-aa15-515a733cc3ae/analytics?dateFrom=2026-02-14T00:00:00.000Z&dateTo=2026-02-15T00:00:00.000Z","statusCode":200,"requestId":"9f86ee54-ccde-4d4b-a885-744dac473466"}

 ✓ src/analytics.integration.test.ts (4 tests) 1482ms
   ✓ admin analytics dashboard > prevents tenant leakage and enforces analytics permission  883ms
stdout | src/branding.integration.test.ts > property settings and branding > allows owner to update property settings and branding
{"level":"info","time":"2026-07-28T09:44:30.687Z","service":"api","msg":"request.completed","method":"POST","url":"/v1/auth/login","statusCode":200,"requestId":"4348f9e0-3e87-47a6-a15c-4ae176567c77"}

stdout | src/branding.integration.test.ts > property settings and branding > allows owner to update property settings and branding
{"level":"info","time":"2026-07-28T09:44:30.692Z","service":"api","msg":"request.completed","method":"GET","url":"/v1/properties?organizationId=d215a186-f84d-4c7c-b75a-3189969999c2","statusCode":200,"requestId":"8590f603-c1a7-4e58-b6ae-1402ae866e36"}

stdout | src/branding.integration.test.ts > property settings and branding > allows owner to update property settings and branding
{"level":"info","time":"2026-07-28T09:44:30.696Z","service":"api","msg":"request.completed","method":"PATCH","url":"/v1/properties/8d283b2a-6ccd-4ab9-99be-79604deac640","statusCode":200,"requestId":"bb108c2f-a5b1-4fcd-aa14-2635d6e5fbbe"}

stdout | src/branding.integration.test.ts > property settings and branding > allows owner to update property settings and branding
{"level":"info","time":"2026-07-28T09:44:30.712Z","service":"api","msg":"request.completed","method":"PUT","url":"/v1/properties/8d283b2a-6ccd-4ab9-99be-79604deac640/branding","statusCode":200,"requestId":"dddbbd1e-5053-4d59-b76a-123f53b4ab0e"}

stdout | src/branding.integration.test.ts > property settings and branding > allows owner to update property settings and branding
{"level":"info","time":"2026-07-28T09:44:30.719Z","service":"api","msg":"request.completed","method":"GET","url":"/v1/properties/8d283b2a-6ccd-4ab9-99be-79604deac640/branding","statusCode":200,"requestId":"207f25b4-93c2-49e4-ab63-6da0bc769e38"}

stdout | src/branding.integration.test.ts > property settings and branding > rejects invalid branding and unauthorized content manager mutation
{"level":"info","time":"2026-07-28T09:44:30.942Z","service":"api","msg":"request.completed","method":"POST","url":"/v1/auth/login","statusCode":200,"requestId":"4b9d1a74-02da-4588-bce6-1bf056f0ea13"}

stdout | src/branding.integration.test.ts > property settings and branding > rejects invalid branding and unauthorized content manager mutation
{"level":"info","time":"2026-07-28T09:44:30.948Z","service":"api","msg":"request.completed","method":"GET","url":"/v1/properties?organizationId=d215a186-f84d-4c7c-b75a-3189969999c2","statusCode":200,"requestId":"3e0a6a91-bc37-422c-a493-302654bccf9b"}

stdout | src/branding.integration.test.ts > property settings and branding > rejects invalid branding and unauthorized content manager mutation
{"level":"info","time":"2026-07-28T09:44:30.950Z","service":"api","msg":"request.completed","method":"PUT","url":"/v1/properties/8d283b2a-6ccd-4ab9-99be-79604deac640/branding","statusCode":400,"requestId":"b2ef45a2-cb2f-4e5d-85f1-99725bda7e5b"}

stdout | src/branding.integration.test.ts > property settings and branding > rejects invalid branding and unauthorized content manager mutation
{"level":"info","time":"2026-07-28T09:44:31.178Z","service":"api","msg":"request.completed","method":"POST","url":"/v1/auth/login","statusCode":200,"requestId":"822058df-25eb-45de-ae85-088adb46cd78"}

stdout | src/branding.integration.test.ts > property settings and branding > rejects invalid branding and unauthorized content manager mutation
{"level":"info","time":"2026-07-28T09:44:31.180Z","service":"api","msg":"request.completed","method":"PATCH","url":"/v1/properties/3ab87d2a-0c78-4fac-aa15-515a733cc3ae","statusCode":403,"requestId":"b87c3c5f-2e26-41d9-b623-4b326887f4cd"}

stdout | src/branding.integration.test.ts > property settings and branding > isolates branding reads across organizations
{"level":"info","time":"2026-07-28T09:44:31.394Z","service":"api","msg":"request.completed","method":"POST","url":"/v1/auth/login","statusCode":200,"requestId":"da481e03-d88b-4b03-b462-359f9d8ee489"}

stdout | src/branding.integration.test.ts > property settings and branding > isolates branding reads across organizations
{"level":"info","time":"2026-07-28T09:44:31.642Z","service":"api","msg":"request.completed","method":"POST","url":"/v1/auth/login","statusCode":200,"requestId":"67e8f1f1-4583-4c39-a6a7-699e74593d53"}

stdout | src/branding.integration.test.ts > property settings and branding > isolates branding reads across organizations
{"level":"info","time":"2026-07-28T09:44:31.644Z","service":"api","msg":"request.completed","method":"GET","url":"/v1/properties?organizationId=d215a186-f84d-4c7c-b75a-3189969999c2","statusCode":200,"requestId":"6d01447a-db87-42e1-8007-f06b8da079a8"}

stdout | src/branding.integration.test.ts > property settings and branding > isolates branding reads across organizations
{"level":"info","time":"2026-07-28T09:44:31.646Z","service":"api","msg":"request.completed","method":"GET","url":"/v1/properties/8d283b2a-6ccd-4ab9-99be-79604deac640/branding","statusCode":403,"requestId":"7850aa50-3684-4ee2-8af3-6c95c16b204d"}

 ✓ src/branding.integration.test.ts (3 tests) 1252ms
   ✓ property settings and branding > rejects invalid branding and unauthorized content manager mutation  461ms
   ✓ property settings and branding > isolates branding reads across organizations  466ms
stdout | src/conversations.integration.test.ts > guest conversations > persists guest messages in stable conversation order and deduplicates retry ids
{"level":"info","time":"2026-07-28T09:44:32.563Z","service":"api","msg":"request.completed","method":"POST","url":"/v1/auth/login","statusCode":200,"requestId":"e6924259-4a6a-411a-a465-7e1ada77e129"}

stdout | src/conversations.integration.test.ts > guest conversations > persists guest messages in stable conversation order and deduplicates retry ids
{"level":"info","time":"2026-07-28T09:44:32.569Z","service":"api","msg":"request.completed","method":"GET","url":"/v1/properties?organizationId=d215a186-f84d-4c7c-b75a-3189969999c2","statusCode":200,"requestId":"c507b333-a9a8-43d9-ab40-4d257f96bcfa"}

stdout | src/conversations.integration.test.ts > guest conversations > persists guest messages in stable conversation order and deduplicates retry ids
{"level":"info","time":"2026-07-28T09:44:32.575Z","service":"api","msg":"request.completed","method":"GET","url":"/v1/properties/8d283b2a-6ccd-4ab9-99be-79604deac640/locations","statusCode":200,"requestId":"2c1329ea-75e0-4e63-b5a7-1bfe495b72aa"}

stdout | src/conversations.integration.test.ts > guest conversations > persists guest messages in stable conversation order and deduplicates retry ids
{"level":"info","time":"2026-07-28T09:44:32.587Z","service":"api","msg":"request.completed","method":"POST","url":"/v1/properties/8d283b2a-6ccd-4ab9-99be-79604deac640/qr-codes","statusCode":200,"requestId":"3ade730a-04fa-453c-af0a-b9a13ecbfc54"}

stdout | src/conversations.integration.test.ts > guest conversations > persists guest messages in stable conversation order and deduplicates retry ids
{"level":"info","time":"2026-07-28T09:44:32.632Z","service":"api","msg":"request.completed","method":"POST","url":"/v1/guest/sessions","statusCode":200,"requestId":"f76b07d4-d709-4623-8f23-ee170bc913aa"}

stdout | src/conversations.integration.test.ts > guest conversations > persists guest messages in stable conversation order and deduplicates retry ids
{"level":"info","time":"2026-07-28T09:44:32.636Z","service":"api","msg":"request.completed","method":"POST","url":"/v1/guest/conversations","statusCode":200,"requestId":"12f148d9-d913-4530-844e-928d8b086f83"}

stdout | src/conversations.integration.test.ts > guest conversations > persists guest messages in stable conversation order and deduplicates retry ids
{"level":"info","time":"2026-07-28T09:44:32.687Z","service":"api","msg":"request.completed","method":"POST","url":"/v1/guest/conversations/9c8ee231-b43f-4863-b40b-d396a9d5bc32/messages","statusCode":200,"requestId":"5526cb4a-f61d-4412-90c0-092ec2fe53d7"}

stdout | src/conversations.integration.test.ts > guest conversations > persists guest messages in stable conversation order and deduplicates retry ids
{"level":"info","time":"2026-07-28T09:44:32.692Z","service":"api","msg":"request.completed","method":"POST","url":"/v1/guest/conversations/9c8ee231-b43f-4863-b40b-d396a9d5bc32/messages","statusCode":200,"requestId":"24ea5afd-11b8-4c3b-9824-41bcff918889"}

stdout | src/conversations.integration.test.ts > guest conversations > persists guest messages in stable conversation order and deduplicates retry ids
{"level":"info","time":"2026-07-28T09:44:32.696Z","service":"api","msg":"request.completed","method":"POST","url":"/v1/guest/conversations/9c8ee231-b43f-4863-b40b-d396a9d5bc32/messages","statusCode":200,"requestId":"15ab3719-b3f2-4eaf-906f-5f962fb8425e"}

stdout | src/conversations.integration.test.ts > guest conversations > persists guest messages in stable conversation order and deduplicates retry ids
{"level":"info","time":"2026-07-28T09:44:32.699Z","service":"api","msg":"request.completed","method":"GET","url":"/v1/guest/conversations/9c8ee231-b43f-4863-b40b-d396a9d5bc32","statusCode":200,"requestId":"07e84efd-701c-4fbf-aa8e-a2d90f4e321b"}

stdout | src/conversations.integration.test.ts > guest conversations > isolates conversations by guest session and tenant scope
{"level":"info","time":"2026-07-28T09:44:33.130Z","service":"api","msg":"request.completed","method":"POST","url":"/v1/auth/login","statusCode":200,"requestId":"bfe69bc5-52d4-4359-974f-99aa0291c7f6"}

stdout | src/conversations.integration.test.ts > guest conversations > isolates conversations by guest session and tenant scope
{"level":"info","time":"2026-07-28T09:44:33.132Z","service":"api","msg":"request.completed","method":"GET","url":"/v1/properties?organizationId=d215a186-f84d-4c7c-b75a-3189969999c2","statusCode":200,"requestId":"229b57bc-a711-4ed1-a07e-232637d3950f"}

stdout | src/conversations.integration.test.ts > guest conversations > isolates conversations by guest session and tenant scope
{"level":"info","time":"2026-07-28T09:44:33.134Z","service":"api","msg":"request.completed","method":"GET","url":"/v1/properties/8d283b2a-6ccd-4ab9-99be-79604deac640/locations","statusCode":200,"requestId":"c47ee6c0-f22c-4f2f-985e-cc6ce30adcb4"}

stdout | src/conversations.integration.test.ts > guest conversations > isolates conversations by guest session and tenant scope
{"level":"info","time":"2026-07-28T09:44:33.151Z","service":"api","msg":"request.completed","method":"POST","url":"/v1/properties/8d283b2a-6ccd-4ab9-99be-79604deac640/qr-codes","statusCode":200,"requestId":"affea886-bda2-4d16-a970-4e3a69b80123"}

stdout | src/conversations.integration.test.ts > guest conversations > isolates conversations by guest session and tenant scope
{"level":"info","time":"2026-07-28T09:44:33.164Z","service":"api","msg":"request.completed","method":"POST","url":"/v1/guest/sessions","statusCode":200,"requestId":"e2cd4d02-3766-4c39-88fe-9b128e5caf9e"}

stdout | src/conversations.integration.test.ts > guest conversations > isolates conversations by guest session and tenant scope
{"level":"info","time":"2026-07-28T09:44:33.396Z","service":"api","msg":"request.completed","method":"POST","url":"/v1/auth/login","statusCode":200,"requestId":"4ea43603-6485-4ec6-a067-a33698f1196a"}

stdout | src/conversations.integration.test.ts > guest conversations > isolates conversations by guest session and tenant scope
{"level":"info","time":"2026-07-28T09:44:33.398Z","service":"api","msg":"request.completed","method":"GET","url":"/v1/properties?organizationId=d215a186-f84d-4c7c-b75a-3189969999c2","statusCode":200,"requestId":"af674e75-1308-47ad-a847-4b2607418438"}

stdout | src/conversations.integration.test.ts > guest conversations > isolates conversations by guest session and tenant scope
{"level":"info","time":"2026-07-28T09:44:33.401Z","service":"api","msg":"request.completed","method":"GET","url":"/v1/properties/8d283b2a-6ccd-4ab9-99be-79604deac640/locations","statusCode":200,"requestId":"7e126a73-261f-4d1d-a14b-b530bff61d7e"}

stdout | src/conversations.integration.test.ts > guest conversations > isolates conversations by guest session and tenant scope
{"level":"info","time":"2026-07-28T09:44:33.422Z","service":"api","msg":"request.completed","method":"POST","url":"/v1/properties/8d283b2a-6ccd-4ab9-99be-79604deac640/qr-codes","statusCode":200,"requestId":"d377da91-ae84-4c29-9628-eefac9f2576c"}

stdout | src/conversations.integration.test.ts > guest conversations > isolates conversations by guest session and tenant scope
{"level":"info","time":"2026-07-28T09:44:33.425Z","service":"api","msg":"request.completed","method":"POST","url":"/v1/guest/sessions","statusCode":200,"requestId":"53e74589-9112-47d5-a422-27e08454731d"}

stdout | src/conversations.integration.test.ts > guest conversations > isolates conversations by guest session and tenant scope
{"level":"info","time":"2026-07-28T09:44:33.670Z","service":"api","msg":"request.completed","method":"POST","url":"/v1/auth/login","statusCode":200,"requestId":"426a03f1-e9e2-4a4d-bc60-af4852e35e45"}

stdout | src/conversations.integration.test.ts > guest conversations > isolates conversations by guest session and tenant scope
{"level":"info","time":"2026-07-28T09:44:33.673Z","service":"api","msg":"request.completed","method":"GET","url":"/v1/properties?organizationId=67e4e9e6-f0b4-4e7f-a247-674a503d4ba6","statusCode":200,"requestId":"74860b31-f84c-47f6-9378-39cacb74758b"}

stdout | src/conversations.integration.test.ts > guest conversations > isolates conversations by guest session and tenant scope
{"level":"info","time":"2026-07-28T09:44:33.675Z","service":"api","msg":"request.completed","method":"GET","url":"/v1/properties/8efde0b2-790a-49cd-8a14-20be5b6b29b1/locations","statusCode":200,"requestId":"7de87516-01e2-4093-a965-882fa58396b3"}

stdout | src/conversations.integration.test.ts > guest conversations > isolates conversations by guest session and tenant scope
{"level":"info","time":"2026-07-28T09:44:33.678Z","service":"api","msg":"request.completed","method":"POST","url":"/v1/properties/8efde0b2-790a-49cd-8a14-20be5b6b29b1/qr-codes","statusCode":200,"requestId":"e14e5652-22bb-4051-8288-b24ab569e95e"}

stdout | src/conversations.integration.test.ts > guest conversations > isolates conversations by guest session and tenant scope
{"level":"info","time":"2026-07-28T09:44:33.685Z","service":"api","msg":"request.completed","method":"POST","url":"/v1/guest/sessions","statusCode":200,"requestId":"7df7d7f5-efcb-46b4-86cf-0d77054c4827"}

stdout | src/conversations.integration.test.ts > guest conversations > isolates conversations by guest session and tenant scope
{"level":"info","time":"2026-07-28T09:44:33.687Z","service":"api","msg":"request.completed","method":"POST","url":"/v1/guest/conversations","statusCode":200,"requestId":"51ac59bc-0ce9-4f40-9c5a-c1e7d0b29608"}

stdout | src/conversations.integration.test.ts > guest conversations > isolates conversations by guest session and tenant scope
{"level":"info","time":"2026-07-28T09:44:33.689Z","service":"api","msg":"request.completed","method":"GET","url":"/v1/guest/conversations/a380ab58-e578-4927-a3f9-07fd96441b3f","statusCode":404,"requestId":"2ad72e45-afe5-4f49-a202-161c172aeab3"}

stdout | src/conversations.integration.test.ts > guest conversations > isolates conversations by guest session and tenant scope
{"level":"info","time":"2026-07-28T09:44:33.701Z","service":"api","msg":"request.completed","method":"POST","url":"/v1/guest/conversations/a380ab58-e578-4927-a3f9-07fd96441b3f/messages","statusCode":404,"requestId":"5d128464-a692-46b2-8caf-86b7b200f739"}

stdout | src/conversations.integration.test.ts > guest conversations > enforces explicit transcript retention expiry
{"level":"info","time":"2026-07-28T09:44:33.971Z","service":"api","msg":"request.completed","method":"POST","url":"/v1/auth/login","statusCode":200,"requestId":"1cc3df0d-2354-487d-9101-eba04e9dcaad"}

stdout | src/conversations.integration.test.ts > guest conversations > enforces explicit transcript retention expiry
{"level":"info","time":"2026-07-28T09:44:33.974Z","service":"api","msg":"request.completed","method":"GET","url":"/v1/properties?organizationId=d215a186-f84d-4c7c-b75a-3189969999c2","statusCode":200,"requestId":"9234caca-4fe4-43b6-81ff-494b879b7290"}

stdout | src/conversations.integration.test.ts > guest conversations > enforces explicit transcript retention expiry
{"level":"info","time":"2026-07-28T09:44:33.976Z","service":"api","msg":"request.completed","method":"GET","url":"/v1/properties/8d283b2a-6ccd-4ab9-99be-79604deac640/locations","statusCode":200,"requestId":"b357bd26-8852-4f32-98a0-cd8d5e812151"}

stdout | src/conversations.integration.test.ts > guest conversations > enforces explicit transcript retention expiry
{"level":"info","time":"2026-07-28T09:44:33.986Z","service":"api","msg":"request.completed","method":"POST","url":"/v1/properties/8d283b2a-6ccd-4ab9-99be-79604deac640/qr-codes","statusCode":200,"requestId":"b0ea357d-7a9b-4e15-9a54-938382bcfdd9"}

stdout | src/conversations.integration.test.ts > guest conversations > enforces explicit transcript retention expiry
{"level":"info","time":"2026-07-28T09:44:33.989Z","service":"api","msg":"request.completed","method":"POST","url":"/v1/guest/sessions","statusCode":200,"requestId":"3cc45ac1-3787-4924-8633-ab1d25765183"}

stdout | src/conversations.integration.test.ts > guest conversations > enforces explicit transcript retention expiry
{"level":"info","time":"2026-07-28T09:44:33.992Z","service":"api","msg":"request.completed","method":"POST","url":"/v1/guest/conversations","statusCode":200,"requestId":"d51f9259-5a05-46a3-8b90-c47445f42fde"}

stdout | src/conversations.integration.test.ts > guest conversations > enforces explicit transcript retention expiry
{"level":"info","time":"2026-07-28T09:44:33.995Z","service":"api","msg":"request.completed","method":"GET","url":"/v1/guest/conversations/a08feaea-ed13-4782-8168-55c1fa7516bb","statusCode":410,"requestId":"436bfc0d-f360-4bcc-a33a-5ac283d78d1f"}

stdout | src/conversations.integration.test.ts > guest conversations > requests human handoff honestly, idempotently, and blocks further automation
{"level":"info","time":"2026-07-28T09:44:34.393Z","service":"api","msg":"request.completed","method":"POST","url":"/v1/auth/login","statusCode":200,"requestId":"e2b81290-2a4e-4dc7-bd65-4c162b0ff6d3"}

stdout | src/conversations.integration.test.ts > guest conversations > requests human handoff honestly, idempotently, and blocks further automation
{"level":"info","time":"2026-07-28T09:44:34.399Z","service":"api","msg":"request.completed","method":"GET","url":"/v1/properties?organizationId=d215a186-f84d-4c7c-b75a-3189969999c2","statusCode":200,"requestId":"dc6c358b-7182-41d8-adf5-796c71f93ec2"}

stdout | src/conversations.integration.test.ts > guest conversations > requests human handoff honestly, idempotently, and blocks further automation
{"level":"info","time":"2026-07-28T09:44:34.405Z","service":"api","msg":"request.completed","method":"GET","url":"/v1/properties/8d283b2a-6ccd-4ab9-99be-79604deac640/locations","statusCode":200,"requestId":"0d3f38f2-3867-4841-b877-e96f69773347"}

stdout | src/conversations.integration.test.ts > guest conversations > requests human handoff honestly, idempotently, and blocks further automation
{"level":"info","time":"2026-07-28T09:44:34.416Z","service":"api","msg":"request.completed","method":"POST","url":"/v1/properties/8d283b2a-6ccd-4ab9-99be-79604deac640/qr-codes","statusCode":200,"requestId":"20e75f48-d25d-4f02-8d88-f818e732ce98"}

stdout | src/conversations.integration.test.ts > guest conversations > requests human handoff honestly, idempotently, and blocks further automation
{"level":"info","time":"2026-07-28T09:44:34.467Z","service":"api","msg":"request.completed","method":"POST","url":"/v1/guest/sessions","statusCode":200,"requestId":"95bc9c6d-10a1-4489-9f0d-1443fe78f0e2"}

stdout | src/conversations.integration.test.ts > guest conversations > requests human handoff honestly, idempotently, and blocks further automation
{"level":"info","time":"2026-07-28T09:44:34.515Z","service":"api","msg":"request.completed","method":"POST","url":"/v1/guest/conversations","statusCode":200,"requestId":"7ae602c0-71a7-470b-80ea-25050d84ba16"}

stdout | src/conversations.integration.test.ts > guest conversations > requests human handoff honestly, idempotently, and blocks further automation
{"level":"info","time":"2026-07-28T09:44:34.623Z","service":"api","msg":"request.completed","method":"POST","url":"/v1/guest/request-drafts","statusCode":200,"requestId":"4897e120-e2dd-4aef-902d-936cc9c1cda5"}

stdout | src/conversations.integration.test.ts > guest conversations > requests human handoff honestly, idempotently, and blocks further automation
{"level":"info","time":"2026-07-28T09:44:34.641Z","service":"api","msg":"request.completed","method":"POST","url":"/v1/guest/conversations/39160c06-9208-4fa3-a7ad-8e39b630dd7c/handoff","statusCode":200,"requestId":"9a38d8ea-7007-49f9-bc88-0c69eb8cda7e"}

stdout | src/conversations.integration.test.ts > guest conversations > requests human handoff honestly, idempotently, and blocks further automation
{"level":"info","time":"2026-07-28T09:44:34.644Z","service":"api","msg":"request.completed","method":"POST","url":"/v1/guest/conversations/39160c06-9208-4fa3-a7ad-8e39b630dd7c/handoff","statusCode":200,"requestId":"b8f0d299-7b6f-4490-b470-25e5e19b7b06"}

stdout | src/conversations.integration.test.ts > guest conversations > requests human handoff honestly, idempotently, and blocks further automation
{"level":"info","time":"2026-07-28T09:44:34.646Z","service":"api","msg":"request.completed","method":"POST","url":"/v1/guest/conversations/39160c06-9208-4fa3-a7ad-8e39b630dd7c/messages","statusCode":409,"requestId":"a674b478-b904-4d23-90bf-0e187eb3f67d"}

stdout | src/conversations.integration.test.ts > guest conversations > requests human handoff honestly, idempotently, and blocks further automation
{"level":"info","time":"2026-07-28T09:44:34.649Z","service":"api","msg":"request.completed","method":"POST","url":"/v1/guest/conversations/39160c06-9208-4fa3-a7ad-8e39b630dd7c/tool-results","statusCode":409,"requestId":"f00d7d77-af26-4b89-9cb8-8f4b700a7b67"}

stdout | src/conversations.integration.test.ts > guest conversations > requests human handoff honestly, idempotently, and blocks further automation
{"level":"info","time":"2026-07-28T09:44:34.711Z","service":"api","msg":"request.completed","method":"POST","url":"/v1/guest/request-drafts/b4a414fd-58d8-4e12-8f57-84a1d76c15b7/confirm","statusCode":409,"requestId":"0e941bcc-462d-45ad-be80-73850042766f"}

stdout | src/conversations.integration.test.ts > guest conversations > requests human handoff honestly, idempotently, and blocks further automation
{"level":"info","time":"2026-07-28T09:44:34.743Z","service":"api","msg":"request.completed","method":"GET","url":"/v1/guest/conversations/39160c06-9208-4fa3-a7ad-8e39b630dd7c","statusCode":200,"requestId":"7379e284-705d-4c85-a941-320ffbe099f7"}

stdout | src/conversations.integration.test.ts > guest conversations > executes scoped read-only AI tools and persists validated tool output
{"level":"info","time":"2026-07-28T09:44:34.987Z","service":"api","msg":"request.completed","method":"POST","url":"/v1/auth/login","statusCode":200,"requestId":"2b532827-6ca5-4c01-a074-e805d46e7498"}

stdout | src/conversations.integration.test.ts > guest conversations > executes scoped read-only AI tools and persists validated tool output
{"level":"info","time":"2026-07-28T09:44:34.989Z","service":"api","msg":"request.completed","method":"GET","url":"/v1/properties?organizationId=d215a186-f84d-4c7c-b75a-3189969999c2","statusCode":200,"requestId":"5e1b2c46-fb25-4c03-b680-50fa73fd51fe"}

stdout | src/conversations.integration.test.ts > guest conversations > executes scoped read-only AI tools and persists validated tool output
{"level":"info","time":"2026-07-28T09:44:34.991Z","service":"api","msg":"request.completed","method":"GET","url":"/v1/properties/8d283b2a-6ccd-4ab9-99be-79604deac640/locations","statusCode":200,"requestId":"27ac9c51-051b-4c9c-90b0-faf4954e3b07"}

stdout | src/conversations.integration.test.ts > guest conversations > executes scoped read-only AI tools and persists validated tool output
{"level":"info","time":"2026-07-28T09:44:35.001Z","service":"api","msg":"request.completed","method":"POST","url":"/v1/properties/8d283b2a-6ccd-4ab9-99be-79604deac640/qr-codes","statusCode":200,"requestId":"e31d9603-beea-4996-bf1f-ed7c8842748a"}

stdout | src/conversations.integration.test.ts > guest conversations > executes scoped read-only AI tools and persists validated tool output
{"level":"info","time":"2026-07-28T09:44:35.007Z","service":"api","msg":"request.completed","method":"POST","url":"/v1/guest/sessions","statusCode":200,"requestId":"651dc88b-5d65-4075-891e-c5f4d1d98708"}

stdout | src/conversations.integration.test.ts > guest conversations > executes scoped read-only AI tools and persists validated tool output
{"level":"info","time":"2026-07-28T09:44:35.010Z","service":"api","msg":"request.completed","method":"POST","url":"/v1/guest/conversations","statusCode":200,"requestId":"4f6d32b2-06eb-43d2-b3e6-7e359c6bc924"}

stdout | src/conversations.integration.test.ts > guest conversations > executes scoped read-only AI tools and persists validated tool output
{"level":"info","time":"2026-07-28T09:44:35.174Z","service":"api","msg":"request.completed","method":"POST","url":"/v1/guest/conversations/faa31656-679e-48a8-8592-6adb38df2dc8/tool-results","statusCode":200,"requestId":"67b8dfc4-290e-4848-8e83-d04cdf9bbf53"}

stdout | src/conversations.integration.test.ts > guest conversations > executes scoped read-only AI tools and persists validated tool output
{"level":"info","time":"2026-07-28T09:44:35.180Z","service":"api","msg":"request.completed","method":"GET","url":"/v1/guest/conversations/faa31656-679e-48a8-8592-6adb38df2dc8","statusCode":200,"requestId":"b06a56dd-6ee4-41e8-849f-bc39b0d4625a"}

stdout | src/conversations.integration.test.ts > guest conversations > validates AI tool input and denies unscoped tool calls
{"level":"info","time":"2026-07-28T09:44:35.546Z","service":"api","msg":"request.completed","method":"POST","url":"/v1/auth/login","statusCode":200,"requestId":"4097c4ad-2e12-4004-b4aa-0d08ac5d693b"}

stdout | src/conversations.integration.test.ts > guest conversations > validates AI tool input and denies unscoped tool calls
{"level":"info","time":"2026-07-28T09:44:35.549Z","service":"api","msg":"request.completed","method":"GET","url":"/v1/properties?organizationId=d215a186-f84d-4c7c-b75a-3189969999c2","statusCode":200,"requestId":"246100f6-8503-4657-9924-6cb3702c9cbd"}

stdout | src/conversations.integration.test.ts > guest conversations > validates AI tool input and denies unscoped tool calls
{"level":"info","time":"2026-07-28T09:44:35.551Z","service":"api","msg":"request.completed","method":"GET","url":"/v1/properties/8d283b2a-6ccd-4ab9-99be-79604deac640/locations","statusCode":200,"requestId":"4c4d48f0-6063-4597-b7cc-5af65214317a"}

stdout | src/conversations.integration.test.ts > guest conversations > validates AI tool input and denies unscoped tool calls
{"level":"info","time":"2026-07-28T09:44:35.555Z","service":"api","msg":"request.completed","method":"POST","url":"/v1/properties/8d283b2a-6ccd-4ab9-99be-79604deac640/qr-codes","statusCode":200,"requestId":"e42db5fe-e7ab-4a14-9ae1-f0e4cd7450e1"}

stdout | src/conversations.integration.test.ts > guest conversations > validates AI tool input and denies unscoped tool calls
{"level":"info","time":"2026-07-28T09:44:35.562Z","service":"api","msg":"request.completed","method":"POST","url":"/v1/guest/sessions","statusCode":200,"requestId":"6428f407-9fec-42a4-a9cb-ad0f0bc568b1"}

stdout | src/conversations.integration.test.ts > guest conversations > validates AI tool input and denies unscoped tool calls
{"level":"info","time":"2026-07-28T09:44:35.818Z","service":"api","msg":"request.completed","method":"POST","url":"/v1/auth/login","statusCode":200,"requestId":"691ad84c-9dd2-462e-bc1d-7771f9ee159e"}

stdout | src/conversations.integration.test.ts > guest conversations > validates AI tool input and denies unscoped tool calls
{"level":"info","time":"2026-07-28T09:44:35.822Z","service":"api","msg":"request.completed","method":"GET","url":"/v1/properties?organizationId=d215a186-f84d-4c7c-b75a-3189969999c2","statusCode":200,"requestId":"887d02a1-5504-4c0b-b4bf-b5d230f1722b"}

stdout | src/conversations.integration.test.ts > guest conversations > validates AI tool input and denies unscoped tool calls
{"level":"info","time":"2026-07-28T09:44:35.825Z","service":"api","msg":"request.completed","method":"GET","url":"/v1/properties/8d283b2a-6ccd-4ab9-99be-79604deac640/locations","statusCode":200,"requestId":"9c0df071-8e0b-4eb5-8f62-2a971d6f5e19"}

stdout | src/conversations.integration.test.ts > guest conversations > validates AI tool input and denies unscoped tool calls
{"level":"info","time":"2026-07-28T09:44:35.828Z","service":"api","msg":"request.completed","method":"POST","url":"/v1/properties/8d283b2a-6ccd-4ab9-99be-79604deac640/qr-codes","statusCode":200,"requestId":"5b31ebee-2891-4b8f-934d-aa45ee7fd746"}

stdout | src/conversations.integration.test.ts > guest conversations > validates AI tool input and denies unscoped tool calls
{"level":"info","time":"2026-07-28T09:44:35.830Z","service":"api","msg":"request.completed","method":"POST","url":"/v1/guest/sessions","statusCode":200,"requestId":"fa9f2469-51df-4544-99dd-98aa1569b8e4"}

stdout | src/conversations.integration.test.ts > guest conversations > validates AI tool input and denies unscoped tool calls
{"level":"info","time":"2026-07-28T09:44:35.833Z","service":"api","msg":"request.completed","method":"POST","url":"/v1/guest/conversations","statusCode":200,"requestId":"64c439f7-be03-4170-8ecf-1918ca4e2c85"}

stdout | src/conversations.integration.test.ts > guest conversations > validates AI tool input and denies unscoped tool calls
{"level":"info","time":"2026-07-28T09:44:35.833Z","service":"api","msg":"request.completed","method":"POST","url":"/v1/guest/conversations/f13e130d-8334-4507-8b94-806621563e69/tool-results","statusCode":401,"requestId":"1cdd069e-d71e-4256-92f9-6a74a1d59cd5"}

stdout | src/conversations.integration.test.ts > guest conversations > validates AI tool input and denies unscoped tool calls
{"level":"info","time":"2026-07-28T09:44:35.835Z","service":"api","msg":"request.completed","method":"POST","url":"/v1/guest/conversations/f13e130d-8334-4507-8b94-806621563e69/tool-results","statusCode":404,"requestId":"530c99f0-9f2d-4c3f-b3ff-1a6b7227c4a6"}

stdout | src/conversations.integration.test.ts > guest conversations > validates AI tool input and denies unscoped tool calls
{"level":"info","time":"2026-07-28T09:44:35.841Z","service":"api","msg":"request.completed","method":"POST","url":"/v1/guest/conversations/f13e130d-8334-4507-8b94-806621563e69/tool-results","statusCode":400,"requestId":"4e5f6ccf-797b-4612-b875-961ed51c5ae4"}

stdout | src/conversations.integration.test.ts > guest conversations > fails closed when prompt injection asks a read-only tool to bypass confirmation
{"level":"info","time":"2026-07-28T09:44:36.096Z","service":"api","msg":"request.completed","method":"POST","url":"/v1/auth/login","statusCode":200,"requestId":"f4d36775-17ac-41e1-b187-f6ddf4bc902e"}

stdout | src/conversations.integration.test.ts > guest conversations > fails closed when prompt injection asks a read-only tool to bypass confirmation
{"level":"info","time":"2026-07-28T09:44:36.098Z","service":"api","msg":"request.completed","method":"GET","url":"/v1/properties?organizationId=d215a186-f84d-4c7c-b75a-3189969999c2","statusCode":200,"requestId":"c25ce929-e0fa-4146-b447-d470224e1ac8"}

stdout | src/conversations.integration.test.ts > guest conversations > fails closed when prompt injection asks a read-only tool to bypass confirmation
{"level":"info","time":"2026-07-28T09:44:36.100Z","service":"api","msg":"request.completed","method":"GET","url":"/v1/properties/8d283b2a-6ccd-4ab9-99be-79604deac640/locations","statusCode":200,"requestId":"c6e2a887-da2b-446f-ad75-d700f29c5bcb"}

stdout | src/conversations.integration.test.ts > guest conversations > fails closed when prompt injection asks a read-only tool to bypass confirmation
{"level":"info","time":"2026-07-28T09:44:36.108Z","service":"api","msg":"request.completed","method":"POST","url":"/v1/properties/8d283b2a-6ccd-4ab9-99be-79604deac640/qr-codes","statusCode":200,"requestId":"9f18ada1-9b7a-4c95-8250-d3e18dcaa326"}

stdout | src/conversations.integration.test.ts > guest conversations > fails closed when prompt injection asks a read-only tool to bypass confirmation
{"level":"info","time":"2026-07-28T09:44:36.110Z","service":"api","msg":"request.completed","method":"POST","url":"/v1/guest/sessions","statusCode":200,"requestId":"6bc0a549-2a12-421f-9192-f73bc77d77ee"}

stdout | src/conversations.integration.test.ts > guest conversations > fails closed when prompt injection asks a read-only tool to bypass confirmation
{"level":"info","time":"2026-07-28T09:44:36.112Z","service":"api","msg":"request.completed","method":"POST","url":"/v1/guest/conversations","statusCode":200,"requestId":"b013cf3a-1ff5-4636-878a-5d94bc6b2b6d"}

stdout | src/conversations.integration.test.ts > guest conversations > fails closed when prompt injection asks a read-only tool to bypass confirmation
{"level":"info","time":"2026-07-28T09:44:36.116Z","service":"api","msg":"request.completed","method":"POST","url":"/v1/guest/conversations/335d61e3-c4ca-4eaf-9b2d-e5331af0c7b8/tool-results","statusCode":200,"requestId":"32cd959f-91bc-46b9-9589-0798353aab44"}

stdout | src/conversations.integration.test.ts > guest conversations > reads catalog tool output only from the scoped published portal
{"level":"info","time":"2026-07-28T09:44:36.353Z","service":"api","msg":"request.completed","method":"POST","url":"/v1/auth/login","statusCode":200,"requestId":"a25bb4eb-6d27-4cfe-99e8-863396020928"}

stdout | src/conversations.integration.test.ts > guest conversations > reads catalog tool output only from the scoped published portal
{"level":"info","time":"2026-07-28T09:44:36.355Z","service":"api","msg":"request.completed","method":"GET","url":"/v1/properties?organizationId=d215a186-f84d-4c7c-b75a-3189969999c2","statusCode":200,"requestId":"c265f956-388b-4217-8138-f66581904621"}

stdout | src/conversations.integration.test.ts > guest conversations > reads catalog tool output only from the scoped published portal
{"level":"info","time":"2026-07-28T09:44:36.357Z","service":"api","msg":"request.completed","method":"GET","url":"/v1/properties/8d283b2a-6ccd-4ab9-99be-79604deac640/locations","statusCode":200,"requestId":"df09c355-6016-4895-8378-4daf2c52c4d6"}

stdout | src/conversations.integration.test.ts > guest conversations > reads catalog tool output only from the scoped published portal
{"level":"info","time":"2026-07-28T09:44:36.363Z","service":"api","msg":"request.completed","method":"POST","url":"/v1/properties/8d283b2a-6ccd-4ab9-99be-79604deac640/qr-codes","statusCode":200,"requestId":"a6a69ee5-95dd-42da-8ee9-f4334a4ad880"}

stdout | src/conversations.integration.test.ts > guest conversations > reads catalog tool output only from the scoped published portal
{"level":"info","time":"2026-07-28T09:44:36.365Z","service":"api","msg":"request.completed","method":"POST","url":"/v1/guest/sessions","statusCode":200,"requestId":"0e269080-05cd-4c7c-b7a4-e1cd9def5fd8"}

stdout | src/conversations.integration.test.ts > guest conversations > reads catalog tool output only from the scoped published portal
{"level":"info","time":"2026-07-28T09:44:36.393Z","service":"api","msg":"request.completed","method":"GET","url":"/v1/properties/8d283b2a-6ccd-4ab9-99be-79604deac640/portal/draft","statusCode":200,"requestId":"e81bbaae-b91e-44c3-b0e5-6ad0c413990b"}

stdout | src/conversations.integration.test.ts > guest conversations > reads catalog tool output only from the scoped published portal
{"level":"info","time":"2026-07-28T09:44:36.410Z","service":"api","msg":"request.completed","method":"POST","url":"/v1/properties/8d283b2a-6ccd-4ab9-99be-79604deac640/portal/publish","statusCode":200,"requestId":"43d16943-7460-45f9-985d-2f465e504bd4"}

stdout | src/conversations.integration.test.ts > guest conversations > reads catalog tool output only from the scoped published portal
{"level":"info","time":"2026-07-28T09:44:36.419Z","service":"api","msg":"request.completed","method":"POST","url":"/v1/guest/conversations","statusCode":200,"requestId":"ec844e81-eced-48e7-9993-98bf4c9e4102"}

stdout | src/conversations.integration.test.ts > guest conversations > reads catalog tool output only from the scoped published portal
{"level":"info","time":"2026-07-28T09:44:36.433Z","service":"api","msg":"request.completed","method":"POST","url":"/v1/guest/conversations/b155d366-605b-47b7-afb8-19459e8ff5f7/tool-results","statusCode":200,"requestId":"bbe142d1-8a21-40d6-85ce-6aabe148680f"}

stdout | src/conversations.integration.test.ts > guest conversations > keeps voice request draft tools behind idempotent guest confirmation
{"level":"info","time":"2026-07-28T09:44:36.660Z","service":"api","msg":"request.completed","method":"POST","url":"/v1/auth/login","statusCode":200,"requestId":"e3fd46fb-62f9-4d7a-948f-7a0f38ed1b35"}

stdout | src/conversations.integration.test.ts > guest conversations > keeps voice request draft tools behind idempotent guest confirmation
{"level":"info","time":"2026-07-28T09:44:36.661Z","service":"api","msg":"request.completed","method":"GET","url":"/v1/properties?organizationId=d215a186-f84d-4c7c-b75a-3189969999c2","statusCode":200,"requestId":"86b6992a-f4c0-4206-a0ea-0d77c516e783"}

stdout | src/conversations.integration.test.ts > guest conversations > keeps voice request draft tools behind idempotent guest confirmation
{"level":"info","time":"2026-07-28T09:44:36.664Z","service":"api","msg":"request.completed","method":"GET","url":"/v1/properties/8d283b2a-6ccd-4ab9-99be-79604deac640/locations","statusCode":200,"requestId":"f7eeb26b-394c-419e-9a36-cd924bf16cbd"}

stdout | src/conversations.integration.test.ts > guest conversations > keeps voice request draft tools behind idempotent guest confirmation
{"level":"info","time":"2026-07-28T09:44:36.679Z","service":"api","msg":"request.completed","method":"POST","url":"/v1/properties/8d283b2a-6ccd-4ab9-99be-79604deac640/qr-codes","statusCode":200,"requestId":"e2fd5a60-617a-497f-815c-b60700f03cf7"}

stdout | src/conversations.integration.test.ts > guest conversations > keeps voice request draft tools behind idempotent guest confirmation
{"level":"info","time":"2026-07-28T09:44:36.691Z","service":"api","msg":"request.completed","method":"POST","url":"/v1/guest/sessions","statusCode":200,"requestId":"67537399-0c65-4e22-9ba0-1c8cc1a5a125"}

stdout | src/conversations.integration.test.ts > guest conversations > keeps voice request draft tools behind idempotent guest confirmation
{"level":"info","time":"2026-07-28T09:44:36.692Z","service":"api","msg":"request.completed","method":"POST","url":"/v1/guest/conversations","statusCode":200,"requestId":"82143404-1485-4740-a5b8-c0c538a005ba"}

stdout | src/conversations.integration.test.ts > guest conversations > keeps voice request draft tools behind idempotent guest confirmation
{"level":"info","time":"2026-07-28T09:44:36.700Z","service":"api","msg":"request.completed","method":"POST","url":"/v1/guest/conversations/2fb367dd-cd70-48dc-9aea-c0ed8615cf05/tool-results","statusCode":200,"requestId":"48b8f23b-5bc2-49c7-9856-f187503c5908"}

stdout | src/conversations.integration.test.ts > guest conversations > keeps voice request draft tools behind idempotent guest confirmation
{"level":"info","time":"2026-07-28T09:44:36.782Z","service":"api","msg":"request.completed","method":"POST","url":"/v1/guest/request-drafts/308c4cc5-419b-4d57-9d8d-812269364e76/confirm","statusCode":200,"requestId":"f718ad30-7717-4e19-b93d-cbb08b2361ec"}

stdout | src/conversations.integration.test.ts > guest conversations > keeps voice request draft tools behind idempotent guest confirmation
{"level":"info","time":"2026-07-28T09:44:36.784Z","service":"api","msg":"request.completed","method":"POST","url":"/v1/guest/request-drafts/308c4cc5-419b-4d57-9d8d-812269364e76/confirm","statusCode":200,"requestId":"047c4d62-5ff0-4ca2-88b2-46460ac22c5f"}

stdout | src/conversations.integration.test.ts > guest conversations > keeps voice request draft tools behind idempotent guest confirmation
{"level":"info","time":"2026-07-28T09:44:36.959Z","service":"api","msg":"request.completed","method":"GET","url":"/v1/guest/conversations/2fb367dd-cd70-48dc-9aea-c0ed8615cf05","statusCode":200,"requestId":"2f050ea8-a05c-41fa-962f-12bc25334965"}

stdout | src/conversations.integration.test.ts > guest conversations > accepts tenant-scoped voice metrics and denies cross-session metrics
{"level":"info","time":"2026-07-28T09:44:37.261Z","service":"api","msg":"request.completed","method":"POST","url":"/v1/auth/login","statusCode":200,"requestId":"53c5ed1f-3c26-41c5-959e-12575c32b92c"}

stdout | src/conversations.integration.test.ts > guest conversations > accepts tenant-scoped voice metrics and denies cross-session metrics
{"level":"info","time":"2026-07-28T09:44:37.264Z","service":"api","msg":"request.completed","method":"GET","url":"/v1/properties?organizationId=d215a186-f84d-4c7c-b75a-3189969999c2","statusCode":200,"requestId":"169a4d95-73e7-4be8-b8dd-468ac17a4a5d"}

stdout | src/conversations.integration.test.ts > guest conversations > accepts tenant-scoped voice metrics and denies cross-session metrics
{"level":"info","time":"2026-07-28T09:44:37.266Z","service":"api","msg":"request.completed","method":"GET","url":"/v1/properties/8d283b2a-6ccd-4ab9-99be-79604deac640/locations","statusCode":200,"requestId":"8a781601-6c6d-4ab4-8ebb-6b55c7e71fbf"}

stdout | src/conversations.integration.test.ts > guest conversations > accepts tenant-scoped voice metrics and denies cross-session metrics
{"level":"info","time":"2026-07-28T09:44:37.284Z","service":"api","msg":"request.completed","method":"POST","url":"/v1/properties/8d283b2a-6ccd-4ab9-99be-79604deac640/qr-codes","statusCode":200,"requestId":"5f9055dd-62e4-4805-b16d-e77b2ec875b9"}

stdout | src/conversations.integration.test.ts > guest conversations > accepts tenant-scoped voice metrics and denies cross-session metrics
{"level":"info","time":"2026-07-28T09:44:37.286Z","service":"api","msg":"request.completed","method":"POST","url":"/v1/guest/sessions","statusCode":200,"requestId":"dd24008c-4daf-4a4e-824e-82f2e000e136"}

stdout | src/conversations.integration.test.ts > guest conversations > accepts tenant-scoped voice metrics and denies cross-session metrics
{"level":"info","time":"2026-07-28T09:44:37.515Z","service":"api","msg":"request.completed","method":"POST","url":"/v1/auth/login","statusCode":200,"requestId":"89a146fb-5537-4de4-9ad6-7882cf2d39e1"}

stdout | src/conversations.integration.test.ts > guest conversations > accepts tenant-scoped voice metrics and denies cross-session metrics
{"level":"info","time":"2026-07-28T09:44:37.517Z","service":"api","msg":"request.completed","method":"GET","url":"/v1/properties?organizationId=d215a186-f84d-4c7c-b75a-3189969999c2","statusCode":200,"requestId":"a1ab7649-8974-41e3-b23f-8b0e91ae67cd"}

stdout | src/conversations.integration.test.ts > guest conversations > accepts tenant-scoped voice metrics and denies cross-session metrics
{"level":"info","time":"2026-07-28T09:44:37.519Z","service":"api","msg":"request.completed","method":"GET","url":"/v1/properties/8d283b2a-6ccd-4ab9-99be-79604deac640/locations","statusCode":200,"requestId":"b8df5056-f0db-4501-aa36-2f855096981b"}

stdout | src/conversations.integration.test.ts > guest conversations > accepts tenant-scoped voice metrics and denies cross-session metrics
{"level":"info","time":"2026-07-28T09:44:37.522Z","service":"api","msg":"request.completed","method":"POST","url":"/v1/properties/8d283b2a-6ccd-4ab9-99be-79604deac640/qr-codes","statusCode":200,"requestId":"4fd1ec5f-ce91-429b-83d8-9e6b26f33652"}

stdout | src/conversations.integration.test.ts > guest conversations > accepts tenant-scoped voice metrics and denies cross-session metrics
{"level":"info","time":"2026-07-28T09:44:37.524Z","service":"api","msg":"request.completed","method":"POST","url":"/v1/guest/sessions","statusCode":200,"requestId":"a6de49ea-965b-4880-bd95-5f2dddbf84c7"}

stdout | src/conversations.integration.test.ts > guest conversations > accepts tenant-scoped voice metrics and denies cross-session metrics
{"level":"info","time":"2026-07-28T09:44:37.526Z","service":"api","msg":"request.completed","method":"POST","url":"/v1/guest/conversations","statusCode":200,"requestId":"55e26d53-0e80-4486-8d5b-301d52e33e96"}

stdout | src/conversations.integration.test.ts > guest conversations > accepts tenant-scoped voice metrics and denies cross-session metrics
{"level":"info","time":"2026-07-28T09:44:37.527Z","service":"api","msg":"request.completed","method":"POST","url":"/v1/guest/conversations/d78db33a-6a5e-4af4-82b0-f1d4f37c96aa/voice-metrics","statusCode":200,"requestId":"09b78079-764e-4251-8e1a-efab182deadc"}

stdout | src/conversations.integration.test.ts > guest conversations > accepts tenant-scoped voice metrics and denies cross-session metrics
{"level":"info","time":"2026-07-28T09:44:37.529Z","service":"api","msg":"request.completed","method":"POST","url":"/v1/guest/conversations/d78db33a-6a5e-4af4-82b0-f1d4f37c96aa/voice-metrics","statusCode":404,"requestId":"f71108d6-f06d-4d84-a5b4-3c324dd28d72"}

stdout | src/conversations.integration.test.ts > guest conversations > accepts tenant-scoped voice metrics and denies cross-session metrics
{"level":"info","time":"2026-07-28T09:44:37.553Z","service":"api","msg":"request.completed","method":"POST","url":"/v1/guest/conversations/d78db33a-6a5e-4af4-82b0-f1d4f37c96aa/handoff","statusCode":200,"requestId":"2f82fc02-44d5-4629-9426-4ec5c783ad24"}

stdout | src/conversations.integration.test.ts > guest conversations > accepts tenant-scoped voice metrics and denies cross-session metrics
{"level":"info","time":"2026-07-28T09:44:37.558Z","service":"api","msg":"request.completed","method":"POST","url":"/v1/guest/conversations/d78db33a-6a5e-4af4-82b0-f1d4f37c96aa/voice-metrics","statusCode":409,"requestId":"91731e40-9ac1-4f1b-aa7c-fde355a307a5"}

stdout | src/conversations.integration.test.ts > guest conversations > requires explicit idempotent guest confirmation for request drafts
{"level":"info","time":"2026-07-28T09:44:37.857Z","service":"api","msg":"request.completed","method":"POST","url":"/v1/auth/login","statusCode":200,"requestId":"7200582c-bac2-4ce0-af33-d80e3f2de385"}

stdout | src/conversations.integration.test.ts > guest conversations > requires explicit idempotent guest confirmation for request drafts
{"level":"info","time":"2026-07-28T09:44:37.860Z","service":"api","msg":"request.completed","method":"GET","url":"/v1/properties?organizationId=d215a186-f84d-4c7c-b75a-3189969999c2","statusCode":200,"requestId":"e4d5036b-864c-4aef-8a53-11166e4aa739"}

stdout | src/conversations.integration.test.ts > guest conversations > requires explicit idempotent guest confirmation for request drafts
{"level":"info","time":"2026-07-28T09:44:37.864Z","service":"api","msg":"request.completed","method":"GET","url":"/v1/properties/8d283b2a-6ccd-4ab9-99be-79604deac640/locations","statusCode":200,"requestId":"df08cf90-40fc-46b6-aa55-7a6da476add6"}

stdout | src/conversations.integration.test.ts > guest conversations > requires explicit idempotent guest confirmation for request drafts
{"level":"info","time":"2026-07-28T09:44:37.870Z","service":"api","msg":"request.completed","method":"POST","url":"/v1/properties/8d283b2a-6ccd-4ab9-99be-79604deac640/qr-codes","statusCode":200,"requestId":"8d2e4149-b034-4c66-ab57-fbe234b3139d"}

stdout | src/conversations.integration.test.ts > guest conversations > requires explicit idempotent guest confirmation for request drafts
{"level":"info","time":"2026-07-28T09:44:37.875Z","service":"api","msg":"request.completed","method":"POST","url":"/v1/guest/sessions","statusCode":200,"requestId":"d884493f-f32e-4cfa-8fc7-62f4fb5a1698"}

stdout | src/conversations.integration.test.ts > guest conversations > requires explicit idempotent guest confirmation for request drafts
{"level":"info","time":"2026-07-28T09:44:37.878Z","service":"api","msg":"request.completed","method":"POST","url":"/v1/guest/conversations","statusCode":200,"requestId":"64beeb81-5371-4b40-8791-793a13212abb"}

stdout | src/conversations.integration.test.ts > guest conversations > requires explicit idempotent guest confirmation for request drafts
{"level":"info","time":"2026-07-28T09:44:37.883Z","service":"api","msg":"request.completed","method":"POST","url":"/v1/guest/request-drafts","statusCode":200,"requestId":"8def1061-ba32-4032-befb-ba1ce98e50f7"}

stdout | src/conversations.integration.test.ts > guest conversations > requires explicit idempotent guest confirmation for request drafts
{"level":"info","time":"2026-07-28T09:44:37.900Z","service":"api","msg":"request.completed","method":"POST","url":"/v1/guest/request-drafts/0eaaba04-392f-4d7b-8a9d-963102700d40/confirm","statusCode":200,"requestId":"2ff66846-c021-43c0-a3b5-74c2ef864825"}

stdout | src/conversations.integration.test.ts > guest conversations > requires explicit idempotent guest confirmation for request drafts
{"level":"info","time":"2026-07-28T09:44:37.903Z","service":"api","msg":"request.completed","method":"POST","url":"/v1/guest/request-drafts/0eaaba04-392f-4d7b-8a9d-963102700d40/confirm","statusCode":200,"requestId":"ea13f6b8-3c10-4c3e-9600-aee159609e19"}

stdout | src/conversations.integration.test.ts > guest conversations > requires explicit idempotent guest confirmation for request drafts
{"level":"info","time":"2026-07-28T09:44:37.906Z","service":"api","msg":"request.completed","method":"GET","url":"/v1/guest/conversations/b6fc1816-7c4f-45ce-9deb-0a16f14f2897","statusCode":200,"requestId":"f8a6b13c-2e2e-48fb-b78d-72069b22bc0f"}

stdout | src/conversations.integration.test.ts > guest conversations > rejects expired drafts without committing a request
{"level":"info","time":"2026-07-28T09:44:38.201Z","service":"api","msg":"request.completed","method":"POST","url":"/v1/auth/login","statusCode":200,"requestId":"3f1ceca3-a638-47b1-a909-51cc42b4254b"}

stdout | src/conversations.integration.test.ts > guest conversations > rejects expired drafts without committing a request
{"level":"info","time":"2026-07-28T09:44:38.204Z","service":"api","msg":"request.completed","method":"GET","url":"/v1/properties?organizationId=d215a186-f84d-4c7c-b75a-3189969999c2","statusCode":200,"requestId":"bb317ac1-f7c2-47d1-a594-b0ec3a81067c"}

stdout | src/conversations.integration.test.ts > guest conversations > rejects expired drafts without committing a request
{"level":"info","time":"2026-07-28T09:44:38.209Z","service":"api","msg":"request.completed","method":"GET","url":"/v1/properties/8d283b2a-6ccd-4ab9-99be-79604deac640/locations","statusCode":200,"requestId":"2bfc782c-68fe-40e6-8106-1cdabd81eab0"}

stdout | src/conversations.integration.test.ts > guest conversations > rejects expired drafts without committing a request
{"level":"info","time":"2026-07-28T09:44:38.217Z","service":"api","msg":"request.completed","method":"POST","url":"/v1/properties/8d283b2a-6ccd-4ab9-99be-79604deac640/qr-codes","statusCode":200,"requestId":"b4adf3c0-b781-4f3d-a456-e8dea883cbff"}

stdout | src/conversations.integration.test.ts > guest conversations > rejects expired drafts without committing a request
{"level":"info","time":"2026-07-28T09:44:38.220Z","service":"api","msg":"request.completed","method":"POST","url":"/v1/guest/sessions","statusCode":200,"requestId":"77254450-4d9a-4493-b2b7-5d1c08f8ca65"}

stdout | src/conversations.integration.test.ts > guest conversations > rejects expired drafts without committing a request
{"level":"info","time":"2026-07-28T09:44:38.223Z","service":"api","msg":"request.completed","method":"POST","url":"/v1/guest/conversations","statusCode":200,"requestId":"09fa6bbb-30ad-4cf7-9459-d4f6661f3973"}

stdout | src/conversations.integration.test.ts > guest conversations > rejects expired drafts without committing a request
{"level":"info","time":"2026-07-28T09:44:38.230Z","service":"api","msg":"request.completed","method":"POST","url":"/v1/guest/request-drafts","statusCode":200,"requestId":"cda2d77b-afde-4fd1-b35d-226e8b72e27a"}

stdout | src/conversations.integration.test.ts > guest conversations > rejects expired drafts without committing a request
{"level":"info","time":"2026-07-28T09:44:38.234Z","service":"api","msg":"request.completed","method":"POST","url":"/v1/guest/request-drafts/545e9323-63a0-4f90-931f-52e50337c819/confirm","statusCode":410,"requestId":"d940ac18-d7d4-4b52-8849-0d859a7181de"}

stdout | src/conversations.integration.test.ts > guest conversations > denies unauthorized draft commits across guest sessions
{"level":"info","time":"2026-07-28T09:44:38.483Z","service":"api","msg":"request.completed","method":"POST","url":"/v1/auth/login","statusCode":200,"requestId":"024b8c0a-8440-4ec9-8816-ee66d7ad39fd"}

stdout | src/conversations.integration.test.ts > guest conversations > denies unauthorized draft commits across guest sessions
{"level":"info","time":"2026-07-28T09:44:38.485Z","service":"api","msg":"request.completed","method":"GET","url":"/v1/properties?organizationId=d215a186-f84d-4c7c-b75a-3189969999c2","statusCode":200,"requestId":"421983a1-256d-448f-951b-e0837a4910df"}

stdout | src/conversations.integration.test.ts > guest conversations > denies unauthorized draft commits across guest sessions
{"level":"info","time":"2026-07-28T09:44:38.488Z","service":"api","msg":"request.completed","method":"GET","url":"/v1/properties/8d283b2a-6ccd-4ab9-99be-79604deac640/locations","statusCode":200,"requestId":"7ab831ed-b868-4f03-ad8c-91dbed983ad8"}

stdout | src/conversations.integration.test.ts > guest conversations > denies unauthorized draft commits across guest sessions
{"level":"info","time":"2026-07-28T09:44:38.497Z","service":"api","msg":"request.completed","method":"POST","url":"/v1/properties/8d283b2a-6ccd-4ab9-99be-79604deac640/qr-codes","statusCode":200,"requestId":"ef154141-6825-42c8-9f4b-d66f810d35ba"}

stdout | src/conversations.integration.test.ts > guest conversations > denies unauthorized draft commits across guest sessions
{"level":"info","time":"2026-07-28T09:44:38.506Z","service":"api","msg":"request.completed","method":"POST","url":"/v1/guest/sessions","statusCode":200,"requestId":"4c3ce944-5fa3-4ac7-9276-58f7c4345111"}

stdout | src/conversations.integration.test.ts > guest conversations > denies unauthorized draft commits across guest sessions
{"level":"info","time":"2026-07-28T09:44:38.729Z","service":"api","msg":"request.completed","method":"POST","url":"/v1/auth/login","statusCode":200,"requestId":"eafc88b6-79e7-481f-9a87-8644ad0e1327"}

stdout | src/conversations.integration.test.ts > guest conversations > denies unauthorized draft commits across guest sessions
{"level":"info","time":"2026-07-28T09:44:38.731Z","service":"api","msg":"request.completed","method":"GET","url":"/v1/properties?organizationId=d215a186-f84d-4c7c-b75a-3189969999c2","statusCode":200,"requestId":"f814394c-291f-4db8-8e74-c26540a394dc"}

stdout | src/conversations.integration.test.ts > guest conversations > denies unauthorized draft commits across guest sessions
{"level":"info","time":"2026-07-28T09:44:38.733Z","service":"api","msg":"request.completed","method":"GET","url":"/v1/properties/8d283b2a-6ccd-4ab9-99be-79604deac640/locations","statusCode":200,"requestId":"b9f88e20-80a3-4b2f-91c4-709fb3b2397f"}

stdout | src/conversations.integration.test.ts > guest conversations > denies unauthorized draft commits across guest sessions
{"level":"info","time":"2026-07-28T09:44:38.738Z","service":"api","msg":"request.completed","method":"POST","url":"/v1/properties/8d283b2a-6ccd-4ab9-99be-79604deac640/qr-codes","statusCode":200,"requestId":"ade8c21f-2bb3-464f-8a49-9aa2602c39b7"}

stdout | src/conversations.integration.test.ts > guest conversations > denies unauthorized draft commits across guest sessions
{"level":"info","time":"2026-07-28T09:44:38.740Z","service":"api","msg":"request.completed","method":"POST","url":"/v1/guest/sessions","statusCode":200,"requestId":"4896496a-89fc-4cb0-9ea1-de0da19a87b9"}

stdout | src/conversations.integration.test.ts > guest conversations > denies unauthorized draft commits across guest sessions
{"level":"info","time":"2026-07-28T09:44:38.742Z","service":"api","msg":"request.completed","method":"POST","url":"/v1/guest/conversations","statusCode":200,"requestId":"51279c2d-e169-47f1-85a8-1b180ced4ecf"}

stdout | src/conversations.integration.test.ts > guest conversations > denies unauthorized draft commits across guest sessions
{"level":"info","time":"2026-07-28T09:44:38.744Z","service":"api","msg":"request.completed","method":"POST","url":"/v1/guest/request-drafts","statusCode":200,"requestId":"9f5b0005-a0c8-4cf3-888d-83999264f561"}

stdout | src/conversations.integration.test.ts > guest conversations > denies unauthorized draft commits across guest sessions
{"level":"info","time":"2026-07-28T09:44:38.746Z","service":"api","msg":"request.completed","method":"POST","url":"/v1/guest/request-drafts/752fca57-b1f8-4e54-aba5-776c48a77573/confirm","statusCode":404,"requestId":"0ab2f18e-8a2a-473c-bd20-99abfa5b9b94"}

stdout | src/conversations.integration.test.ts > guest conversations > creates order drafts through AI tools and commits only after guest confirmation
{"level":"info","time":"2026-07-28T09:44:38.962Z","service":"api","msg":"request.completed","method":"POST","url":"/v1/auth/login","statusCode":200,"requestId":"dd4a20b9-04ae-424c-98d8-cdf86630dc9e"}

stdout | src/conversations.integration.test.ts > guest conversations > creates order drafts through AI tools and commits only after guest confirmation
{"level":"info","time":"2026-07-28T09:44:38.964Z","service":"api","msg":"request.completed","method":"GET","url":"/v1/properties?organizationId=d215a186-f84d-4c7c-b75a-3189969999c2","statusCode":200,"requestId":"fa35d514-324f-4008-adc9-edfc4e9ab275"}

stdout | src/conversations.integration.test.ts > guest conversations > creates order drafts through AI tools and commits only after guest confirmation
{"level":"info","time":"2026-07-28T09:44:38.967Z","service":"api","msg":"request.completed","method":"GET","url":"/v1/properties/8d283b2a-6ccd-4ab9-99be-79604deac640/locations","statusCode":200,"requestId":"b9008610-3d11-44ad-a62a-1d57900d88f2"}

stdout | src/conversations.integration.test.ts > guest conversations > creates order drafts through AI tools and commits only after guest confirmation
{"level":"info","time":"2026-07-28T09:44:38.970Z","service":"api","msg":"request.completed","method":"POST","url":"/v1/properties/8d283b2a-6ccd-4ab9-99be-79604deac640/qr-codes","statusCode":200,"requestId":"a77fa510-16d1-40b0-af21-756a7c54bec3"}

stdout | src/conversations.integration.test.ts > guest conversations > creates order drafts through AI tools and commits only after guest confirmation
{"level":"info","time":"2026-07-28T09:44:38.972Z","service":"api","msg":"request.completed","method":"POST","url":"/v1/guest/sessions","statusCode":200,"requestId":"d35aa39a-64b3-4368-83ec-0f36e6795613"}

stdout | src/conversations.integration.test.ts > guest conversations > creates order drafts through AI tools and commits only after guest confirmation
{"level":"info","time":"2026-07-28T09:44:38.974Z","service":"api","msg":"request.completed","method":"POST","url":"/v1/guest/conversations","statusCode":200,"requestId":"79f818b4-cc91-433e-badb-e56d3077e82c"}

stdout | src/conversations.integration.test.ts > guest conversations > creates order drafts through AI tools and commits only after guest confirmation
{"level":"info","time":"2026-07-28T09:44:38.979Z","service":"api","msg":"request.completed","method":"POST","url":"/v1/guest/conversations/979be3ba-f057-4f00-a0e0-cd913ff68830/tool-results","statusCode":200,"requestId":"1b90cb2e-46b3-4c7b-86fd-c68d6720f5da"}

stdout | src/conversations.integration.test.ts > guest conversations > creates order drafts through AI tools and commits only after guest confirmation
{"level":"info","time":"2026-07-28T09:44:38.980Z","service":"api","msg":"request.completed","method":"POST","url":"/v1/guest/conversations/979be3ba-f057-4f00-a0e0-cd913ff68830/tool-results","statusCode":400,"requestId":"cb132ea9-cf36-4c04-86a1-319763372e1e"}

stdout | src/conversations.integration.test.ts > guest conversations > creates order drafts through AI tools and commits only after guest confirmation
{"level":"info","time":"2026-07-28T09:44:39.002Z","service":"api","msg":"request.completed","method":"POST","url":"/v1/guest/order-drafts/4694ceda-1fd5-49e8-88bb-7c967fa41aa0/confirm","statusCode":200,"requestId":"312793f0-f7a6-4f37-9b37-932cd352b25f"}

 ✓ src/conversations.integration.test.ts (14 tests) 6724ms
   ✓ guest conversations > persists guest messages in stable conversation order and deduplicates retry ids  388ms
   ✓ guest conversations > isolates conversations by guest session and tenant scope  1001ms
   ✓ guest conversations > requests human handoff honestly, idempotently, and blocks further automation  749ms
   ✓ guest conversations > executes scoped read-only AI tools and persists validated tool output  437ms
   ✓ guest conversations > validates AI tool input and denies unscoped tool calls  660ms
   ✓ guest conversations > reads catalog tool output only from the scoped published portal  317ms
   ✓ guest conversations > keeps voice request draft tools behind idempotent guest confirmation  525ms
   ✓ guest conversations > accepts tenant-scoped voice metrics and denies cross-session metrics  599ms
   ✓ guest conversations > requires explicit idempotent guest confirmation for request drafts  348ms
   ✓ guest conversations > rejects expired drafts without committing a request  328ms
   ✓ guest conversations > denies unauthorized draft commits across guest sessions  511ms
stdout | src/guest-portal.integration.test.ts > guest portal homepage API > returns published branding with asset fallbacks
{"level":"info","time":"2026-07-28T09:44:39.817Z","service":"api","msg":"request.completed","method":"POST","url":"/v1/auth/login","statusCode":200,"requestId":"cf6ebcd6-e290-4938-acb0-7a8798f8f6d8"}

stdout | src/guest-portal.integration.test.ts > guest portal homepage API > returns published branding with asset fallbacks
{"level":"info","time":"2026-07-28T09:44:39.822Z","service":"api","msg":"request.completed","method":"GET","url":"/v1/properties?organizationId=d215a186-f84d-4c7c-b75a-3189969999c2","statusCode":200,"requestId":"6b169f83-89f4-4368-9a0a-57d2b7f8a298"}

stdout | src/guest-portal.integration.test.ts > guest portal homepage API > returns published branding with asset fallbacks
{"level":"info","time":"2026-07-28T09:44:39.831Z","service":"api","msg":"request.completed","method":"GET","url":"/v1/properties/8d283b2a-6ccd-4ab9-99be-79604deac640/portal/draft","statusCode":200,"requestId":"98da8139-43fd-46da-93e9-af5330de9af0"}

stdout | src/guest-portal.integration.test.ts > guest portal homepage API > returns published branding with asset fallbacks
{"level":"info","time":"2026-07-28T09:44:39.850Z","service":"api","msg":"request.completed","method":"POST","url":"/v1/properties/8d283b2a-6ccd-4ab9-99be-79604deac640/portal/publish","statusCode":200,"requestId":"cfae5cb1-2b23-4209-ae1c-ed533807b9a5"}

stdout | src/guest-portal.integration.test.ts > guest portal homepage API > returns published branding with asset fallbacks
{"level":"info","time":"2026-07-28T09:44:39.853Z","service":"api","msg":"request.completed","method":"GET","url":"/v1/properties/8d283b2a-6ccd-4ab9-99be-79604deac640/locations","statusCode":200,"requestId":"e289ea73-3671-486b-a3b0-77239d3f36c3"}

stdout | src/guest-portal.integration.test.ts > guest portal homepage API > returns published branding with asset fallbacks
{"level":"info","time":"2026-07-28T09:44:39.858Z","service":"api","msg":"request.completed","method":"POST","url":"/v1/properties/8d283b2a-6ccd-4ab9-99be-79604deac640/qr-codes","statusCode":200,"requestId":"791c924d-6d4e-4d9b-b341-c533b718471c"}

stdout | src/guest-portal.integration.test.ts > guest portal homepage API > returns published branding with asset fallbacks
{"level":"info","time":"2026-07-28T09:44:39.866Z","service":"api","msg":"request.completed","method":"POST","url":"/v1/guest/sessions","statusCode":200,"requestId":"e9806771-5aeb-4e34-8fa7-2e2d14b785bf"}

stdout | src/guest-portal.integration.test.ts > guest portal homepage API > returns published branding with asset fallbacks
{"level":"info","time":"2026-07-28T09:44:39.870Z","service":"api","msg":"request.completed","method":"GET","url":"/v1/guest/portal","statusCode":200,"requestId":"403f59ca-8eee-48d0-9906-3574eacae127"}

 ✓ src/guest-portal.integration.test.ts (1 test) 326ms
stdout | src/guest-sessions.integration.test.ts > guest sessions > creates scoped guest sessions with minimal public context
{"level":"info","time":"2026-07-28T09:44:40.647Z","service":"api","msg":"request.completed","method":"POST","url":"/v1/auth/login","statusCode":200,"requestId":"0cab7f91-b8a6-4a3a-8dfc-4e41bf1d3a78"}

stdout | src/guest-sessions.integration.test.ts > guest sessions > creates scoped guest sessions with minimal public context
{"level":"info","time":"2026-07-28T09:44:40.652Z","service":"api","msg":"request.completed","method":"GET","url":"/v1/properties?organizationId=d215a186-f84d-4c7c-b75a-3189969999c2","statusCode":200,"requestId":"cbe6d05a-a593-49a0-aa2c-da5486f073d7"}

stdout | src/guest-sessions.integration.test.ts > guest sessions > creates scoped guest sessions with minimal public context
{"level":"info","time":"2026-07-28T09:44:40.656Z","service":"api","msg":"request.completed","method":"GET","url":"/v1/properties/8d283b2a-6ccd-4ab9-99be-79604deac640/locations","statusCode":200,"requestId":"f7b9ff23-1a4e-4ed1-9c44-5c3a89a15851"}

stdout | src/guest-sessions.integration.test.ts > guest sessions > creates scoped guest sessions with minimal public context
{"level":"info","time":"2026-07-28T09:44:40.661Z","service":"api","msg":"request.completed","method":"POST","url":"/v1/properties/8d283b2a-6ccd-4ab9-99be-79604deac640/qr-codes","statusCode":200,"requestId":"5352dc4a-69e7-4127-a810-2d717cdabb13"}

stdout | src/guest-sessions.integration.test.ts > guest sessions > creates scoped guest sessions with minimal public context
{"level":"info","time":"2026-07-28T09:44:40.662Z","service":"api","msg":"request.completed","method":"POST","url":"/v1/guest/sessions","statusCode":400,"requestId":"35018121-297d-4250-aec9-b2b232ced325"}

stdout | src/guest-sessions.integration.test.ts > guest sessions > creates scoped guest sessions with minimal public context
{"level":"info","time":"2026-07-28T09:44:40.663Z","service":"api","msg":"request.completed","method":"POST","url":"/v1/guest/sessions","statusCode":404,"requestId":"f074199b-8154-48ea-8533-0012b7f52dd1"}

stdout | src/guest-sessions.integration.test.ts > guest sessions > creates scoped guest sessions with minimal public context
{"level":"info","time":"2026-07-28T09:44:40.666Z","service":"api","msg":"request.completed","method":"POST","url":"/v1/guest/sessions","statusCode":200,"requestId":"8fd5f83c-1009-45a4-aa1f-c10451dac1ba"}

stdout | src/guest-sessions.integration.test.ts > guest sessions > creates scoped guest sessions with minimal public context
{"level":"info","time":"2026-07-28T09:44:40.669Z","service":"api","msg":"request.completed","method":"GET","url":"/v1/guest/session","statusCode":200,"requestId":"353c0ccc-c757-48a7-b47a-a31ba50e7902"}

stdout | src/guest-sessions.integration.test.ts > guest sessions > creates scoped guest sessions with minimal public context
{"level":"info","time":"2026-07-28T09:44:40.669Z","service":"api","msg":"request.completed","method":"GET","url":"/v1/guest/session","statusCode":401,"requestId":"3a3910a5-2312-4280-b2ec-ed0ae7b6f4a3"}

stdout | src/guest-sessions.integration.test.ts > guest sessions > creates scoped guest sessions with minimal public context
{"level":"info","time":"2026-07-28T09:44:40.671Z","service":"api","msg":"request.completed","method":"GET","url":"/v1/guest/session","statusCode":401,"requestId":"d09892d1-b70a-436c-9501-5ebbcffe8442"}

stdout | src/guest-sessions.integration.test.ts > guest sessions > isolates guest sessions across properties/orgs
{"level":"info","time":"2026-07-28T09:44:40.897Z","service":"api","msg":"request.completed","method":"POST","url":"/v1/auth/login","statusCode":200,"requestId":"4fa8a989-d738-4dda-8093-48b7d68ad540"}

stdout | src/guest-sessions.integration.test.ts > guest sessions > isolates guest sessions across properties/orgs
{"level":"info","time":"2026-07-28T09:44:41.140Z","service":"api","msg":"request.completed","method":"POST","url":"/v1/auth/login","statusCode":200,"requestId":"6e613f4d-05ac-47fc-841b-a44bb4763adc"}

stdout | src/guest-sessions.integration.test.ts > guest sessions > isolates guest sessions across properties/orgs
{"level":"info","time":"2026-07-28T09:44:41.143Z","service":"api","msg":"request.completed","method":"GET","url":"/v1/properties?organizationId=d215a186-f84d-4c7c-b75a-3189969999c2","statusCode":200,"requestId":"c1f3adbb-9e27-4b20-8127-0db4d9f06c34"}

stdout | src/guest-sessions.integration.test.ts > guest sessions > isolates guest sessions across properties/orgs
{"level":"info","time":"2026-07-28T09:44:41.145Z","service":"api","msg":"request.completed","method":"GET","url":"/v1/properties/8d283b2a-6ccd-4ab9-99be-79604deac640/locations","statusCode":200,"requestId":"c8ffa69a-c163-41d5-88a4-ff444aa5d7ee"}

stdout | src/guest-sessions.integration.test.ts > guest sessions > isolates guest sessions across properties/orgs
{"level":"info","time":"2026-07-28T09:44:41.149Z","service":"api","msg":"request.completed","method":"POST","url":"/v1/properties/8d283b2a-6ccd-4ab9-99be-79604deac640/qr-codes","statusCode":200,"requestId":"740a67cb-debd-4d31-8b45-416cbd7ee284"}

stdout | src/guest-sessions.integration.test.ts > guest sessions > isolates guest sessions across properties/orgs
{"level":"info","time":"2026-07-28T09:44:41.151Z","service":"api","msg":"request.completed","method":"GET","url":"/v1/properties?organizationId=67e4e9e6-f0b4-4e7f-a247-674a503d4ba6","statusCode":200,"requestId":"2c6087bc-0117-4f12-8430-9ffb33cb716c"}

stdout | src/guest-sessions.integration.test.ts > guest sessions > isolates guest sessions across properties/orgs
{"level":"info","time":"2026-07-28T09:44:41.153Z","service":"api","msg":"request.completed","method":"GET","url":"/v1/properties/8efde0b2-790a-49cd-8a14-20be5b6b29b1/locations","statusCode":200,"requestId":"34d28b7c-4f63-4aa6-bdfc-273951835169"}

stdout | src/guest-sessions.integration.test.ts > guest sessions > isolates guest sessions across properties/orgs
{"level":"info","time":"2026-07-28T09:44:41.156Z","service":"api","msg":"request.completed","method":"POST","url":"/v1/properties/8efde0b2-790a-49cd-8a14-20be5b6b29b1/qr-codes","statusCode":200,"requestId":"1d69b27a-1c72-4f85-9070-4d162d7a4766"}

stdout | src/guest-sessions.integration.test.ts > guest sessions > isolates guest sessions across properties/orgs
{"level":"info","time":"2026-07-28T09:44:41.158Z","service":"api","msg":"request.completed","method":"POST","url":"/v1/guest/sessions","statusCode":200,"requestId":"43c6a238-9a6d-471d-a68e-50f88d9dae61"}

stdout | src/guest-sessions.integration.test.ts > guest sessions > isolates guest sessions across properties/orgs
{"level":"info","time":"2026-07-28T09:44:41.160Z","service":"api","msg":"request.completed","method":"POST","url":"/v1/guest/sessions","statusCode":200,"requestId":"1c3ff30e-6481-4e13-a8ef-39b81cee5829"}

stdout | src/guest-sessions.integration.test.ts > guest sessions > isolates guest sessions across properties/orgs
{"level":"info","time":"2026-07-28T09:44:41.162Z","service":"api","msg":"request.completed","method":"GET","url":"/v1/guest/session","statusCode":200,"requestId":"7a9cf9ab-b1b4-4137-8be1-0a90bcfa4eda"}

 ✓ src/guest-sessions.integration.test.ts (2 tests) 786ms
   ✓ guest sessions > isolates guest sessions across properties/orgs  491ms
stdout | src/knowledge-search.integration.test.ts > knowledge hybrid retrieval
{"level":"info","time":"2026-07-28T09:44:42.199Z","service":"api","msg":"request.completed","method":"POST","url":"/v1/auth/login","statusCode":200,"requestId":"4f6a9204-5af4-488f-a601-3b78b90ba7b2"}

stdout | src/knowledge-search.integration.test.ts > knowledge hybrid retrieval
{"level":"info","time":"2026-07-28T09:44:42.204Z","service":"api","msg":"request.completed","method":"GET","url":"/v1/properties?organizationId=d215a186-f84d-4c7c-b75a-3189969999c2","statusCode":200,"requestId":"466360f9-a4eb-49b7-b395-9d8d711c74dd"}

stdout | src/knowledge-search.integration.test.ts > knowledge hybrid retrieval > returns citations mapped to source and stores benchmark recall
{"level":"info","time":"2026-07-28T09:44:42.264Z","service":"api","msg":"request.completed","method":"POST","url":"/v1/properties/8d283b2a-6ccd-4ab9-99be-79604deac640/knowledge/search","statusCode":200,"requestId":"b442ea17-61e6-4dff-a7a5-49779fb48053"}

stdout | src/knowledge-search.integration.test.ts > knowledge hybrid retrieval > supports cross-language query against Vietnamese source text
{"level":"info","time":"2026-07-28T09:44:42.269Z","service":"api","msg":"request.completed","method":"POST","url":"/v1/properties/8d283b2a-6ccd-4ab9-99be-79604deac640/knowledge/search","statusCode":200,"requestId":"cafc03ef-6e76-426d-819d-be3270ef2a9b"}

stdout | src/knowledge-search.integration.test.ts > knowledge hybrid retrieval > returns noResult for unknown queries and blocks injection-only payloads
{"level":"info","time":"2026-07-28T09:44:42.272Z","service":"api","msg":"request.completed","method":"POST","url":"/v1/properties/302c53e6-a792-489f-a896-09ee9f887be6/knowledge/search","statusCode":200,"requestId":"fddeaab0-cc11-496d-981a-94b8bfa43d7d"}

stdout | src/knowledge-search.integration.test.ts > knowledge hybrid retrieval > returns noResult for unknown queries and blocks injection-only payloads
{"level":"info","time":"2026-07-28T09:44:42.275Z","service":"api","msg":"request.completed","method":"POST","url":"/v1/properties/8d283b2a-6ccd-4ab9-99be-79604deac640/knowledge/search","statusCode":200,"requestId":"7c043582-86af-4fec-a1a7-606311728998"}

stdout | src/knowledge-search.integration.test.ts > knowledge hybrid retrieval > denies cross-tenant leakage via property scope
{"level":"info","time":"2026-07-28T09:44:42.395Z","service":"api","msg":"request.completed","method":"POST","url":"/v1/properties/f45931a8-6f7f-482e-8285-69cbf1ea23ed/knowledge/search","statusCode":403,"requestId":"8b33fcd8-9749-44a8-93cf-a28eb5d23c6d"}

 ✓ src/knowledge-search.integration.test.ts (4 tests) 481ms
stdout | src/knowledge.integration.test.ts > knowledge source upload lifecycle > uploads a real text file, tracks status, and denies cross-tenant access
{"level":"info","time":"2026-07-28T09:44:43.342Z","service":"api","msg":"request.completed","method":"POST","url":"/v1/auth/login","statusCode":200,"requestId":"19bb1ad1-537a-4fca-92e1-41705ea44e5b"}

stdout | src/knowledge.integration.test.ts > knowledge source upload lifecycle > uploads a real text file, tracks status, and denies cross-tenant access
{"level":"info","time":"2026-07-28T09:44:43.347Z","service":"api","msg":"request.completed","method":"GET","url":"/v1/properties?organizationId=d215a186-f84d-4c7c-b75a-3189969999c2","statusCode":200,"requestId":"251e516d-8c09-4b16-9d52-28a283263d99"}

stdout | src/knowledge.integration.test.ts > knowledge source upload lifecycle > uploads a real text file, tracks status, and denies cross-tenant access
{"level":"info","time":"2026-07-28T09:44:43.478Z","service":"api","msg":"request.completed","method":"POST","url":"/v1/uploads/presign","statusCode":200,"requestId":"61fa060a-b64b-48a3-a557-d19e2b11452b"}

stdout | src/knowledge.integration.test.ts > knowledge source upload lifecycle > uploads a real text file, tracks status, and denies cross-tenant access
{"level":"info","time":"2026-07-28T09:44:44.073Z","service":"api","msg":"request.completed","method":"POST","url":"/v1/uploads/complete","statusCode":200,"requestId":"d85a3554-ed4e-458b-a376-a0c22d209c1c"}

stdout | src/knowledge.integration.test.ts > knowledge source upload lifecycle > uploads a real text file, tracks status, and denies cross-tenant access
{"level":"info","time":"2026-07-28T09:44:44.092Z","service":"api","msg":"request.completed","method":"POST","url":"/v1/properties/8d283b2a-6ccd-4ab9-99be-79604deac640/knowledge-sources","statusCode":200,"requestId":"157deea5-27bf-4c93-8fa9-fe725831383e"}

stdout | src/knowledge.integration.test.ts > knowledge source upload lifecycle > uploads a real text file, tracks status, and denies cross-tenant access
{"level":"info","time":"2026-07-28T09:44:44.114Z","service":"api","msg":"request.completed","method":"GET","url":"/v1/properties/8d283b2a-6ccd-4ab9-99be-79604deac640/knowledge-sources/3ea2d566-b8ee-4dd0-9bf3-d7fb707f3cf9","statusCode":200,"requestId":"a50a7b32-0d7f-46e7-9099-40a9b4a3b232"}

stdout | src/knowledge.integration.test.ts > knowledge source upload lifecycle > uploads a real text file, tracks status, and denies cross-tenant access
{"level":"info","time":"2026-07-28T09:44:44.120Z","service":"api","msg":"request.completed","method":"POST","url":"/v1/uploads/presign","statusCode":400,"requestId":"ad11281a-72aa-4872-aaf5-92601386982a"}

stdout | src/knowledge.integration.test.ts > knowledge source upload lifecycle > uploads a real text file, tracks status, and denies cross-tenant access
{"level":"info","time":"2026-07-28T09:44:44.353Z","service":"api","msg":"request.completed","method":"POST","url":"/v1/auth/login","statusCode":200,"requestId":"c6cf3cb2-8832-44bd-bd1b-8647eaba9856"}

stdout | src/knowledge.integration.test.ts > knowledge source upload lifecycle > uploads a real text file, tracks status, and denies cross-tenant access
{"level":"info","time":"2026-07-28T09:44:44.355Z","service":"api","msg":"request.completed","method":"POST","url":"/v1/properties/8d283b2a-6ccd-4ab9-99be-79604deac640/knowledge-sources","statusCode":403,"requestId":"d79218d9-f138-484a-84c8-f608282194c1"}

stdout | src/knowledge.integration.test.ts > knowledge source upload lifecycle > uploads a real text file, tracks status, and denies cross-tenant access
{"level":"info","time":"2026-07-28T09:44:44.568Z","service":"api","msg":"request.completed","method":"POST","url":"/v1/auth/login","statusCode":200,"requestId":"a4544d85-8f32-463d-9a60-865f1ce7156e"}

stdout | src/knowledge.integration.test.ts > knowledge source upload lifecycle > uploads a real text file, tracks status, and denies cross-tenant access
{"level":"info","time":"2026-07-28T09:44:44.571Z","service":"api","msg":"request.completed","method":"GET","url":"/v1/properties/8d283b2a-6ccd-4ab9-99be-79604deac640/knowledge-sources","statusCode":403,"requestId":"99f9385e-d521-4fa6-863f-cc5175b05d1c"}

 ✓ src/knowledge.integration.test.ts (1 test) 1785ms
   ✓ knowledge source upload lifecycle > uploads a real text file, tracks status, and denies cross-tenant access  1475ms
 ✓ src/phase09-performance.integration.test.ts (1 test) 68ms
stdout | src/phase10-load.integration.test.ts > phase 10.2 performance and load qualification > records API load, realtime load, and DB query profiles against Phase 10 targets
{"level":"info","time":"2026-07-28T09:44:46.217Z","service":"api","msg":"request.completed","method":"POST","url":"/v1/auth/login","statusCode":200,"requestId":"889eafe0-3f6a-49d2-9400-204d5d8351d9"}

stdout | src/phase10-load.integration.test.ts > phase 10.2 performance and load qualification > records API load, realtime load, and DB query profiles against Phase 10 targets
{"level":"info","time":"2026-07-28T09:44:46.429Z","service":"api","msg":"request.completed","method":"POST","url":"/v1/auth/login","statusCode":200,"requestId":"f41aa656-ae60-4a7a-aaa0-4f3185289f46"}

stdout | src/phase10-load.integration.test.ts > phase 10.2 performance and load qualification > records API load, realtime load, and DB query profiles against Phase 10 targets
{"level":"info","time":"2026-07-28T09:44:46.433Z","service":"api","msg":"request.completed","method":"GET","url":"/v1/properties?organizationId=d215a186-f84d-4c7c-b75a-3189969999c2","statusCode":200,"requestId":"f27acf42-324a-493b-ae3b-0236ee156cb5"}

stdout | src/phase10-load.integration.test.ts > phase 10.2 performance and load qualification > records API load, realtime load, and DB query profiles against Phase 10 targets
{"level":"info","time":"2026-07-28T09:44:46.436Z","service":"api","msg":"request.completed","method":"GET","url":"/v1/properties/3ab87d2a-0c78-4fac-aa15-515a733cc3ae/locations","statusCode":200,"requestId":"d51e4728-4338-42a6-9afd-c4e35205c1ea"}

stdout | src/phase10-load.integration.test.ts > phase 10.2 performance and load qualification > records API load, realtime load, and DB query profiles against Phase 10 targets
{"level":"info","time":"2026-07-28T09:44:46.446Z","service":"api","msg":"request.completed","method":"POST","url":"/v1/properties/3ab87d2a-0c78-4fac-aa15-515a733cc3ae/qr-codes","statusCode":200,"requestId":"6c18b971-47e1-422a-9cf2-458aac5bde45"}

stdout | src/phase10-load.integration.test.ts > phase 10.2 performance and load qualification > records API load, realtime load, and DB query profiles against Phase 10 targets
{"level":"info","time":"2026-07-28T09:44:46.450Z","service":"api","msg":"request.completed","method":"POST","url":"/v1/guest/sessions","statusCode":200,"requestId":"325f36be-7751-40bc-8217-04de75269e66"}

stdout | src/phase10-load.integration.test.ts > phase 10.2 performance and load qualification > records API load, realtime load, and DB query profiles against Phase 10 targets
{"level":"info","time":"2026-07-28T09:44:46.484Z","service":"api","msg":"request.completed","method":"GET","url":"/v1/guest/realtime/events?limit=20","statusCode":200,"requestId":"a24dec2c-5c47-4bd4-bcce-802a5db03b4b"}

stdout | src/phase10-load.integration.test.ts > phase 10.2 performance and load qualification > records API load, realtime load, and DB query profiles against Phase 10 targets
{"level":"info","time":"2026-07-28T09:44:46.485Z","service":"api","msg":"request.completed","method":"GET","url":"/v1/guest/realtime/events?limit=20","statusCode":200,"requestId":"5c799fd8-572a-46ff-977e-d8645aba72b9"}

stdout | src/phase10-load.integration.test.ts > phase 10.2 performance and load qualification > records API load, realtime load, and DB query profiles against Phase 10 targets
{"level":"info","time":"2026-07-28T09:44:46.485Z","service":"api","msg":"request.completed","method":"GET","url":"/v1/guest/realtime/events?limit=20","statusCode":200,"requestId":"bb504f4b-5e41-4ea0-bb36-7c5c954cef29"}

stdout | src/phase10-load.integration.test.ts > phase 10.2 performance and load qualification > records API load, realtime load, and DB query profiles against Phase 10 targets
{"level":"info","time":"2026-07-28T09:44:46.486Z","service":"api","msg":"request.completed","method":"GET","url":"/v1/guest/realtime/events?limit=20","statusCode":200,"requestId":"98d7f7a6-faa1-4e72-9bc5-a64da53c5fbb"}

stdout | src/phase10-load.integration.test.ts > phase 10.2 performance and load qualification > records API load, realtime load, and DB query profiles against Phase 10 targets
{"level":"info","time":"2026-07-28T09:44:46.486Z","service":"api","msg":"request.completed","method":"GET","url":"/v1/guest/realtime/events?limit=20","statusCode":200,"requestId":"8b743795-2dd1-4bf2-bb3e-6a4b645267a2"}

stdout | src/phase10-load.integration.test.ts > phase 10.2 performance and load qualification > records API load, realtime load, and DB query profiles against Phase 10 targets
{"level":"info","time":"2026-07-28T09:44:46.486Z","service":"api","msg":"request.completed","method":"GET","url":"/v1/guest/realtime/events?limit=20","statusCode":200,"requestId":"925dd902-f40a-40f0-ab48-99666a3b5279"}

stdout | src/phase10-load.integration.test.ts > phase 10.2 performance and load qualification > records API load, realtime load, and DB query profiles against Phase 10 targets
{"level":"info","time":"2026-07-28T09:44:46.486Z","service":"api","msg":"request.completed","method":"GET","url":"/v1/guest/realtime/events?limit=20","statusCode":200,"requestId":"721aa852-8dc0-490a-8721-69d86e024cf2"}

stdout | src/phase10-load.integration.test.ts > phase 10.2 performance and load qualification > records API load, realtime load, and DB query profiles against Phase 10 targets
{"level":"info","time":"2026-07-28T09:44:46.487Z","service":"api","msg":"request.completed","method":"GET","url":"/v1/guest/realtime/events?limit=20","statusCode":200,"requestId":"dd7a920b-cda1-4acb-bb60-dd4dbe8d6106"}

stdout | src/phase10-load.integration.test.ts > phase 10.2 performance and load qualification > records API load, realtime load, and DB query profiles against Phase 10 targets
{"level":"info","time":"2026-07-28T09:44:46.487Z","service":"api","msg":"request.completed","method":"GET","url":"/v1/guest/realtime/events?limit=20","statusCode":200,"requestId":"1d6ce770-459f-48ed-b52e-94bff4a7e06d"}

stdout | src/phase10-load.integration.test.ts > phase 10.2 performance and load qualification > records API load, realtime load, and DB query profiles against Phase 10 targets
{"level":"info","time":"2026-07-28T09:44:46.488Z","service":"api","msg":"request.completed","method":"GET","url":"/v1/guest/realtime/events?limit=20","statusCode":200,"requestId":"2276a72a-2eab-4b68-9d6e-c9bd5877ec9f"}

stdout | src/phase10-load.integration.test.ts > phase 10.2 performance and load qualification > records API load, realtime load, and DB query profiles against Phase 10 targets
{"level":"info","time":"2026-07-28T09:44:46.489Z","service":"api","msg":"request.completed","method":"GET","url":"/v1/properties?organizationId=d215a186-f84d-4c7c-b75a-3189969999c2","statusCode":200,"requestId":"84493d7d-feaa-47bd-80bb-d261d07f80aa"}

stdout | src/phase10-load.integration.test.ts > phase 10.2 performance and load qualification > records API load, realtime load, and DB query profiles against Phase 10 targets
{"level":"info","time":"2026-07-28T09:44:46.490Z","service":"api","msg":"request.completed","method":"GET","url":"/v1/properties?organizationId=d215a186-f84d-4c7c-b75a-3189969999c2","statusCode":200,"requestId":"66da01a5-0e17-4ddd-aab6-c3c79a492aa1"}

stdout | src/phase10-load.integration.test.ts > phase 10.2 performance and load qualification > records API load, realtime load, and DB query profiles against Phase 10 targets
{"level":"info","time":"2026-07-28T09:44:46.491Z","service":"api","msg":"request.completed","method":"GET","url":"/v1/properties?organizationId=d215a186-f84d-4c7c-b75a-3189969999c2","statusCode":200,"requestId":"3b96cc75-aa77-4b1b-8dc2-c27a4470af59"}

stdout | src/phase10-load.integration.test.ts > phase 10.2 performance and load qualification > records API load, realtime load, and DB query profiles against Phase 10 targets
{"level":"info","time":"2026-07-28T09:44:46.492Z","service":"api","msg":"request.completed","method":"GET","url":"/v1/properties?organizationId=d215a186-f84d-4c7c-b75a-3189969999c2","statusCode":200,"requestId":"a1309f46-8be5-4f55-aec9-a7d4132e436f"}

stdout | src/phase10-load.integration.test.ts > phase 10.2 performance and load qualification > records API load, realtime load, and DB query profiles against Phase 10 targets
{"level":"info","time":"2026-07-28T09:44:46.493Z","service":"api","msg":"request.completed","method":"GET","url":"/v1/properties?organizationId=d215a186-f84d-4c7c-b75a-3189969999c2","statusCode":200,"requestId":"b77f2dd6-b552-4ad3-9079-deccacc0e0b7"}

stdout | src/phase10-load.integration.test.ts > phase 10.2 performance and load qualification > records API load, realtime load, and DB query profiles against Phase 10 targets
{"level":"info","time":"2026-07-28T09:44:46.493Z","service":"api","msg":"request.completed","method":"GET","url":"/v1/properties?organizationId=d215a186-f84d-4c7c-b75a-3189969999c2","statusCode":200,"requestId":"79fea113-2781-4854-921b-abae008e02cf"}

stdout | src/phase10-load.integration.test.ts > phase 10.2 performance and load qualification > records API load, realtime load, and DB query profiles against Phase 10 targets
{"level":"info","time":"2026-07-28T09:44:46.493Z","service":"api","msg":"request.completed","method":"GET","url":"/v1/properties?organizationId=d215a186-f84d-4c7c-b75a-3189969999c2","statusCode":200,"requestId":"75eca388-9a03-4d79-9843-afcff60eeb0e"}

stdout | src/phase10-load.integration.test.ts > phase 10.2 performance and load qualification > records API load, realtime load, and DB query profiles against Phase 10 targets
{"level":"info","time":"2026-07-28T09:44:46.504Z","service":"api","msg":"request.completed","method":"GET","url":"/v1/admin/properties/3ab87d2a-0c78-4fac-aa15-515a733cc3ae/analytics?timezone=Asia/Ho_Chi_Minh","statusCode":200,"requestId":"b45acd04-8e15-495c-96f3-c15910b69796"}

stdout | src/phase10-load.integration.test.ts > phase 10.2 performance and load qualification > records API load, realtime load, and DB query profiles against Phase 10 targets
{"level":"info","time":"2026-07-28T09:44:46.508Z","service":"api","msg":"request.completed","method":"GET","url":"/v1/admin/properties/3ab87d2a-0c78-4fac-aa15-515a733cc3ae/analytics?timezone=Asia/Ho_Chi_Minh","statusCode":200,"requestId":"10537cf7-726c-42bb-a536-562cebb2f30f"}

stdout | src/phase10-load.integration.test.ts > phase 10.2 performance and load qualification > records API load, realtime load, and DB query profiles against Phase 10 targets
{"level":"info","time":"2026-07-28T09:44:46.510Z","service":"api","msg":"request.completed","method":"GET","url":"/v1/admin/properties/3ab87d2a-0c78-4fac-aa15-515a733cc3ae/analytics?timezone=Asia/Ho_Chi_Minh","statusCode":200,"requestId":"39deb8bc-ec54-42cf-9359-ae06034e963d"}

stdout | src/phase10-load.integration.test.ts > phase 10.2 performance and load qualification > records API load, realtime load, and DB query profiles against Phase 10 targets
{"level":"info","time":"2026-07-28T09:44:46.511Z","service":"api","msg":"request.completed","method":"GET","url":"/v1/admin/properties/3ab87d2a-0c78-4fac-aa15-515a733cc3ae/analytics?timezone=Asia/Ho_Chi_Minh","statusCode":200,"requestId":"611cb7d2-0eb9-4760-a647-f2046678be75"}

stdout | src/phase10-load.integration.test.ts > phase 10.2 performance and load qualification > records API load, realtime load, and DB query profiles against Phase 10 targets
{"level":"info","time":"2026-07-28T09:44:46.512Z","service":"api","msg":"request.completed","method":"GET","url":"/v1/admin/properties/3ab87d2a-0c78-4fac-aa15-515a733cc3ae/analytics?timezone=Asia/Ho_Chi_Minh","statusCode":200,"requestId":"5e2a4531-ed1d-4225-9fc9-380c9ae458fd"}

stdout | src/phase10-load.integration.test.ts > phase 10.2 performance and load qualification > records API load, realtime load, and DB query profiles against Phase 10 targets
{"level":"info","time":"2026-07-28T09:44:46.514Z","service":"api","msg":"request.completed","method":"GET","url":"/v1/admin/properties/3ab87d2a-0c78-4fac-aa15-515a733cc3ae/analytics?timezone=Asia/Ho_Chi_Minh","statusCode":200,"requestId":"fae7edad-8dd3-4660-985b-a9fe31a4b7ff"}

stdout | src/phase10-load.integration.test.ts > phase 10.2 performance and load qualification > records API load, realtime load, and DB query profiles against Phase 10 targets
{"level":"info","time":"2026-07-28T09:44:46.516Z","service":"api","msg":"request.completed","method":"GET","url":"/v1/admin/properties/3ab87d2a-0c78-4fac-aa15-515a733cc3ae/analytics?timezone=Asia/Ho_Chi_Minh","statusCode":200,"requestId":"c9e4315b-0598-443d-92fd-d85fb9aec174"}

stdout | src/phase10-load.integration.test.ts > phase 10.2 performance and load qualification > records API load, realtime load, and DB query profiles against Phase 10 targets
{"level":"info","time":"2026-07-28T09:44:46.517Z","service":"api","msg":"request.completed","method":"GET","url":"/v1/properties?organizationId=d215a186-f84d-4c7c-b75a-3189969999c2","statusCode":200,"requestId":"42990881-32d7-4c72-ba38-916ef0cc7630"}

stdout | src/phase10-load.integration.test.ts > phase 10.2 performance and load qualification > records API load, realtime load, and DB query profiles against Phase 10 targets
{"level":"info","time":"2026-07-28T09:44:46.518Z","service":"api","msg":"request.completed","method":"GET","url":"/v1/properties?organizationId=d215a186-f84d-4c7c-b75a-3189969999c2","statusCode":200,"requestId":"60b9f3e3-16c6-4eea-869f-2da76f0d17ce"}

stdout | src/phase10-load.integration.test.ts > phase 10.2 performance and load qualification > records API load, realtime load, and DB query profiles against Phase 10 targets
{"level":"info","time":"2026-07-28T09:44:46.518Z","service":"api","msg":"request.completed","method":"GET","url":"/v1/admin/properties/3ab87d2a-0c78-4fac-aa15-515a733cc3ae/analytics?timezone=Asia/Ho_Chi_Minh","statusCode":200,"requestId":"3008a903-0d7c-4b9c-a090-f975f7a01317"}

stdout | src/phase10-load.integration.test.ts > phase 10.2 performance and load qualification > records API load, realtime load, and DB query profiles against Phase 10 targets
{"level":"info","time":"2026-07-28T09:44:46.519Z","service":"api","msg":"request.completed","method":"GET","url":"/v1/properties?organizationId=d215a186-f84d-4c7c-b75a-3189969999c2","statusCode":200,"requestId":"ba8bdb67-e09f-4747-8e4c-58f8da398259"}

stdout | src/phase10-load.integration.test.ts > phase 10.2 performance and load qualification > records API load, realtime load, and DB query profiles against Phase 10 targets
{"level":"info","time":"2026-07-28T09:44:46.519Z","service":"api","msg":"request.completed","method":"GET","url":"/v1/properties?organizationId=d215a186-f84d-4c7c-b75a-3189969999c2","statusCode":200,"requestId":"be9a441d-a152-49aa-8e38-efe7895c033f"}

stdout | src/phase10-load.integration.test.ts > phase 10.2 performance and load qualification > records API load, realtime load, and DB query profiles against Phase 10 targets
{"level":"info","time":"2026-07-28T09:44:46.519Z","service":"api","msg":"request.completed","method":"GET","url":"/v1/properties?organizationId=d215a186-f84d-4c7c-b75a-3189969999c2","statusCode":200,"requestId":"8e8b1692-96ef-43c9-a867-7353c91dc738"}

stdout | src/phase10-load.integration.test.ts > phase 10.2 performance and load qualification > records API load, realtime load, and DB query profiles against Phase 10 targets
{"level":"info","time":"2026-07-28T09:44:46.535Z","service":"api","msg":"request.completed","method":"GET","url":"/v1/staff/work-items?propertyId=3ab87d2a-0c78-4fac-aa15-515a733cc3ae&queue=inbox","statusCode":200,"requestId":"c82b656a-e6e7-41aa-b041-05af633ae172"}

stdout | src/phase10-load.integration.test.ts > phase 10.2 performance and load qualification > records API load, realtime load, and DB query profiles against Phase 10 targets
{"level":"info","time":"2026-07-28T09:44:46.536Z","service":"api","msg":"request.completed","method":"GET","url":"/v1/staff/work-items?propertyId=3ab87d2a-0c78-4fac-aa15-515a733cc3ae&queue=inbox","statusCode":200,"requestId":"5053accd-2ff9-4d02-816f-1038b2ff53d5"}

stdout | src/phase10-load.integration.test.ts > phase 10.2 performance and load qualification > records API load, realtime load, and DB query profiles against Phase 10 targets
{"level":"info","time":"2026-07-28T09:44:46.537Z","service":"api","msg":"request.completed","method":"GET","url":"/v1/staff/work-items?propertyId=3ab87d2a-0c78-4fac-aa15-515a733cc3ae&queue=inbox","statusCode":200,"requestId":"5f867c63-9eec-40c9-8589-1cc15737d3ff"}

stdout | src/phase10-load.integration.test.ts > phase 10.2 performance and load qualification > records API load, realtime load, and DB query profiles against Phase 10 targets
{"level":"info","time":"2026-07-28T09:44:46.538Z","service":"api","msg":"request.completed","method":"GET","url":"/v1/staff/work-items?propertyId=3ab87d2a-0c78-4fac-aa15-515a733cc3ae&queue=inbox","statusCode":200,"requestId":"7dc99251-7470-493b-b671-71c7752c46d2"}

stdout | src/phase10-load.integration.test.ts > phase 10.2 performance and load qualification > records API load, realtime load, and DB query profiles against Phase 10 targets
{"level":"info","time":"2026-07-28T09:44:46.539Z","service":"api","msg":"request.completed","method":"GET","url":"/v1/staff/work-items?propertyId=3ab87d2a-0c78-4fac-aa15-515a733cc3ae&queue=inbox","statusCode":200,"requestId":"cbddd365-1367-4827-a310-11ef60a525ba"}

stdout | src/phase10-load.integration.test.ts > phase 10.2 performance and load qualification > records API load, realtime load, and DB query profiles against Phase 10 targets
{"level":"info","time":"2026-07-28T09:44:46.540Z","service":"api","msg":"request.completed","method":"GET","url":"/v1/staff/work-items?propertyId=3ab87d2a-0c78-4fac-aa15-515a733cc3ae&queue=inbox","statusCode":200,"requestId":"10ec52b6-0ee4-425c-9eb8-335525c1075a"}

stdout | src/phase10-load.integration.test.ts > phase 10.2 performance and load qualification > records API load, realtime load, and DB query profiles against Phase 10 targets
{"level":"info","time":"2026-07-28T09:44:46.543Z","service":"api","msg":"request.completed","method":"GET","url":"/v1/staff/work-items?propertyId=3ab87d2a-0c78-4fac-aa15-515a733cc3ae&queue=inbox","statusCode":200,"requestId":"40238c9d-2234-4f8b-8426-1db19c73c4e3"}

stdout | src/phase10-load.integration.test.ts > phase 10.2 performance and load qualification > records API load, realtime load, and DB query profiles against Phase 10 targets
{"level":"info","time":"2026-07-28T09:44:46.543Z","service":"api","msg":"request.completed","method":"GET","url":"/v1/guest/realtime/events?limit=20","statusCode":200,"requestId":"a0b3ea87-666b-49fb-a06e-fad5d64554ad"}

stdout | src/phase10-load.integration.test.ts > phase 10.2 performance and load qualification > records API load, realtime load, and DB query profiles against Phase 10 targets
{"level":"info","time":"2026-07-28T09:44:46.543Z","service":"api","msg":"request.completed","method":"GET","url":"/v1/guest/realtime/events?limit=20","statusCode":200,"requestId":"a4897c55-83b3-4ac2-bffc-ca110ea36e1c"}

stdout | src/phase10-load.integration.test.ts > phase 10.2 performance and load qualification > records API load, realtime load, and DB query profiles against Phase 10 targets
{"level":"info","time":"2026-07-28T09:44:46.544Z","service":"api","msg":"request.completed","method":"GET","url":"/v1/staff/work-items?propertyId=3ab87d2a-0c78-4fac-aa15-515a733cc3ae&queue=inbox","statusCode":200,"requestId":"b22cfbbd-33a0-4a14-b60e-9bf3e65815a1"}

stdout | src/phase10-load.integration.test.ts > phase 10.2 performance and load qualification > records API load, realtime load, and DB query profiles against Phase 10 targets
{"level":"info","time":"2026-07-28T09:44:46.545Z","service":"api","msg":"request.completed","method":"GET","url":"/v1/staff/work-items?propertyId=3ab87d2a-0c78-4fac-aa15-515a733cc3ae&queue=inbox","statusCode":200,"requestId":"a71a9b6a-cb0d-4154-893d-aaeab191ec0a"}

stdout | src/phase10-load.integration.test.ts > phase 10.2 performance and load qualification > records API load, realtime load, and DB query profiles against Phase 10 targets
{"level":"info","time":"2026-07-28T09:44:46.546Z","service":"api","msg":"request.completed","method":"GET","url":"/v1/staff/work-items?propertyId=3ab87d2a-0c78-4fac-aa15-515a733cc3ae&queue=inbox","statusCode":200,"requestId":"73095215-f318-40cc-b86e-218ceac79b16"}

stdout | src/phase10-load.integration.test.ts > phase 10.2 performance and load qualification > records API load, realtime load, and DB query profiles against Phase 10 targets
{"level":"info","time":"2026-07-28T09:44:46.546Z","service":"api","msg":"request.completed","method":"GET","url":"/v1/guest/realtime/events?limit=20","statusCode":200,"requestId":"0af5dc54-c4ef-461d-8829-5b36bc56f56e"}

stdout | src/phase10-load.integration.test.ts > phase 10.2 performance and load qualification > records API load, realtime load, and DB query profiles against Phase 10 targets
{"level":"info","time":"2026-07-28T09:44:46.546Z","service":"api","msg":"request.completed","method":"GET","url":"/v1/guest/realtime/events?limit=20","statusCode":200,"requestId":"4c9228e0-7600-4622-89cd-ad4560e3edd6"}

stdout | src/phase10-load.integration.test.ts > phase 10.2 performance and load qualification > records API load, realtime load, and DB query profiles against Phase 10 targets
{"level":"info","time":"2026-07-28T09:44:46.547Z","service":"api","msg":"request.completed","method":"GET","url":"/v1/guest/realtime/events?limit=20","statusCode":200,"requestId":"92a40a4f-bc50-415c-8c0d-7ccc26498b27"}

stdout | src/phase10-load.integration.test.ts > phase 10.2 performance and load qualification > records API load, realtime load, and DB query profiles against Phase 10 targets
{"level":"info","time":"2026-07-28T09:44:46.548Z","service":"api","msg":"request.completed","method":"GET","url":"/v1/guest/realtime/events?limit=20","statusCode":200,"requestId":"0f9eb674-1c0e-4c91-9e40-84ddfbf0ee8c"}

stdout | src/phase10-load.integration.test.ts > phase 10.2 performance and load qualification > records API load, realtime load, and DB query profiles against Phase 10 targets
{"level":"info","time":"2026-07-28T09:44:46.548Z","service":"api","msg":"request.completed","method":"GET","url":"/v1/staff/work-items?propertyId=3ab87d2a-0c78-4fac-aa15-515a733cc3ae&queue=inbox","statusCode":200,"requestId":"31702732-73fc-4f1a-9b6d-a7f7ca2f27ce"}

stdout | src/phase10-load.integration.test.ts > phase 10.2 performance and load qualification > records API load, realtime load, and DB query profiles against Phase 10 targets
{"level":"info","time":"2026-07-28T09:44:46.549Z","service":"api","msg":"request.completed","method":"GET","url":"/v1/guest/realtime/events?limit=20","statusCode":200,"requestId":"2de9343b-5845-4716-94f0-072c05900901"}

stdout | src/phase10-load.integration.test.ts > phase 10.2 performance and load qualification > records API load, realtime load, and DB query profiles against Phase 10 targets
{"level":"info","time":"2026-07-28T09:44:46.549Z","service":"api","msg":"request.completed","method":"GET","url":"/v1/guest/realtime/events?limit=20","statusCode":200,"requestId":"76f07053-9f88-44af-b655-083475eea927"}

stdout | src/phase10-load.integration.test.ts > phase 10.2 performance and load qualification > records API load, realtime load, and DB query profiles against Phase 10 targets
{"level":"info","time":"2026-07-28T09:44:46.550Z","service":"api","msg":"request.completed","method":"GET","url":"/v1/staff/work-items?propertyId=3ab87d2a-0c78-4fac-aa15-515a733cc3ae&queue=inbox","statusCode":200,"requestId":"da875701-622a-48b1-96c9-63bd29020898"}

stdout | src/phase10-load.integration.test.ts > phase 10.2 performance and load qualification > records API load, realtime load, and DB query profiles against Phase 10 targets
{"level":"info","time":"2026-07-28T09:44:46.551Z","service":"api","msg":"request.completed","method":"GET","url":"/v1/guest/realtime/events?limit=20","statusCode":200,"requestId":"4bd627a5-d91a-4248-8e7b-45f4077fd9db"}

stdout | src/phase10-load.integration.test.ts > phase 10.2 performance and load qualification > records API load, realtime load, and DB query profiles against Phase 10 targets
{"level":"info","time":"2026-07-28T09:44:46.551Z","service":"api","msg":"request.completed","method":"GET","url":"/v1/guest/realtime/events?limit=20","statusCode":200,"requestId":"5078d5a7-fe05-4118-a1ec-9a74d02bbcdc"}

stdout | src/phase10-load.integration.test.ts > phase 10.2 performance and load qualification > records API load, realtime load, and DB query profiles against Phase 10 targets
{"level":"info","time":"2026-07-28T09:44:46.553Z","service":"api","msg":"request.completed","method":"GET","url":"/v1/properties?organizationId=d215a186-f84d-4c7c-b75a-3189969999c2","statusCode":200,"requestId":"bf71ad9f-4131-478a-9b71-2fd566ddf6bc"}

stdout | src/phase10-load.integration.test.ts > phase 10.2 performance and load qualification > records API load, realtime load, and DB query profiles against Phase 10 targets
{"level":"info","time":"2026-07-28T09:44:46.555Z","service":"api","msg":"request.completed","method":"GET","url":"/v1/properties?organizationId=d215a186-f84d-4c7c-b75a-3189969999c2","statusCode":200,"requestId":"f1b66c00-c61e-4914-98ca-e45ef43e2d97"}

stdout | src/phase10-load.integration.test.ts > phase 10.2 performance and load qualification > records API load, realtime load, and DB query profiles against Phase 10 targets
{"level":"info","time":"2026-07-28T09:44:46.555Z","service":"api","msg":"request.completed","method":"GET","url":"/v1/properties?organizationId=d215a186-f84d-4c7c-b75a-3189969999c2","statusCode":200,"requestId":"40be7cca-7142-48c4-a990-91b4a83f8640"}

stdout | src/phase10-load.integration.test.ts > phase 10.2 performance and load qualification > records API load, realtime load, and DB query profiles against Phase 10 targets
{"level":"info","time":"2026-07-28T09:44:46.557Z","service":"api","msg":"request.completed","method":"GET","url":"/v1/properties?organizationId=d215a186-f84d-4c7c-b75a-3189969999c2","statusCode":200,"requestId":"50a3b6e4-ce11-4d3c-a49b-9e3cb61d0664"}

stdout | src/phase10-load.integration.test.ts > phase 10.2 performance and load qualification > records API load, realtime load, and DB query profiles against Phase 10 targets
{"level":"info","time":"2026-07-28T09:44:46.558Z","service":"api","msg":"request.completed","method":"GET","url":"/v1/properties?organizationId=d215a186-f84d-4c7c-b75a-3189969999c2","statusCode":200,"requestId":"b0c4112c-3c23-4e28-b3aa-c61f204211e6"}

stdout | src/phase10-load.integration.test.ts > phase 10.2 performance and load qualification > records API load, realtime load, and DB query profiles against Phase 10 targets
{"level":"info","time":"2026-07-28T09:44:46.558Z","service":"api","msg":"request.completed","method":"GET","url":"/v1/properties?organizationId=d215a186-f84d-4c7c-b75a-3189969999c2","statusCode":200,"requestId":"5cdc0458-9a35-43a1-9b2c-949bae1ca9cd"}

stdout | src/phase10-load.integration.test.ts > phase 10.2 performance and load qualification > records API load, realtime load, and DB query profiles against Phase 10 targets
{"level":"info","time":"2026-07-28T09:44:46.559Z","service":"api","msg":"request.completed","method":"GET","url":"/v1/properties?organizationId=d215a186-f84d-4c7c-b75a-3189969999c2","statusCode":200,"requestId":"5af084ea-1f1d-4d88-a495-1d8f87c2fe82"}

stdout | src/phase10-load.integration.test.ts > phase 10.2 performance and load qualification > records API load, realtime load, and DB query profiles against Phase 10 targets
{"level":"info","time":"2026-07-28T09:44:46.562Z","service":"api","msg":"request.completed","method":"GET","url":"/v1/properties?organizationId=d215a186-f84d-4c7c-b75a-3189969999c2","statusCode":200,"requestId":"dbcc9f92-8853-4913-b18a-f437d83fa774"}

stdout | src/phase10-load.integration.test.ts > phase 10.2 performance and load qualification > records API load, realtime load, and DB query profiles against Phase 10 targets
{"level":"info","time":"2026-07-28T09:44:46.563Z","service":"api","msg":"request.completed","method":"GET","url":"/v1/properties?organizationId=d215a186-f84d-4c7c-b75a-3189969999c2","statusCode":200,"requestId":"11b1c6a1-e754-4bff-8fb6-4ecb24ee5852"}

stdout | src/phase10-load.integration.test.ts > phase 10.2 performance and load qualification > records API load, realtime load, and DB query profiles against Phase 10 targets
{"level":"info","time":"2026-07-28T09:44:46.564Z","service":"api","msg":"request.completed","method":"GET","url":"/v1/properties?organizationId=d215a186-f84d-4c7c-b75a-3189969999c2","statusCode":200,"requestId":"497db56d-01d0-4892-9baa-171e66e86dd9"}

stdout | src/phase10-load.integration.test.ts > phase 10.2 performance and load qualification > records API load, realtime load, and DB query profiles against Phase 10 targets
{"level":"info","time":"2026-07-28T09:44:46.564Z","service":"api","msg":"request.completed","method":"GET","url":"/v1/properties?organizationId=d215a186-f84d-4c7c-b75a-3189969999c2","statusCode":200,"requestId":"81dfb47f-1c8b-4060-ade7-e269a5fac24b"}

stdout | src/phase10-load.integration.test.ts > phase 10.2 performance and load qualification > records API load, realtime load, and DB query profiles against Phase 10 targets
{"level":"info","time":"2026-07-28T09:44:46.564Z","service":"api","msg":"request.completed","method":"GET","url":"/v1/properties?organizationId=d215a186-f84d-4c7c-b75a-3189969999c2","statusCode":200,"requestId":"6933e255-7c3b-4ee5-ab8e-9cc67b741a2e"}

stdout | src/phase10-load.integration.test.ts > phase 10.2 performance and load qualification > records API load, realtime load, and DB query profiles against Phase 10 targets
{"level":"info","time":"2026-07-28T09:44:46.567Z","service":"api","msg":"request.completed","method":"GET","url":"/v1/admin/properties/3ab87d2a-0c78-4fac-aa15-515a733cc3ae/analytics?timezone=Asia/Ho_Chi_Minh","statusCode":200,"requestId":"f2165462-0748-422e-8408-79ef94fafee1"}

stdout | src/phase10-load.integration.test.ts > phase 10.2 performance and load qualification > records API load, realtime load, and DB query profiles against Phase 10 targets
{"level":"info","time":"2026-07-28T09:44:46.568Z","service":"api","msg":"request.completed","method":"GET","url":"/v1/admin/properties/3ab87d2a-0c78-4fac-aa15-515a733cc3ae/analytics?timezone=Asia/Ho_Chi_Minh","statusCode":200,"requestId":"36ca9053-9436-4a41-bc16-bb5c5d0867eb"}

stdout | src/phase10-load.integration.test.ts > phase 10.2 performance and load qualification > records API load, realtime load, and DB query profiles against Phase 10 targets
{"level":"info","time":"2026-07-28T09:44:46.569Z","service":"api","msg":"request.completed","method":"GET","url":"/v1/admin/properties/3ab87d2a-0c78-4fac-aa15-515a733cc3ae/analytics?timezone=Asia/Ho_Chi_Minh","statusCode":200,"requestId":"551f6336-1108-4154-8097-729a3966760d"}

stdout | src/phase10-load.integration.test.ts > phase 10.2 performance and load qualification > records API load, realtime load, and DB query profiles against Phase 10 targets
{"level":"info","time":"2026-07-28T09:44:46.571Z","service":"api","msg":"request.completed","method":"GET","url":"/v1/admin/properties/3ab87d2a-0c78-4fac-aa15-515a733cc3ae/analytics?timezone=Asia/Ho_Chi_Minh","statusCode":200,"requestId":"0cddacf9-df76-49ab-b588-a1aefbcc57c4"}

stdout | src/phase10-load.integration.test.ts > phase 10.2 performance and load qualification > records API load, realtime load, and DB query profiles against Phase 10 targets
{"level":"info","time":"2026-07-28T09:44:46.571Z","service":"api","msg":"request.completed","method":"GET","url":"/v1/admin/properties/3ab87d2a-0c78-4fac-aa15-515a733cc3ae/analytics?timezone=Asia/Ho_Chi_Minh","statusCode":200,"requestId":"c5b90bba-8ad6-428f-bda9-5ce248caf4d0"}

stdout | src/phase10-load.integration.test.ts > phase 10.2 performance and load qualification > records API load, realtime load, and DB query profiles against Phase 10 targets
{"level":"info","time":"2026-07-28T09:44:46.573Z","service":"api","msg":"request.completed","method":"GET","url":"/v1/admin/properties/3ab87d2a-0c78-4fac-aa15-515a733cc3ae/analytics?timezone=Asia/Ho_Chi_Minh","statusCode":200,"requestId":"d7a29ef3-a8a2-4b00-a2de-abd4deb2689a"}

stdout | src/phase10-load.integration.test.ts > phase 10.2 performance and load qualification > records API load, realtime load, and DB query profiles against Phase 10 targets
{"level":"info","time":"2026-07-28T09:44:46.575Z","service":"api","msg":"request.completed","method":"GET","url":"/v1/admin/properties/3ab87d2a-0c78-4fac-aa15-515a733cc3ae/analytics?timezone=Asia/Ho_Chi_Minh","statusCode":200,"requestId":"d25112e7-ab59-411b-a74e-c0f3490055ff"}

stdout | src/phase10-load.integration.test.ts > phase 10.2 performance and load qualification > records API load, realtime load, and DB query profiles against Phase 10 targets
{"level":"info","time":"2026-07-28T09:44:46.576Z","service":"api","msg":"request.completed","method":"GET","url":"/v1/admin/properties/3ab87d2a-0c78-4fac-aa15-515a733cc3ae/analytics?timezone=Asia/Ho_Chi_Minh","statusCode":200,"requestId":"31f6f291-29cd-4a0d-b0b9-2cd0c768ae07"}

stdout | src/phase10-load.integration.test.ts > phase 10.2 performance and load qualification > records API load, realtime load, and DB query profiles against Phase 10 targets
{"level":"info","time":"2026-07-28T09:44:46.577Z","service":"api","msg":"request.completed","method":"GET","url":"/v1/guest/realtime/events?limit=20","statusCode":200,"requestId":"a0222280-a89d-40ec-beab-933128c991fa"}

stdout | src/phase10-load.integration.test.ts > phase 10.2 performance and load qualification > records API load, realtime load, and DB query profiles against Phase 10 targets
{"level":"info","time":"2026-07-28T09:44:46.578Z","service":"api","msg":"request.completed","method":"GET","url":"/v1/guest/realtime/events?limit=20","statusCode":200,"requestId":"7d6730f5-4a73-4d50-acf0-6dcddb580f6e"}

stdout | src/phase10-load.integration.test.ts > phase 10.2 performance and load qualification > records API load, realtime load, and DB query profiles against Phase 10 targets
{"level":"info","time":"2026-07-28T09:44:46.578Z","service":"api","msg":"request.completed","method":"GET","url":"/v1/guest/realtime/events?limit=20","statusCode":200,"requestId":"95faed29-f56b-4a15-9ace-cb30edee1239"}

stdout | src/phase10-load.integration.test.ts > phase 10.2 performance and load qualification > records API load, realtime load, and DB query profiles against Phase 10 targets
{"level":"info","time":"2026-07-28T09:44:46.578Z","service":"api","msg":"request.completed","method":"GET","url":"/v1/guest/realtime/events?limit=20","statusCode":200,"requestId":"210b3274-6114-4a69-b597-cad84cf44bbf"}

stdout | src/phase10-load.integration.test.ts > phase 10.2 performance and load qualification > records API load, realtime load, and DB query profiles against Phase 10 targets
{"level":"info","time":"2026-07-28T09:44:46.579Z","service":"api","msg":"request.completed","method":"GET","url":"/v1/guest/realtime/events?limit=20","statusCode":200,"requestId":"de5e9090-ecbc-4a5a-b4eb-c36719b78862"}

stdout | src/phase10-load.integration.test.ts > phase 10.2 performance and load qualification > records API load, realtime load, and DB query profiles against Phase 10 targets
{"level":"info","time":"2026-07-28T09:44:46.579Z","service":"api","msg":"request.completed","method":"GET","url":"/v1/guest/realtime/events?limit=20","statusCode":200,"requestId":"32c29ece-d154-4f06-8149-00c74438b7a8"}

stdout | src/phase10-load.integration.test.ts > phase 10.2 performance and load qualification > records API load, realtime load, and DB query profiles against Phase 10 targets
{"level":"info","time":"2026-07-28T09:44:46.581Z","service":"api","msg":"request.completed","method":"GET","url":"/v1/guest/realtime/events?limit=20","statusCode":200,"requestId":"9af9aa40-569b-493b-bbc8-2805ef8950e9"}

stdout | src/phase10-load.integration.test.ts > phase 10.2 performance and load qualification > records API load, realtime load, and DB query profiles against Phase 10 targets
{"level":"info","time":"2026-07-28T09:44:46.581Z","service":"api","msg":"request.completed","method":"GET","url":"/v1/guest/realtime/events?limit=20","statusCode":200,"requestId":"f4e37d10-b0dd-4d80-b65d-d79b37e1433b"}

stdout | src/phase10-load.integration.test.ts > phase 10.2 performance and load qualification > records API load, realtime load, and DB query profiles against Phase 10 targets
{"level":"info","time":"2026-07-28T09:44:46.581Z","service":"api","msg":"request.completed","method":"GET","url":"/v1/guest/realtime/events?limit=20","statusCode":200,"requestId":"e7be9bea-cf5a-4068-83d5-3e3833e8a1f1"}

stdout | src/phase10-load.integration.test.ts > phase 10.2 performance and load qualification > records API load, realtime load, and DB query profiles against Phase 10 targets
{"level":"info","time":"2026-07-28T09:44:46.582Z","service":"api","msg":"request.completed","method":"GET","url":"/v1/guest/realtime/events?limit=20","statusCode":200,"requestId":"45de1ca3-9188-4e6d-a22a-5ea6d572b16a"}

stdout | src/phase10-load.integration.test.ts > phase 10.2 performance and load qualification > records API load, realtime load, and DB query profiles against Phase 10 targets
{"level":"info","time":"2026-07-28T09:44:46.587Z","service":"api","msg":"request.completed","method":"GET","url":"/v1/properties?organizationId=d215a186-f84d-4c7c-b75a-3189969999c2","statusCode":200,"requestId":"5e0e4c75-17e1-47de-9891-41c30b5e807a"}

stdout | src/phase10-load.integration.test.ts > phase 10.2 performance and load qualification > records API load, realtime load, and DB query profiles against Phase 10 targets
{"level":"info","time":"2026-07-28T09:44:46.588Z","service":"api","msg":"request.completed","method":"GET","url":"/v1/properties?organizationId=d215a186-f84d-4c7c-b75a-3189969999c2","statusCode":200,"requestId":"e24b94fc-31b2-4c3f-8d11-f16412a2a715"}

stdout | src/phase10-load.integration.test.ts > phase 10.2 performance and load qualification > records API load, realtime load, and DB query profiles against Phase 10 targets
{"level":"info","time":"2026-07-28T09:44:46.590Z","service":"api","msg":"request.completed","method":"GET","url":"/v1/properties?organizationId=d215a186-f84d-4c7c-b75a-3189969999c2","statusCode":200,"requestId":"dd1a9ae6-a735-4de2-afcc-9246707006a2"}

stdout | src/phase10-load.integration.test.ts > phase 10.2 performance and load qualification > records API load, realtime load, and DB query profiles against Phase 10 targets
{"level":"info","time":"2026-07-28T09:44:46.608Z","service":"api","msg":"request.completed","method":"GET","url":"/v1/properties?organizationId=d215a186-f84d-4c7c-b75a-3189969999c2","statusCode":200,"requestId":"d01a751a-b71a-4304-8e9a-f65209094fb8"}

stdout | src/phase10-load.integration.test.ts > phase 10.2 performance and load qualification > records API load, realtime load, and DB query profiles against Phase 10 targets
{"level":"info","time":"2026-07-28T09:44:46.609Z","service":"api","msg":"request.completed","method":"GET","url":"/v1/properties?organizationId=d215a186-f84d-4c7c-b75a-3189969999c2","statusCode":200,"requestId":"7e47f3f2-dad9-4cf8-8e79-3561bddfdbd6"}

stdout | src/phase10-load.integration.test.ts > phase 10.2 performance and load qualification > records API load, realtime load, and DB query profiles against Phase 10 targets
{"level":"info","time":"2026-07-28T09:44:46.609Z","service":"api","msg":"request.completed","method":"GET","url":"/v1/properties?organizationId=d215a186-f84d-4c7c-b75a-3189969999c2","statusCode":200,"requestId":"f2a933f3-32ea-4e62-a482-42a035f5c72b"}

stdout | src/phase10-load.integration.test.ts > phase 10.2 performance and load qualification > records API load, realtime load, and DB query profiles against Phase 10 targets
{"level":"info","time":"2026-07-28T09:44:46.612Z","service":"api","msg":"request.completed","method":"GET","url":"/v1/properties?organizationId=d215a186-f84d-4c7c-b75a-3189969999c2","statusCode":200,"requestId":"62c1240c-af32-4e21-9536-a467795c3211"}

stdout | src/phase10-load.integration.test.ts > phase 10.2 performance and load qualification > records API load, realtime load, and DB query profiles against Phase 10 targets
{"level":"info","time":"2026-07-28T09:44:46.616Z","service":"api","msg":"request.completed","method":"GET","url":"/v1/properties?organizationId=d215a186-f84d-4c7c-b75a-3189969999c2","statusCode":200,"requestId":"ee933722-8f9a-46ba-9b8b-1b7884801d79"}

stdout | src/phase10-load.integration.test.ts > phase 10.2 performance and load qualification > records API load, realtime load, and DB query profiles against Phase 10 targets
{"level":"info","time":"2026-07-28T09:44:46.617Z","service":"api","msg":"request.completed","method":"GET","url":"/v1/properties?organizationId=d215a186-f84d-4c7c-b75a-3189969999c2","statusCode":200,"requestId":"454c796c-652f-4026-80af-f9ae96cb0986"}

stdout | src/phase10-load.integration.test.ts > phase 10.2 performance and load qualification > records API load, realtime load, and DB query profiles against Phase 10 targets
{"level":"info","time":"2026-07-28T09:44:46.618Z","service":"api","msg":"request.completed","method":"GET","url":"/v1/staff/work-items?propertyId=3ab87d2a-0c78-4fac-aa15-515a733cc3ae&queue=inbox","statusCode":200,"requestId":"533d0361-31a9-449e-a39a-c0b91c4ef084"}

stdout | src/phase10-load.integration.test.ts > phase 10.2 performance and load qualification > records API load, realtime load, and DB query profiles against Phase 10 targets
{"level":"info","time":"2026-07-28T09:44:46.618Z","service":"api","msg":"request.completed","method":"GET","url":"/v1/staff/work-items?propertyId=3ab87d2a-0c78-4fac-aa15-515a733cc3ae&queue=inbox","statusCode":200,"requestId":"0aea15b6-7cd3-4ed6-992a-37f4efe577f1"}

stdout | src/phase10-load.integration.test.ts > phase 10.2 performance and load qualification > records API load, realtime load, and DB query profiles against Phase 10 targets
{"level":"info","time":"2026-07-28T09:44:46.619Z","service":"api","msg":"request.completed","method":"GET","url":"/v1/staff/work-items?propertyId=3ab87d2a-0c78-4fac-aa15-515a733cc3ae&queue=inbox","statusCode":200,"requestId":"1285d325-83da-4923-a1a9-b62648127dd3"}

stdout | src/phase10-load.integration.test.ts > phase 10.2 performance and load qualification > records API load, realtime load, and DB query profiles against Phase 10 targets
{"level":"info","time":"2026-07-28T09:44:46.620Z","service":"api","msg":"request.completed","method":"GET","url":"/v1/staff/work-items?propertyId=3ab87d2a-0c78-4fac-aa15-515a733cc3ae&queue=inbox","statusCode":200,"requestId":"538cfe76-41f1-4810-af02-28afebe10aa2"}

stdout | src/phase10-load.integration.test.ts > phase 10.2 performance and load qualification > records API load, realtime load, and DB query profiles against Phase 10 targets
{"level":"info","time":"2026-07-28T09:44:46.621Z","service":"api","msg":"request.completed","method":"GET","url":"/v1/properties?organizationId=d215a186-f84d-4c7c-b75a-3189969999c2","statusCode":200,"requestId":"c29a46eb-16d1-4c7c-b205-10c9d8d6df14"}

stdout | src/phase10-load.integration.test.ts > phase 10.2 performance and load qualification > records API load, realtime load, and DB query profiles against Phase 10 targets
{"level":"info","time":"2026-07-28T09:44:46.622Z","service":"api","msg":"request.completed","method":"GET","url":"/v1/staff/work-items?propertyId=3ab87d2a-0c78-4fac-aa15-515a733cc3ae&queue=inbox","statusCode":200,"requestId":"4151c012-d11d-4303-8205-a32972fe871b"}

stdout | src/phase10-load.integration.test.ts > phase 10.2 performance and load qualification > records API load, realtime load, and DB query profiles against Phase 10 targets
{"level":"info","time":"2026-07-28T09:44:46.625Z","service":"api","msg":"request.completed","method":"GET","url":"/v1/staff/work-items?propertyId=3ab87d2a-0c78-4fac-aa15-515a733cc3ae&queue=inbox","statusCode":200,"requestId":"4a2cbd7e-b1b7-457f-b5a4-3fa69a283569"}

stdout | src/phase10-load.integration.test.ts > phase 10.2 performance and load qualification > records API load, realtime load, and DB query profiles against Phase 10 targets
{"level":"info","time":"2026-07-28T09:44:46.625Z","service":"api","msg":"request.completed","method":"GET","url":"/v1/properties?organizationId=d215a186-f84d-4c7c-b75a-3189969999c2","statusCode":200,"requestId":"3cd0922d-999e-4413-8949-33a1013af744"}

stdout | src/phase10-load.integration.test.ts > phase 10.2 performance and load qualification > records API load, realtime load, and DB query profiles against Phase 10 targets
{"level":"info","time":"2026-07-28T09:44:46.628Z","service":"api","msg":"request.completed","method":"GET","url":"/v1/staff/work-items?propertyId=3ab87d2a-0c78-4fac-aa15-515a733cc3ae&queue=inbox","statusCode":200,"requestId":"e7c90acd-bbc1-4569-b22b-eac2d3be90d9"}

stdout | src/phase10-load.integration.test.ts > phase 10.2 performance and load qualification > records API load, realtime load, and DB query profiles against Phase 10 targets
{"level":"info","time":"2026-07-28T09:44:46.629Z","service":"api","msg":"request.completed","method":"GET","url":"/v1/properties?organizationId=d215a186-f84d-4c7c-b75a-3189969999c2","statusCode":200,"requestId":"4ce04d5b-c884-466e-b992-587aaadc1c0d"}

stdout | src/phase10-load.integration.test.ts > phase 10.2 performance and load qualification > records API load, realtime load, and DB query profiles against Phase 10 targets
{"level":"info","time":"2026-07-28T09:44:46.629Z","service":"api","msg":"request.completed","method":"GET","url":"/v1/guest/realtime/events?limit=20","statusCode":200,"requestId":"1670124c-5316-49aa-abba-5f6af42e4b7e"}

stdout | src/phase10-load.integration.test.ts > phase 10.2 performance and load qualification > records API load, realtime load, and DB query profiles against Phase 10 targets
{"level":"info","time":"2026-07-28T09:44:46.630Z","service":"api","msg":"request.completed","method":"GET","url":"/v1/staff/work-items?propertyId=3ab87d2a-0c78-4fac-aa15-515a733cc3ae&queue=inbox","statusCode":200,"requestId":"660bbe80-806c-4b23-b0b8-b6a5d606a879"}

stdout | src/phase10-load.integration.test.ts > phase 10.2 performance and load qualification > records API load, realtime load, and DB query profiles against Phase 10 targets
{"level":"info","time":"2026-07-28T09:44:46.631Z","service":"api","msg":"request.completed","method":"GET","url":"/v1/guest/realtime/events?limit=20","statusCode":200,"requestId":"97d0e788-08d3-41c2-8f80-b4758cd08f99"}

stdout | src/phase10-load.integration.test.ts > phase 10.2 performance and load qualification > records API load, realtime load, and DB query profiles against Phase 10 targets
{"level":"info","time":"2026-07-28T09:44:46.631Z","service":"api","msg":"request.completed","method":"GET","url":"/v1/guest/realtime/events?limit=20","statusCode":200,"requestId":"78f00c7b-3933-432e-a486-0e2e08dd11ea"}

stdout | src/phase10-load.integration.test.ts > phase 10.2 performance and load qualification > records API load, realtime load, and DB query profiles against Phase 10 targets
{"level":"info","time":"2026-07-28T09:44:46.631Z","service":"api","msg":"request.completed","method":"GET","url":"/v1/guest/realtime/events?limit=20","statusCode":200,"requestId":"8fa88942-3c9c-4fa9-9e7e-e8a032c0d8e7"}

stdout | src/phase10-load.integration.test.ts > phase 10.2 performance and load qualification > records API load, realtime load, and DB query profiles against Phase 10 targets
{"level":"info","time":"2026-07-28T09:44:46.632Z","service":"api","msg":"request.completed","method":"GET","url":"/v1/staff/work-items?propertyId=3ab87d2a-0c78-4fac-aa15-515a733cc3ae&queue=inbox","statusCode":200,"requestId":"9aff6af7-ab61-4756-9d1c-1bd12763f1e5"}

stdout | src/phase10-load.integration.test.ts > phase 10.2 performance and load qualification > records API load, realtime load, and DB query profiles against Phase 10 targets
{"level":"info","time":"2026-07-28T09:44:46.632Z","service":"api","msg":"request.completed","method":"GET","url":"/v1/guest/realtime/events?limit=20","statusCode":200,"requestId":"67a7ca32-3cab-4105-8429-ede29e53824c"}

stdout | src/phase10-load.integration.test.ts > phase 10.2 performance and load qualification > records API load, realtime load, and DB query profiles against Phase 10 targets
{"level":"info","time":"2026-07-28T09:44:46.633Z","service":"api","msg":"request.completed","method":"GET","url":"/v1/guest/realtime/events?limit=20","statusCode":200,"requestId":"e3774930-c696-44ac-82af-592e3381ff0c"}

stdout | src/phase10-load.integration.test.ts > phase 10.2 performance and load qualification > records API load, realtime load, and DB query profiles against Phase 10 targets
{"level":"info","time":"2026-07-28T09:44:46.633Z","service":"api","msg":"request.completed","method":"GET","url":"/v1/guest/realtime/events?limit=20","statusCode":200,"requestId":"f6c080a9-c6a4-43ba-a6b3-f2aa83617708"}

stdout | src/phase10-load.integration.test.ts > phase 10.2 performance and load qualification > records API load, realtime load, and DB query profiles against Phase 10 targets
{"level":"info","time":"2026-07-28T09:44:46.634Z","service":"api","msg":"request.completed","method":"GET","url":"/v1/guest/realtime/events?limit=20","statusCode":200,"requestId":"47be3fb3-2c3f-4f77-ac5a-d63e11b7a60f"}

stdout | src/phase10-load.integration.test.ts > phase 10.2 performance and load qualification > records API load, realtime load, and DB query profiles against Phase 10 targets
{"level":"info","time":"2026-07-28T09:44:46.634Z","service":"api","msg":"request.completed","method":"GET","url":"/v1/guest/realtime/events?limit=20","statusCode":200,"requestId":"e7db1537-3918-4839-9329-84b676e450a9"}

stdout | src/phase10-load.integration.test.ts > phase 10.2 performance and load qualification > records API load, realtime load, and DB query profiles against Phase 10 targets
{"level":"info","time":"2026-07-28T09:44:46.635Z","service":"api","msg":"request.completed","method":"GET","url":"/v1/staff/work-items?propertyId=3ab87d2a-0c78-4fac-aa15-515a733cc3ae&queue=inbox","statusCode":200,"requestId":"7e786962-6a24-499b-8f3e-923b860d1296"}

stdout | src/phase10-load.integration.test.ts > phase 10.2 performance and load qualification > records API load, realtime load, and DB query profiles against Phase 10 targets
{"level":"info","time":"2026-07-28T09:44:46.636Z","service":"api","msg":"request.completed","method":"GET","url":"/v1/staff/work-items?propertyId=3ab87d2a-0c78-4fac-aa15-515a733cc3ae&queue=inbox","statusCode":200,"requestId":"355d6775-e647-48a2-9485-8a48c38cda37"}

stdout | src/phase10-load.integration.test.ts > phase 10.2 performance and load qualification > records API load, realtime load, and DB query profiles against Phase 10 targets
{"level":"info","time":"2026-07-28T09:44:46.636Z","service":"api","msg":"request.completed","method":"GET","url":"/v1/guest/realtime/events?limit=20","statusCode":200,"requestId":"99ee742f-3efe-4fba-9d8b-5bb62c5e6b54"}

stdout | src/phase10-load.integration.test.ts > phase 10.2 performance and load qualification > records API load, realtime load, and DB query profiles against Phase 10 targets
{"level":"info","time":"2026-07-28T09:44:46.637Z","service":"api","msg":"request.completed","method":"GET","url":"/v1/staff/work-items?propertyId=3ab87d2a-0c78-4fac-aa15-515a733cc3ae&queue=inbox","statusCode":200,"requestId":"11fd616a-b63a-4ca5-ab06-6829e0420264"}

stdout | src/phase10-load.integration.test.ts > phase 10.2 performance and load qualification > records API load, realtime load, and DB query profiles against Phase 10 targets
{"level":"info","time":"2026-07-28T09:44:46.641Z","service":"api","msg":"request.completed","method":"GET","url":"/v1/admin/properties/3ab87d2a-0c78-4fac-aa15-515a733cc3ae/analytics?timezone=Asia/Ho_Chi_Minh","statusCode":200,"requestId":"e8270fe9-35f1-4e5e-993d-3e4fbeef50cb"}

stdout | src/phase10-load.integration.test.ts > phase 10.2 performance and load qualification > records API load, realtime load, and DB query profiles against Phase 10 targets
{"level":"info","time":"2026-07-28T09:44:46.643Z","service":"api","msg":"request.completed","method":"GET","url":"/v1/admin/properties/3ab87d2a-0c78-4fac-aa15-515a733cc3ae/analytics?timezone=Asia/Ho_Chi_Minh","statusCode":200,"requestId":"5d201258-8b5b-4820-bda9-512fcf2a5eb9"}

stdout | src/phase10-load.integration.test.ts > phase 10.2 performance and load qualification > records API load, realtime load, and DB query profiles against Phase 10 targets
{"level":"info","time":"2026-07-28T09:44:46.644Z","service":"api","msg":"request.completed","method":"GET","url":"/v1/admin/properties/3ab87d2a-0c78-4fac-aa15-515a733cc3ae/analytics?timezone=Asia/Ho_Chi_Minh","statusCode":200,"requestId":"fa6c57ea-1ee7-491e-8fd7-fc5de9dfa270"}

stdout | src/phase10-load.integration.test.ts > phase 10.2 performance and load qualification > records API load, realtime load, and DB query profiles against Phase 10 targets
{"level":"info","time":"2026-07-28T09:44:46.645Z","service":"api","msg":"request.completed","method":"GET","url":"/v1/admin/properties/3ab87d2a-0c78-4fac-aa15-515a733cc3ae/analytics?timezone=Asia/Ho_Chi_Minh","statusCode":200,"requestId":"aadac207-3790-4bf6-add2-92de3ec95b15"}

stdout | src/phase10-load.integration.test.ts > phase 10.2 performance and load qualification > records API load, realtime load, and DB query profiles against Phase 10 targets
{"level":"info","time":"2026-07-28T09:44:46.646Z","service":"api","msg":"request.completed","method":"GET","url":"/v1/admin/properties/3ab87d2a-0c78-4fac-aa15-515a733cc3ae/analytics?timezone=Asia/Ho_Chi_Minh","statusCode":200,"requestId":"eddbc24b-b537-43a9-ba34-0c94823efb1d"}

stdout | src/phase10-load.integration.test.ts > phase 10.2 performance and load qualification > records API load, realtime load, and DB query profiles against Phase 10 targets
{"level":"info","time":"2026-07-28T09:44:46.647Z","service":"api","msg":"request.completed","method":"GET","url":"/v1/admin/properties/3ab87d2a-0c78-4fac-aa15-515a733cc3ae/analytics?timezone=Asia/Ho_Chi_Minh","statusCode":200,"requestId":"831f093e-a248-43fe-81d5-d52fb4f85ca5"}

stdout | src/phase10-load.integration.test.ts > phase 10.2 performance and load qualification > records API load, realtime load, and DB query profiles against Phase 10 targets
{"level":"info","time":"2026-07-28T09:44:46.649Z","service":"api","msg":"request.completed","method":"GET","url":"/v1/admin/properties/3ab87d2a-0c78-4fac-aa15-515a733cc3ae/analytics?timezone=Asia/Ho_Chi_Minh","statusCode":200,"requestId":"df39ffef-e235-4c29-8d00-d1dd1b08fba4"}

stdout | src/phase10-load.integration.test.ts > phase 10.2 performance and load qualification > records API load, realtime load, and DB query profiles against Phase 10 targets
{"level":"info","time":"2026-07-28T09:44:46.650Z","service":"api","msg":"request.completed","method":"GET","url":"/v1/admin/properties/3ab87d2a-0c78-4fac-aa15-515a733cc3ae/analytics?timezone=Asia/Ho_Chi_Minh","statusCode":200,"requestId":"69ea8413-31fc-4e73-b68b-e706603b2655"}

stdout | src/phase10-load.integration.test.ts > phase 10.2 performance and load qualification > records API load, realtime load, and DB query profiles against Phase 10 targets
{"level":"info","time":"2026-07-28T09:44:46.653Z","service":"api","msg":"request.completed","method":"GET","url":"/v1/properties?organizationId=d215a186-f84d-4c7c-b75a-3189969999c2","statusCode":200,"requestId":"3cdb52b0-e56c-4095-a5a6-246242b2180a"}

stdout | src/phase10-load.integration.test.ts > phase 10.2 performance and load qualification > records API load, realtime load, and DB query profiles against Phase 10 targets
{"level":"info","time":"2026-07-28T09:44:46.657Z","service":"api","msg":"request.completed","method":"GET","url":"/v1/properties?organizationId=d215a186-f84d-4c7c-b75a-3189969999c2","statusCode":200,"requestId":"24e1b88b-6753-4aba-bc80-40b4c401ab74"}

stdout | src/phase10-load.integration.test.ts > phase 10.2 performance and load qualification > records API load, realtime load, and DB query profiles against Phase 10 targets
{"level":"info","time":"2026-07-28T09:44:46.658Z","service":"api","msg":"request.completed","method":"GET","url":"/v1/properties?organizationId=d215a186-f84d-4c7c-b75a-3189969999c2","statusCode":200,"requestId":"606e1e7b-8dea-43d2-b533-9ed60b3a428e"}

stdout | src/phase10-load.integration.test.ts > phase 10.2 performance and load qualification > records API load, realtime load, and DB query profiles against Phase 10 targets
{"level":"info","time":"2026-07-28T09:44:46.659Z","service":"api","msg":"request.completed","method":"GET","url":"/v1/properties?organizationId=d215a186-f84d-4c7c-b75a-3189969999c2","statusCode":200,"requestId":"cd9ebe06-859f-45d7-a58d-4939863fa3df"}

stdout | src/phase10-load.integration.test.ts > phase 10.2 performance and load qualification > records API load, realtime load, and DB query profiles against Phase 10 targets
{"level":"info","time":"2026-07-28T09:44:46.660Z","service":"api","msg":"request.completed","method":"GET","url":"/v1/properties?organizationId=d215a186-f84d-4c7c-b75a-3189969999c2","statusCode":200,"requestId":"51001ccd-85b3-4b09-bc6d-e2d6d4b24deb"}

stdout | src/phase10-load.integration.test.ts > phase 10.2 performance and load qualification > records API load, realtime load, and DB query profiles against Phase 10 targets
{"level":"info","time":"2026-07-28T09:44:46.660Z","service":"api","msg":"request.completed","method":"GET","url":"/v1/properties?organizationId=d215a186-f84d-4c7c-b75a-3189969999c2","statusCode":200,"requestId":"fbd65fbe-8907-44fa-aad1-f0aeea137c8f"}

stdout | src/phase10-load.integration.test.ts > phase 10.2 performance and load qualification > records API load, realtime load, and DB query profiles against Phase 10 targets
{"level":"info","time":"2026-07-28T09:44:46.660Z","service":"api","msg":"request.completed","method":"GET","url":"/v1/properties?organizationId=d215a186-f84d-4c7c-b75a-3189969999c2","statusCode":200,"requestId":"2d4961d9-f53a-4c0d-921d-7a114e8da781"}

stdout | src/phase10-load.integration.test.ts > phase 10.2 performance and load qualification > records API load, realtime load, and DB query profiles against Phase 10 targets
{"level":"info","time":"2026-07-28T09:44:46.661Z","service":"api","msg":"request.completed","method":"GET","url":"/v1/guest/realtime/events?limit=20","statusCode":200,"requestId":"65a9e3a3-189c-4605-aa09-d4d40e283453"}

stdout | src/phase10-load.integration.test.ts > phase 10.2 performance and load qualification > records API load, realtime load, and DB query profiles against Phase 10 targets
{"level":"info","time":"2026-07-28T09:44:46.661Z","service":"api","msg":"request.completed","method":"GET","url":"/v1/guest/realtime/events?limit=20","statusCode":200,"requestId":"9f5e5a04-b3c9-4e08-b886-014534828b66"}

stdout | src/phase10-load.integration.test.ts > phase 10.2 performance and load qualification > records API load, realtime load, and DB query profiles against Phase 10 targets
{"level":"info","time":"2026-07-28T09:44:46.662Z","service":"api","msg":"request.completed","method":"GET","url":"/v1/guest/realtime/events?limit=20","statusCode":200,"requestId":"cc0304b8-71bc-4e48-b04c-fed1a3e46c07"}

stdout | src/phase10-load.integration.test.ts > phase 10.2 performance and load qualification > records API load, realtime load, and DB query profiles against Phase 10 targets
{"level":"info","time":"2026-07-28T09:44:46.662Z","service":"api","msg":"request.completed","method":"GET","url":"/v1/properties?organizationId=d215a186-f84d-4c7c-b75a-3189969999c2","statusCode":200,"requestId":"0175d1c8-7e65-4f09-b57b-63982187f481"}

stdout | src/phase10-load.integration.test.ts > phase 10.2 performance and load qualification > records API load, realtime load, and DB query profiles against Phase 10 targets
{"level":"info","time":"2026-07-28T09:44:46.662Z","service":"api","msg":"request.completed","method":"GET","url":"/v1/guest/realtime/events?limit=20","statusCode":200,"requestId":"c411e5e2-9c61-47cb-8bde-b43de8ccae83"}

stdout | src/phase10-load.integration.test.ts > phase 10.2 performance and load qualification > records API load, realtime load, and DB query profiles against Phase 10 targets
{"level":"info","time":"2026-07-28T09:44:46.663Z","service":"api","msg":"request.completed","method":"GET","url":"/v1/guest/realtime/events?limit=20","statusCode":200,"requestId":"d7d149c0-ba92-46f1-8e60-fbaa25b4fc94"}

stdout | src/phase10-load.integration.test.ts > phase 10.2 performance and load qualification > records API load, realtime load, and DB query profiles against Phase 10 targets
{"level":"info","time":"2026-07-28T09:44:46.663Z","service":"api","msg":"request.completed","method":"GET","url":"/v1/properties?organizationId=d215a186-f84d-4c7c-b75a-3189969999c2","statusCode":200,"requestId":"a6ba4ca9-eefa-4e65-8a44-2c40bb8cfdf7"}

stdout | src/phase10-load.integration.test.ts > phase 10.2 performance and load qualification > records API load, realtime load, and DB query profiles against Phase 10 targets
{"level":"info","time":"2026-07-28T09:44:46.663Z","service":"api","msg":"request.completed","method":"GET","url":"/v1/guest/realtime/events?limit=20","statusCode":200,"requestId":"2d350ba7-53af-4cb3-90b9-c2ad27da5b06"}

stdout | src/phase10-load.integration.test.ts > phase 10.2 performance and load qualification > records API load, realtime load, and DB query profiles against Phase 10 targets
{"level":"info","time":"2026-07-28T09:44:46.664Z","service":"api","msg":"request.completed","method":"GET","url":"/v1/guest/realtime/events?limit=20","statusCode":200,"requestId":"03868237-9b8d-4e85-babe-6c336cd3fb96"}

stdout | src/phase10-load.integration.test.ts > phase 10.2 performance and load qualification > records API load, realtime load, and DB query profiles against Phase 10 targets
{"level":"info","time":"2026-07-28T09:44:46.664Z","service":"api","msg":"request.completed","method":"GET","url":"/v1/guest/realtime/events?limit=20","statusCode":200,"requestId":"0f3465eb-0c33-45cd-b384-7b3643af656d"}

stdout | src/phase10-load.integration.test.ts > phase 10.2 performance and load qualification > records API load, realtime load, and DB query profiles against Phase 10 targets
{"level":"info","time":"2026-07-28T09:44:46.665Z","service":"api","msg":"request.completed","method":"GET","url":"/v1/guest/realtime/events?limit=20","statusCode":200,"requestId":"6c6e72c1-44e7-450e-8e67-89586df7f161"}

stdout | src/phase10-load.integration.test.ts > phase 10.2 performance and load qualification > records API load, realtime load, and DB query profiles against Phase 10 targets
{"level":"info","time":"2026-07-28T09:44:46.665Z","service":"api","msg":"request.completed","method":"GET","url":"/v1/guest/realtime/events?limit=20","statusCode":200,"requestId":"00c0f09c-b8b3-43fa-834a-dbcb7a82a792"}

stdout | src/phase10-load.integration.test.ts > phase 10.2 performance and load qualification > records API load, realtime load, and DB query profiles against Phase 10 targets
{"level":"info","time":"2026-07-28T09:44:46.665Z","service":"api","msg":"request.completed","method":"GET","url":"/v1/properties?organizationId=d215a186-f84d-4c7c-b75a-3189969999c2","statusCode":200,"requestId":"3fcbd19a-d5ff-4e2b-8433-1f0183bd6f35"}

stdout | src/phase10-load.integration.test.ts > phase 10.2 performance and load qualification > records API load, realtime load, and DB query profiles against Phase 10 targets
{"level":"info","time":"2026-07-28T09:44:46.666Z","service":"api","msg":"request.completed","method":"GET","url":"/v1/properties?organizationId=d215a186-f84d-4c7c-b75a-3189969999c2","statusCode":200,"requestId":"e1c49b94-6019-40a6-b144-bb16367e93dd"}

stdout | src/phase10-load.integration.test.ts > phase 10.2 performance and load qualification > records API load, realtime load, and DB query profiles against Phase 10 targets
{"level":"info","time":"2026-07-28T09:44:46.667Z","service":"api","msg":"request.completed","method":"GET","url":"/v1/properties?organizationId=d215a186-f84d-4c7c-b75a-3189969999c2","statusCode":200,"requestId":"d4aa0b67-783a-467f-afa2-b64a4b9ef243"}

stdout | src/phase10-load.integration.test.ts > phase 10.2 performance and load qualification > records API load, realtime load, and DB query profiles against Phase 10 targets
{"level":"info","time":"2026-07-28T09:44:46.683Z","service":"api","msg":"request.completed","method":"GET","url":"/v1/admin/properties/3ab87d2a-0c78-4fac-aa15-515a733cc3ae/analytics?timezone=Asia/Ho_Chi_Minh","statusCode":200,"requestId":"e468f829-3692-436e-a714-31453675953e"}

stdout | src/phase10-load.integration.test.ts > phase 10.2 performance and load qualification > records API load, realtime load, and DB query profiles against Phase 10 targets
{"level":"info","time":"2026-07-28T09:44:46.684Z","service":"api","msg":"request.completed","method":"GET","url":"/v1/admin/properties/3ab87d2a-0c78-4fac-aa15-515a733cc3ae/analytics?timezone=Asia/Ho_Chi_Minh","statusCode":200,"requestId":"8cc48847-5afd-4f81-a777-d37957565b9b"}

stdout | src/phase10-load.integration.test.ts > phase 10.2 performance and load qualification > records API load, realtime load, and DB query profiles against Phase 10 targets
{"level":"info","time":"2026-07-28T09:44:46.686Z","service":"api","msg":"request.completed","method":"GET","url":"/v1/admin/properties/3ab87d2a-0c78-4fac-aa15-515a733cc3ae/analytics?timezone=Asia/Ho_Chi_Minh","statusCode":200,"requestId":"129cf383-ab0e-4e98-8e2c-2b58e2b79ceb"}

stdout | src/phase10-load.integration.test.ts > phase 10.2 performance and load qualification > records API load, realtime load, and DB query profiles against Phase 10 targets
{"level":"info","time":"2026-07-28T09:44:46.687Z","service":"api","msg":"request.completed","method":"GET","url":"/v1/admin/properties/3ab87d2a-0c78-4fac-aa15-515a733cc3ae/analytics?timezone=Asia/Ho_Chi_Minh","statusCode":200,"requestId":"04217a51-bd96-491d-b6cc-6cf73bd04579"}

stdout | src/phase10-load.integration.test.ts > phase 10.2 performance and load qualification > records API load, realtime load, and DB query profiles against Phase 10 targets
{"level":"info","time":"2026-07-28T09:44:46.688Z","service":"api","msg":"request.completed","method":"GET","url":"/v1/admin/properties/3ab87d2a-0c78-4fac-aa15-515a733cc3ae/analytics?timezone=Asia/Ho_Chi_Minh","statusCode":200,"requestId":"ff70e2f9-ba54-4561-9006-7702a3b9a8da"}

stdout | src/phase10-load.integration.test.ts > phase 10.2 performance and load qualification > records API load, realtime load, and DB query profiles against Phase 10 targets
{"level":"info","time":"2026-07-28T09:44:46.689Z","service":"api","msg":"request.completed","method":"GET","url":"/v1/admin/properties/3ab87d2a-0c78-4fac-aa15-515a733cc3ae/analytics?timezone=Asia/Ho_Chi_Minh","statusCode":200,"requestId":"c1783dbc-9913-4114-9a1a-2bd521efd9bd"}

stdout | src/phase10-load.integration.test.ts > phase 10.2 performance and load qualification > records API load, realtime load, and DB query profiles against Phase 10 targets
{"level":"info","time":"2026-07-28T09:44:46.691Z","service":"api","msg":"request.completed","method":"GET","url":"/v1/staff/work-items?propertyId=3ab87d2a-0c78-4fac-aa15-515a733cc3ae&queue=inbox","statusCode":200,"requestId":"cf6a60ea-8595-4d20-8275-403ba8861490"}

stdout | src/phase10-load.integration.test.ts > phase 10.2 performance and load qualification > records API load, realtime load, and DB query profiles against Phase 10 targets
{"level":"info","time":"2026-07-28T09:44:46.692Z","service":"api","msg":"request.completed","method":"GET","url":"/v1/staff/work-items?propertyId=3ab87d2a-0c78-4fac-aa15-515a733cc3ae&queue=inbox","statusCode":200,"requestId":"6a33fc77-15af-4d55-a7c2-3b58c01a13d5"}

stdout | src/phase10-load.integration.test.ts > phase 10.2 performance and load qualification > records API load, realtime load, and DB query profiles against Phase 10 targets
{"level":"info","time":"2026-07-28T09:44:46.694Z","service":"api","msg":"request.completed","method":"GET","url":"/v1/staff/work-items?propertyId=3ab87d2a-0c78-4fac-aa15-515a733cc3ae&queue=inbox","statusCode":200,"requestId":"b3dfd02b-adcb-4d59-9f47-5710cc38fb2a"}

stdout | src/phase10-load.integration.test.ts > phase 10.2 performance and load qualification > records API load, realtime load, and DB query profiles against Phase 10 targets
{"level":"info","time":"2026-07-28T09:44:46.696Z","service":"api","msg":"request.completed","method":"GET","url":"/v1/staff/work-items?propertyId=3ab87d2a-0c78-4fac-aa15-515a733cc3ae&queue=inbox","statusCode":200,"requestId":"893bc174-9d6d-4bf7-aa87-c0e763a99a5f"}

stdout | src/phase10-load.integration.test.ts > phase 10.2 performance and load qualification > records API load, realtime load, and DB query profiles against Phase 10 targets
{"level":"info","time":"2026-07-28T09:44:46.697Z","service":"api","msg":"request.completed","method":"GET","url":"/v1/staff/work-items?propertyId=3ab87d2a-0c78-4fac-aa15-515a733cc3ae&queue=inbox","statusCode":200,"requestId":"44ec69a3-6fa1-4bcc-9e4f-7c592b72d3ce"}

stdout | src/phase10-load.integration.test.ts > phase 10.2 performance and load qualification > records API load, realtime load, and DB query profiles against Phase 10 targets
{"level":"info","time":"2026-07-28T09:44:46.699Z","service":"api","msg":"request.completed","method":"GET","url":"/v1/admin/properties/3ab87d2a-0c78-4fac-aa15-515a733cc3ae/analytics?timezone=Asia/Ho_Chi_Minh","statusCode":200,"requestId":"bc036af6-2b2b-4ad8-a3a6-2a196f217125"}

stdout | src/phase10-load.integration.test.ts > phase 10.2 performance and load qualification > records API load, realtime load, and DB query profiles against Phase 10 targets
{"level":"info","time":"2026-07-28T09:44:46.700Z","service":"api","msg":"request.completed","method":"GET","url":"/v1/staff/work-items?propertyId=3ab87d2a-0c78-4fac-aa15-515a733cc3ae&queue=inbox","statusCode":200,"requestId":"166c5e16-717b-4c3f-adef-92b3c4e89bfc"}

stdout | src/phase10-load.integration.test.ts > phase 10.2 performance and load qualification > records API load, realtime load, and DB query profiles against Phase 10 targets
{"level":"info","time":"2026-07-28T09:44:46.701Z","service":"api","msg":"request.completed","method":"GET","url":"/v1/properties?organizationId=d215a186-f84d-4c7c-b75a-3189969999c2","statusCode":200,"requestId":"24d7a3db-82ad-4d66-8c73-51dc168290ba"}

stdout | src/phase10-load.integration.test.ts > phase 10.2 performance and load qualification > records API load, realtime load, and DB query profiles against Phase 10 targets
{"level":"info","time":"2026-07-28T09:44:46.701Z","service":"api","msg":"request.completed","method":"GET","url":"/v1/staff/work-items?propertyId=3ab87d2a-0c78-4fac-aa15-515a733cc3ae&queue=inbox","statusCode":200,"requestId":"62119057-dc16-471f-a953-4e8b499f4101"}

stdout | src/phase10-load.integration.test.ts > phase 10.2 performance and load qualification > records API load, realtime load, and DB query profiles against Phase 10 targets
{"level":"info","time":"2026-07-28T09:44:46.702Z","service":"api","msg":"request.completed","method":"GET","url":"/v1/staff/work-items?propertyId=3ab87d2a-0c78-4fac-aa15-515a733cc3ae&queue=inbox","statusCode":200,"requestId":"9fbf55bd-c635-4688-a7a4-c646a60c61d1"}

stdout | src/phase10-load.integration.test.ts > phase 10.2 performance and load qualification > records API load, realtime load, and DB query profiles against Phase 10 targets
{"level":"info","time":"2026-07-28T09:44:46.702Z","service":"api","msg":"request.completed","method":"GET","url":"/v1/properties?organizationId=d215a186-f84d-4c7c-b75a-3189969999c2","statusCode":200,"requestId":"c0f67d39-d810-453e-8bee-6ead6386a62b"}

stdout | src/phase10-load.integration.test.ts > phase 10.2 performance and load qualification > records API load, realtime load, and DB query profiles against Phase 10 targets
{"level":"info","time":"2026-07-28T09:44:46.703Z","service":"api","msg":"request.completed","method":"GET","url":"/v1/admin/properties/3ab87d2a-0c78-4fac-aa15-515a733cc3ae/analytics?timezone=Asia/Ho_Chi_Minh","statusCode":200,"requestId":"566f35b4-da04-4c11-958f-8015840b7cc4"}

stdout | src/phase10-load.integration.test.ts > phase 10.2 performance and load qualification > records API load, realtime load, and DB query profiles against Phase 10 targets
{"level":"info","time":"2026-07-28T09:44:46.703Z","service":"api","msg":"request.completed","method":"GET","url":"/v1/properties?organizationId=d215a186-f84d-4c7c-b75a-3189969999c2","statusCode":200,"requestId":"ad66d493-64f1-4b22-8881-aa17c0876784"}

stdout | src/phase10-load.integration.test.ts > phase 10.2 performance and load qualification > records API load, realtime load, and DB query profiles against Phase 10 targets
{"level":"info","time":"2026-07-28T09:44:46.703Z","service":"api","msg":"request.completed","method":"GET","url":"/v1/guest/realtime/events?limit=20","statusCode":200,"requestId":"37dbdac2-f356-468f-8c92-d0401051092a"}

stdout | src/phase10-load.integration.test.ts > phase 10.2 performance and load qualification > records API load, realtime load, and DB query profiles against Phase 10 targets
{"level":"info","time":"2026-07-28T09:44:46.704Z","service":"api","msg":"request.completed","method":"GET","url":"/v1/guest/realtime/events?limit=20","statusCode":200,"requestId":"71955247-44b4-465b-8df5-8e6b31d6166d"}

stdout | src/phase10-load.integration.test.ts > phase 10.2 performance and load qualification > records API load, realtime load, and DB query profiles against Phase 10 targets
{"level":"info","time":"2026-07-28T09:44:46.705Z","service":"api","msg":"request.completed","method":"GET","url":"/v1/guest/realtime/events?limit=20","statusCode":200,"requestId":"7b6a1105-f8bd-4ee7-922d-5cd12ec7b176"}

stdout | src/phase10-load.integration.test.ts > phase 10.2 performance and load qualification > records API load, realtime load, and DB query profiles against Phase 10 targets
{"level":"info","time":"2026-07-28T09:44:46.705Z","service":"api","msg":"request.completed","method":"GET","url":"/v1/guest/realtime/events?limit=20","statusCode":200,"requestId":"21cbc96d-46cc-4c8e-81e4-98f192e1e499"}

stdout | src/phase10-load.integration.test.ts > phase 10.2 performance and load qualification > records API load, realtime load, and DB query profiles against Phase 10 targets
{"level":"info","time":"2026-07-28T09:44:46.705Z","service":"api","msg":"request.completed","method":"GET","url":"/v1/guest/realtime/events?limit=20","statusCode":200,"requestId":"ee86e814-10e2-46bc-b565-ab020883bac5"}

stdout | src/phase10-load.integration.test.ts > phase 10.2 performance and load qualification > records API load, realtime load, and DB query profiles against Phase 10 targets
{"level":"info","time":"2026-07-28T09:44:46.706Z","service":"api","msg":"request.completed","method":"GET","url":"/v1/guest/realtime/events?limit=20","statusCode":200,"requestId":"9da240ba-02f0-4ee5-819e-145820d5083d"}

stdout | src/phase10-load.integration.test.ts > phase 10.2 performance and load qualification > records API load, realtime load, and DB query profiles against Phase 10 targets
{"level":"info","time":"2026-07-28T09:44:46.709Z","service":"api","msg":"request.completed","method":"GET","url":"/v1/staff/work-items?propertyId=3ab87d2a-0c78-4fac-aa15-515a733cc3ae&queue=inbox","statusCode":200,"requestId":"b5869c54-5afa-4cb4-96b9-87a994c0c289"}

stdout | src/phase10-load.integration.test.ts > phase 10.2 performance and load qualification > records API load, realtime load, and DB query profiles against Phase 10 targets
{"level":"info","time":"2026-07-28T09:44:46.709Z","service":"api","msg":"request.completed","method":"GET","url":"/v1/guest/realtime/events?limit=20","statusCode":200,"requestId":"0a0855ce-69e7-453e-9aa7-ef2a39503f6c"}

stdout | src/phase10-load.integration.test.ts > phase 10.2 performance and load qualification > records API load, realtime load, and DB query profiles against Phase 10 targets
{"level":"info","time":"2026-07-28T09:44:46.710Z","service":"api","msg":"request.completed","method":"GET","url":"/v1/guest/realtime/events?limit=20","statusCode":200,"requestId":"7077aa2e-ca5c-4825-8d44-e7732f0f3cfa"}

stdout | src/phase10-load.integration.test.ts > phase 10.2 performance and load qualification > records API load, realtime load, and DB query profiles against Phase 10 targets
{"level":"info","time":"2026-07-28T09:44:46.711Z","service":"api","msg":"request.completed","method":"GET","url":"/v1/staff/work-items?propertyId=3ab87d2a-0c78-4fac-aa15-515a733cc3ae&queue=inbox","statusCode":200,"requestId":"03f7da10-c45e-449f-ba22-f4d9ad47cf4d"}

stdout | src/phase10-load.integration.test.ts > phase 10.2 performance and load qualification > records API load, realtime load, and DB query profiles against Phase 10 targets
{"level":"info","time":"2026-07-28T09:44:46.711Z","service":"api","msg":"request.completed","method":"GET","url":"/v1/guest/realtime/events?limit=20","statusCode":200,"requestId":"0e828be6-4bf3-4d7b-8217-d2b43c8628c3"}

stdout | src/phase10-load.integration.test.ts > phase 10.2 performance and load qualification > records API load, realtime load, and DB query profiles against Phase 10 targets
{"level":"info","time":"2026-07-28T09:44:46.712Z","service":"api","msg":"request.completed","method":"GET","url":"/v1/staff/work-items?propertyId=3ab87d2a-0c78-4fac-aa15-515a733cc3ae&queue=inbox","statusCode":200,"requestId":"22400d1d-407b-4059-b99a-5e0ace5be50a"}

stdout | src/phase10-load.integration.test.ts > phase 10.2 performance and load qualification > records API load, realtime load, and DB query profiles against Phase 10 targets
{"level":"info","time":"2026-07-28T09:44:46.713Z","service":"api","msg":"request.completed","method":"GET","url":"/v1/staff/work-items?propertyId=3ab87d2a-0c78-4fac-aa15-515a733cc3ae&queue=inbox","statusCode":200,"requestId":"c5cb6c68-922b-430a-bfc6-73be98a9ad8b"}

stdout | src/phase10-load.integration.test.ts > phase 10.2 performance and load qualification > records API load, realtime load, and DB query profiles against Phase 10 targets
{"level":"info","time":"2026-07-28T09:44:46.714Z","service":"api","msg":"request.completed","method":"GET","url":"/v1/properties?organizationId=d215a186-f84d-4c7c-b75a-3189969999c2","statusCode":200,"requestId":"bf1d66ba-995e-458c-8b14-e0b6add3e273"}

stdout | src/phase10-load.integration.test.ts > phase 10.2 performance and load qualification > records API load, realtime load, and DB query profiles against Phase 10 targets
{"level":"info","time":"2026-07-28T09:44:46.714Z","service":"api","msg":"request.completed","method":"GET","url":"/v1/guest/realtime/events?limit=20","statusCode":200,"requestId":"6bdced8d-f711-4fec-be92-cb8a9922d1f3"}

stdout | src/phase10-load.integration.test.ts > phase 10.2 performance and load qualification > records API load, realtime load, and DB query profiles against Phase 10 targets
{"level":"info","time":"2026-07-28T09:44:46.715Z","service":"api","msg":"request.completed","method":"GET","url":"/v1/properties?organizationId=d215a186-f84d-4c7c-b75a-3189969999c2","statusCode":200,"requestId":"e06d7e8a-b127-4b91-b7c1-3d8f746cb925"}

stdout | src/phase10-load.integration.test.ts > phase 10.2 performance and load qualification > records API load, realtime load, and DB query profiles against Phase 10 targets
{"level":"info","time":"2026-07-28T09:44:46.715Z","service":"api","msg":"request.completed","method":"GET","url":"/v1/properties?organizationId=d215a186-f84d-4c7c-b75a-3189969999c2","statusCode":200,"requestId":"f7efca9e-01dd-4a7a-82fd-6838bbc63bb4"}

stdout | src/phase10-load.integration.test.ts > phase 10.2 performance and load qualification > records API load, realtime load, and DB query profiles against Phase 10 targets
{"level":"info","time":"2026-07-28T09:44:46.715Z","service":"api","msg":"request.completed","method":"GET","url":"/v1/properties?organizationId=d215a186-f84d-4c7c-b75a-3189969999c2","statusCode":200,"requestId":"3ffd85bd-a636-45bb-97ce-7854e8048219"}

stdout | src/phase10-load.integration.test.ts > phase 10.2 performance and load qualification > records API load, realtime load, and DB query profiles against Phase 10 targets
{"level":"info","time":"2026-07-28T09:44:46.717Z","service":"api","msg":"request.completed","method":"GET","url":"/v1/properties?organizationId=d215a186-f84d-4c7c-b75a-3189969999c2","statusCode":200,"requestId":"0d3fd46f-93aa-492f-b68e-d505aad05722"}

stdout | src/phase10-load.integration.test.ts > phase 10.2 performance and load qualification > records API load, realtime load, and DB query profiles against Phase 10 targets
{"level":"info","time":"2026-07-28T09:44:46.717Z","service":"api","msg":"request.completed","method":"GET","url":"/v1/properties?organizationId=d215a186-f84d-4c7c-b75a-3189969999c2","statusCode":200,"requestId":"db43e1ab-fe37-4d7c-b6c6-faca4686f3ee"}

stdout | src/phase10-load.integration.test.ts > phase 10.2 performance and load qualification > records API load, realtime load, and DB query profiles against Phase 10 targets
{"level":"info","time":"2026-07-28T09:44:46.719Z","service":"api","msg":"request.completed","method":"GET","url":"/v1/properties?organizationId=d215a186-f84d-4c7c-b75a-3189969999c2","statusCode":200,"requestId":"96fd8a91-e250-4c34-b629-bfbfb13a0109"}

stdout | src/phase10-load.integration.test.ts > phase 10.2 performance and load qualification > records API load, realtime load, and DB query profiles against Phase 10 targets
{"level":"info","time":"2026-07-28T09:44:46.720Z","service":"api","msg":"request.completed","method":"GET","url":"/v1/properties?organizationId=d215a186-f84d-4c7c-b75a-3189969999c2","statusCode":200,"requestId":"01f230bc-d026-446e-bd90-3d0c2e466190"}

stdout | src/phase10-load.integration.test.ts > phase 10.2 performance and load qualification > records API load, realtime load, and DB query profiles against Phase 10 targets
{"level":"info","time":"2026-07-28T09:44:46.721Z","service":"api","msg":"request.completed","method":"GET","url":"/v1/properties?organizationId=d215a186-f84d-4c7c-b75a-3189969999c2","statusCode":200,"requestId":"f7c73610-2aef-46d1-b68f-1b0f71660fb0"}

stdout | src/phase10-load.integration.test.ts > phase 10.2 performance and load qualification > records API load, realtime load, and DB query profiles against Phase 10 targets
{"level":"info","time":"2026-07-28T09:44:46.731Z","service":"api","msg":"request.completed","method":"GET","url":"/v1/guest/realtime/events?limit=20","statusCode":200,"requestId":"b0d55ba3-7025-481d-a861-4eac7281a40a"}

stdout | src/phase10-load.integration.test.ts > phase 10.2 performance and load qualification > records API load, realtime load, and DB query profiles against Phase 10 targets
{"level":"info","time":"2026-07-28T09:44:46.731Z","service":"api","msg":"request.completed","method":"GET","url":"/v1/guest/realtime/events?limit=20","statusCode":200,"requestId":"a7d27127-e961-440e-a09e-f9b0592aef20"}

stdout | src/phase10-load.integration.test.ts > phase 10.2 performance and load qualification > records API load, realtime load, and DB query profiles against Phase 10 targets
{"level":"info","time":"2026-07-28T09:44:46.731Z","service":"api","msg":"request.completed","method":"GET","url":"/v1/guest/realtime/events?limit=20","statusCode":200,"requestId":"7553f236-9291-41cf-91d9-269a617b988e"}

stdout | src/phase10-load.integration.test.ts > phase 10.2 performance and load qualification > records API load, realtime load, and DB query profiles against Phase 10 targets
{"level":"info","time":"2026-07-28T09:44:46.731Z","service":"api","msg":"request.completed","method":"GET","url":"/v1/guest/realtime/events?limit=20","statusCode":200,"requestId":"699ac97a-3972-4291-950e-bf872722e52a"}

stdout | src/phase10-load.integration.test.ts > phase 10.2 performance and load qualification > records API load, realtime load, and DB query profiles against Phase 10 targets
{"level":"info","time":"2026-07-28T09:44:46.732Z","service":"api","msg":"request.completed","method":"GET","url":"/v1/guest/realtime/events?limit=20","statusCode":200,"requestId":"fae64226-f9ad-4242-b14b-6728157e8403"}

stdout | src/phase10-load.integration.test.ts > phase 10.2 performance and load qualification > records API load, realtime load, and DB query profiles against Phase 10 targets
{"level":"info","time":"2026-07-28T09:44:46.732Z","service":"api","msg":"request.completed","method":"GET","url":"/v1/guest/realtime/events?limit=20","statusCode":200,"requestId":"2f988e92-d39a-4a4f-8aff-63605d8b0cc2"}

stdout | src/phase10-load.integration.test.ts > phase 10.2 performance and load qualification > records API load, realtime load, and DB query profiles against Phase 10 targets
{"level":"info","time":"2026-07-28T09:44:46.733Z","service":"api","msg":"request.completed","method":"GET","url":"/v1/guest/realtime/events?limit=20","statusCode":200,"requestId":"a387e5da-7e3c-4c63-9c47-3b12df9658ed"}

stdout | src/phase10-load.integration.test.ts > phase 10.2 performance and load qualification > records API load, realtime load, and DB query profiles against Phase 10 targets
{"level":"info","time":"2026-07-28T09:44:46.733Z","service":"api","msg":"request.completed","method":"GET","url":"/v1/guest/realtime/events?limit=20","statusCode":200,"requestId":"ff443e3f-1c73-4ff5-b567-fca4f5e2abb4"}

stdout | src/phase10-load.integration.test.ts > phase 10.2 performance and load qualification > records API load, realtime load, and DB query profiles against Phase 10 targets
{"level":"info","time":"2026-07-28T09:44:46.734Z","service":"api","msg":"request.completed","method":"GET","url":"/v1/guest/realtime/events?limit=20","statusCode":200,"requestId":"70f986be-198e-43be-b126-2fa387728e6d"}

stdout | src/phase10-load.integration.test.ts > phase 10.2 performance and load qualification > records API load, realtime load, and DB query profiles against Phase 10 targets
{"level":"info","time":"2026-07-28T09:44:46.735Z","service":"api","msg":"request.completed","method":"GET","url":"/v1/guest/realtime/events?limit=20","statusCode":200,"requestId":"378f5da6-92f5-4853-bafa-93a6cdce671a"}

stdout | src/phase10-load.integration.test.ts > phase 10.2 performance and load qualification > records API load, realtime load, and DB query profiles against Phase 10 targets
{"level":"info","time":"2026-07-28T09:44:46.735Z","service":"api","msg":"request.completed","method":"GET","url":"/v1/properties?organizationId=d215a186-f84d-4c7c-b75a-3189969999c2","statusCode":200,"requestId":"eed0028e-b01c-4805-b883-4eabc1f86c64"}

stdout | src/phase10-load.integration.test.ts > phase 10.2 performance and load qualification > records API load, realtime load, and DB query profiles against Phase 10 targets
{"level":"info","time":"2026-07-28T09:44:46.736Z","service":"api","msg":"request.completed","method":"GET","url":"/v1/properties?organizationId=d215a186-f84d-4c7c-b75a-3189969999c2","statusCode":200,"requestId":"02a1e6d5-c47b-46b0-82e6-59198c62cbf0"}

stdout | src/phase10-load.integration.test.ts > phase 10.2 performance and load qualification > records API load, realtime load, and DB query profiles against Phase 10 targets
{"level":"info","time":"2026-07-28T09:44:46.736Z","service":"api","msg":"request.completed","method":"GET","url":"/v1/properties?organizationId=d215a186-f84d-4c7c-b75a-3189969999c2","statusCode":200,"requestId":"1fd0a6b9-39f7-4f40-a5a9-4ba596dd4987"}

stdout | src/phase10-load.integration.test.ts > phase 10.2 performance and load qualification > records API load, realtime load, and DB query profiles against Phase 10 targets
{"level":"info","time":"2026-07-28T09:44:46.736Z","service":"api","msg":"request.completed","method":"GET","url":"/v1/admin/properties/3ab87d2a-0c78-4fac-aa15-515a733cc3ae/analytics?timezone=Asia/Ho_Chi_Minh","statusCode":200,"requestId":"95c22bd2-b989-4353-b770-495482d7cef2"}

stdout | src/phase10-load.integration.test.ts > phase 10.2 performance and load qualification > records API load, realtime load, and DB query profiles against Phase 10 targets
{"level":"info","time":"2026-07-28T09:44:46.738Z","service":"api","msg":"request.completed","method":"GET","url":"/v1/admin/properties/3ab87d2a-0c78-4fac-aa15-515a733cc3ae/analytics?timezone=Asia/Ho_Chi_Minh","statusCode":200,"requestId":"da614786-2e42-4b80-a7a7-690e69d0b689"}

stdout | src/phase10-load.integration.test.ts > phase 10.2 performance and load qualification > records API load, realtime load, and DB query profiles against Phase 10 targets
{"level":"info","time":"2026-07-28T09:44:46.740Z","service":"api","msg":"request.completed","method":"GET","url":"/v1/admin/properties/3ab87d2a-0c78-4fac-aa15-515a733cc3ae/analytics?timezone=Asia/Ho_Chi_Minh","statusCode":200,"requestId":"be811288-a236-4df4-a66c-1b5d4ed6fa39"}

stdout | src/phase10-load.integration.test.ts > phase 10.2 performance and load qualification > records API load, realtime load, and DB query profiles against Phase 10 targets
{"level":"info","time":"2026-07-28T09:44:46.740Z","service":"api","msg":"request.completed","method":"GET","url":"/v1/admin/properties/3ab87d2a-0c78-4fac-aa15-515a733cc3ae/analytics?timezone=Asia/Ho_Chi_Minh","statusCode":200,"requestId":"bf91cbcd-71be-4c4e-aef3-f8c783596782"}

stdout | src/phase10-load.integration.test.ts > phase 10.2 performance and load qualification > records API load, realtime load, and DB query profiles against Phase 10 targets
{"level":"info","time":"2026-07-28T09:44:46.741Z","service":"api","msg":"request.completed","method":"GET","url":"/v1/admin/properties/3ab87d2a-0c78-4fac-aa15-515a733cc3ae/analytics?timezone=Asia/Ho_Chi_Minh","statusCode":200,"requestId":"400ded7d-c453-46a3-89f7-97b95f855800"}

stdout | src/phase10-load.integration.test.ts > phase 10.2 performance and load qualification > records API load, realtime load, and DB query profiles against Phase 10 targets
{"level":"info","time":"2026-07-28T09:44:46.742Z","service":"api","msg":"request.completed","method":"GET","url":"/v1/properties?organizationId=d215a186-f84d-4c7c-b75a-3189969999c2","statusCode":200,"requestId":"2a9b981a-309b-45d1-b743-4c40c30de936"}

stdout | src/phase10-load.integration.test.ts > phase 10.2 performance and load qualification > records API load, realtime load, and DB query profiles against Phase 10 targets
{"level":"info","time":"2026-07-28T09:44:46.742Z","service":"api","msg":"request.completed","method":"GET","url":"/v1/properties?organizationId=d215a186-f84d-4c7c-b75a-3189969999c2","statusCode":200,"requestId":"fa825a9f-33a0-42be-a140-10b3e9de72bb"}

stdout | src/phase10-load.integration.test.ts > phase 10.2 performance and load qualification > records API load, realtime load, and DB query profiles against Phase 10 targets
{"level":"info","time":"2026-07-28T09:44:46.743Z","service":"api","msg":"request.completed","method":"GET","url":"/v1/properties?organizationId=d215a186-f84d-4c7c-b75a-3189969999c2","statusCode":200,"requestId":"8ebe3f3c-175b-4b76-9be2-bf8885f4326e"}

stdout | src/phase10-load.integration.test.ts > phase 10.2 performance and load qualification > records API load, realtime load, and DB query profiles against Phase 10 targets
{"level":"info","time":"2026-07-28T09:44:46.744Z","service":"api","msg":"request.completed","method":"GET","url":"/v1/properties?organizationId=d215a186-f84d-4c7c-b75a-3189969999c2","statusCode":200,"requestId":"b1d79cbd-c0a5-4f90-9d8f-bdedb892894a"}

stdout | src/phase10-load.integration.test.ts > phase 10.2 performance and load qualification > records API load, realtime load, and DB query profiles against Phase 10 targets
{"level":"info","time":"2026-07-28T09:44:46.744Z","service":"api","msg":"request.completed","method":"GET","url":"/v1/admin/properties/3ab87d2a-0c78-4fac-aa15-515a733cc3ae/analytics?timezone=Asia/Ho_Chi_Minh","statusCode":200,"requestId":"bfdbfb9e-3032-47cb-a906-3b6583f2db54"}

stdout | src/phase10-load.integration.test.ts > phase 10.2 performance and load qualification > records API load, realtime load, and DB query profiles against Phase 10 targets
{"level":"info","time":"2026-07-28T09:44:46.745Z","service":"api","msg":"request.completed","method":"GET","url":"/v1/admin/properties/3ab87d2a-0c78-4fac-aa15-515a733cc3ae/analytics?timezone=Asia/Ho_Chi_Minh","statusCode":200,"requestId":"e498d546-4108-41fd-900e-d06e3391be79"}

stdout | src/phase10-load.integration.test.ts > phase 10.2 performance and load qualification > records API load, realtime load, and DB query profiles against Phase 10 targets
{"level":"info","time":"2026-07-28T09:44:46.746Z","service":"api","msg":"request.completed","method":"GET","url":"/v1/properties?organizationId=d215a186-f84d-4c7c-b75a-3189969999c2","statusCode":200,"requestId":"ca92fbeb-8385-4fc8-ba07-69870aa99adc"}

stdout | src/phase10-load.integration.test.ts > phase 10.2 performance and load qualification > records API load, realtime load, and DB query profiles against Phase 10 targets
{"level":"info","time":"2026-07-28T09:44:46.747Z","service":"api","msg":"request.completed","method":"GET","url":"/v1/properties?organizationId=d215a186-f84d-4c7c-b75a-3189969999c2","statusCode":200,"requestId":"6fb1e875-a792-480c-9762-ff83c1f4566a"}

stdout | src/phase10-load.integration.test.ts > phase 10.2 performance and load qualification > records API load, realtime load, and DB query profiles against Phase 10 targets
{"level":"info","time":"2026-07-28T09:44:46.747Z","service":"api","msg":"request.completed","method":"GET","url":"/v1/admin/properties/3ab87d2a-0c78-4fac-aa15-515a733cc3ae/analytics?timezone=Asia/Ho_Chi_Minh","statusCode":200,"requestId":"01e5ab13-ed61-41ea-9a61-2f4378dbc300"}

stdout | src/phase10-load.integration.test.ts > phase 10.2 performance and load qualification > records API load, realtime load, and DB query profiles against Phase 10 targets
{"level":"info","time":"2026-07-28T09:44:46.749Z","service":"api","msg":"request.completed","method":"GET","url":"/v1/properties?organizationId=d215a186-f84d-4c7c-b75a-3189969999c2","statusCode":200,"requestId":"c0b91dc4-1432-45e3-802d-e358ee8a365b"}

stdout | src/phase10-load.integration.test.ts > phase 10.2 performance and load qualification > records API load, realtime load, and DB query profiles against Phase 10 targets
{"level":"info","time":"2026-07-28T09:44:46.750Z","service":"api","msg":"request.completed","method":"GET","url":"/v1/properties?organizationId=d215a186-f84d-4c7c-b75a-3189969999c2","statusCode":200,"requestId":"3a88e0f5-fbc5-4e4a-a4eb-4ab847f8534c"}

stdout | src/phase10-load.integration.test.ts > phase 10.2 performance and load qualification > records API load, realtime load, and DB query profiles against Phase 10 targets
{"level":"info","time":"2026-07-28T09:44:46.751Z","service":"api","msg":"request.completed","method":"GET","url":"/v1/properties?organizationId=d215a186-f84d-4c7c-b75a-3189969999c2","statusCode":200,"requestId":"e8834c49-bb0c-4a95-96fa-f05323311321"}

stdout | src/phase10-load.integration.test.ts > phase 10.2 performance and load qualification > records API load, realtime load, and DB query profiles against Phase 10 targets
{"level":"info","time":"2026-07-28T09:44:46.756Z","service":"api","msg":"request.completed","method":"GET","url":"/v1/staff/work-items?propertyId=3ab87d2a-0c78-4fac-aa15-515a733cc3ae&queue=inbox","statusCode":200,"requestId":"d043349b-fa0b-41f2-8745-aead80884c1c"}

stdout | src/phase10-load.integration.test.ts > phase 10.2 performance and load qualification > records API load, realtime load, and DB query profiles against Phase 10 targets
{"level":"info","time":"2026-07-28T09:44:46.759Z","service":"api","msg":"request.completed","method":"GET","url":"/v1/staff/work-items?propertyId=3ab87d2a-0c78-4fac-aa15-515a733cc3ae&queue=inbox","statusCode":200,"requestId":"f5873d26-6e79-4cb0-8cdd-649a107ba117"}

stdout | src/phase10-load.integration.test.ts > phase 10.2 performance and load qualification > records API load, realtime load, and DB query profiles against Phase 10 targets
{"level":"info","time":"2026-07-28T09:44:46.760Z","service":"api","msg":"request.completed","method":"GET","url":"/v1/staff/work-items?propertyId=3ab87d2a-0c78-4fac-aa15-515a733cc3ae&queue=inbox","statusCode":200,"requestId":"e92a2d6d-febd-4213-8fe0-754fc14f7325"}

stdout | src/phase10-load.integration.test.ts > phase 10.2 performance and load qualification > records API load, realtime load, and DB query profiles against Phase 10 targets
{"level":"info","time":"2026-07-28T09:44:46.762Z","service":"api","msg":"request.completed","method":"GET","url":"/v1/staff/work-items?propertyId=3ab87d2a-0c78-4fac-aa15-515a733cc3ae&queue=inbox","statusCode":200,"requestId":"9e343832-349f-4835-b1fe-1763c3394565"}

stdout | src/phase10-load.integration.test.ts > phase 10.2 performance and load qualification > records API load, realtime load, and DB query profiles against Phase 10 targets
{"level":"info","time":"2026-07-28T09:44:46.763Z","service":"api","msg":"request.completed","method":"GET","url":"/v1/staff/work-items?propertyId=3ab87d2a-0c78-4fac-aa15-515a733cc3ae&queue=inbox","statusCode":200,"requestId":"db39be61-54b0-4a18-b8df-fc723c137e84"}

stdout | src/phase10-load.integration.test.ts > phase 10.2 performance and load qualification > records API load, realtime load, and DB query profiles against Phase 10 targets
{"level":"info","time":"2026-07-28T09:44:46.765Z","service":"api","msg":"request.completed","method":"GET","url":"/v1/staff/work-items?propertyId=3ab87d2a-0c78-4fac-aa15-515a733cc3ae&queue=inbox","statusCode":200,"requestId":"2d0a76bf-c42e-4d47-8786-c726c61e32aa"}

stdout | src/phase10-load.integration.test.ts > phase 10.2 performance and load qualification > records API load, realtime load, and DB query profiles against Phase 10 targets
{"level":"info","time":"2026-07-28T09:44:46.765Z","service":"api","msg":"request.completed","method":"GET","url":"/v1/guest/realtime/events?limit=20","statusCode":200,"requestId":"c9cc4f63-6c2e-4590-9050-d26b831f87d9"}

stdout | src/phase10-load.integration.test.ts > phase 10.2 performance and load qualification > records API load, realtime load, and DB query profiles against Phase 10 targets
{"level":"info","time":"2026-07-28T09:44:46.766Z","service":"api","msg":"request.completed","method":"GET","url":"/v1/staff/work-items?propertyId=3ab87d2a-0c78-4fac-aa15-515a733cc3ae&queue=inbox","statusCode":200,"requestId":"ce97c624-9bd1-43bc-8889-2717a683406c"}

stdout | src/phase10-load.integration.test.ts > phase 10.2 performance and load qualification > records API load, realtime load, and DB query profiles against Phase 10 targets
{"level":"info","time":"2026-07-28T09:44:46.766Z","service":"api","msg":"request.completed","method":"GET","url":"/v1/guest/realtime/events?limit=20","statusCode":200,"requestId":"4f819a92-1060-460b-8149-8ae17701ae72"}

stdout | src/phase10-load.integration.test.ts > phase 10.2 performance and load qualification > records API load, realtime load, and DB query profiles against Phase 10 targets
{"level":"info","time":"2026-07-28T09:44:46.767Z","service":"api","msg":"request.completed","method":"GET","url":"/v1/staff/work-items?propertyId=3ab87d2a-0c78-4fac-aa15-515a733cc3ae&queue=inbox","statusCode":200,"requestId":"fd7eadb8-3065-4b40-b7dc-d8ac4f64eec8"}

stdout | src/phase10-load.integration.test.ts > phase 10.2 performance and load qualification > records API load, realtime load, and DB query profiles against Phase 10 targets
{"level":"info","time":"2026-07-28T09:44:46.768Z","service":"api","msg":"request.completed","method":"GET","url":"/v1/guest/realtime/events?limit=20","statusCode":200,"requestId":"b6372143-92f8-444b-9260-9fc6f0e15a36"}

stdout | src/phase10-load.integration.test.ts > phase 10.2 performance and load qualification > records API load, realtime load, and DB query profiles against Phase 10 targets
{"level":"info","time":"2026-07-28T09:44:46.769Z","service":"api","msg":"request.completed","method":"GET","url":"/v1/guest/realtime/events?limit=20","statusCode":200,"requestId":"3fe6a3cc-d761-4b89-a82b-e5d293d83cbf"}

stdout | src/phase10-load.integration.test.ts > phase 10.2 performance and load qualification > records API load, realtime load, and DB query profiles against Phase 10 targets
{"level":"info","time":"2026-07-28T09:44:46.769Z","service":"api","msg":"request.completed","method":"GET","url":"/v1/guest/realtime/events?limit=20","statusCode":200,"requestId":"3bee9a08-2191-4b64-be31-57959d65de6a"}

stdout | src/phase10-load.integration.test.ts > phase 10.2 performance and load qualification > records API load, realtime load, and DB query profiles against Phase 10 targets
{"level":"info","time":"2026-07-28T09:44:46.769Z","service":"api","msg":"request.completed","method":"GET","url":"/v1/guest/realtime/events?limit=20","statusCode":200,"requestId":"b2bb2d45-a5be-49cf-846b-c926f1562c8d"}

stdout | src/phase10-load.integration.test.ts > phase 10.2 performance and load qualification > records API load, realtime load, and DB query profiles against Phase 10 targets
{"level":"info","time":"2026-07-28T09:44:46.769Z","service":"api","msg":"request.completed","method":"GET","url":"/v1/guest/realtime/events?limit=20","statusCode":200,"requestId":"6c15ec8b-5229-4836-947f-8789958b3a60"}

stdout | src/phase10-load.integration.test.ts > phase 10.2 performance and load qualification > records API load, realtime load, and DB query profiles against Phase 10 targets
{"level":"info","time":"2026-07-28T09:44:46.769Z","service":"api","msg":"request.completed","method":"GET","url":"/v1/guest/realtime/events?limit=20","statusCode":200,"requestId":"7e585ca1-965c-4989-9993-a649f1739894"}

stdout | src/phase10-load.integration.test.ts > phase 10.2 performance and load qualification > records API load, realtime load, and DB query profiles against Phase 10 targets
{"level":"info","time":"2026-07-28T09:44:46.770Z","service":"api","msg":"request.completed","method":"GET","url":"/v1/guest/realtime/events?limit=20","statusCode":200,"requestId":"b5fdadaf-6a53-4e6d-96b5-aad35bdc3d4c"}

stdout | src/phase10-load.integration.test.ts > phase 10.2 performance and load qualification > records API load, realtime load, and DB query profiles against Phase 10 targets
{"level":"info","time":"2026-07-28T09:44:46.771Z","service":"api","msg":"request.completed","method":"GET","url":"/v1/staff/work-items?propertyId=3ab87d2a-0c78-4fac-aa15-515a733cc3ae&queue=inbox","statusCode":200,"requestId":"09a61b67-8245-4868-87a3-8b41e9e1089a"}

stdout | src/phase10-load.integration.test.ts > phase 10.2 performance and load qualification > records API load, realtime load, and DB query profiles against Phase 10 targets
{"level":"info","time":"2026-07-28T09:44:46.772Z","service":"api","msg":"request.completed","method":"GET","url":"/v1/staff/work-items?propertyId=3ab87d2a-0c78-4fac-aa15-515a733cc3ae&queue=inbox","statusCode":200,"requestId":"904a8d57-b3d8-4266-b167-f98f3b157919"}

stdout | src/phase10-load.integration.test.ts > phase 10.2 performance and load qualification > records API load, realtime load, and DB query profiles against Phase 10 targets
{"level":"info","time":"2026-07-28T09:44:46.773Z","service":"api","msg":"request.completed","method":"GET","url":"/v1/staff/work-items?propertyId=3ab87d2a-0c78-4fac-aa15-515a733cc3ae&queue=inbox","statusCode":200,"requestId":"9cccd6b6-b445-4bca-a707-4da208fea89e"}

stdout | src/phase10-load.integration.test.ts > phase 10.2 performance and load qualification > records API load, realtime load, and DB query profiles against Phase 10 targets
{"level":"info","time":"2026-07-28T09:44:46.774Z","service":"api","msg":"request.completed","method":"GET","url":"/v1/staff/work-items?propertyId=3ab87d2a-0c78-4fac-aa15-515a733cc3ae&queue=inbox","statusCode":200,"requestId":"b5277706-bcfc-4fe2-af22-bf2840bb6875"}

stdout | src/phase10-load.integration.test.ts > phase 10.2 performance and load qualification > records API load, realtime load, and DB query profiles against Phase 10 targets
{"level":"info","time":"2026-07-28T09:44:46.775Z","service":"api","msg":"request.completed","method":"GET","url":"/v1/guest/realtime/events?limit=20","statusCode":200,"requestId":"66a76fac-6eca-4a44-93d6-5e173766b5b5"}

stdout | src/phase10-load.integration.test.ts > phase 10.2 performance and load qualification > records API load, realtime load, and DB query profiles against Phase 10 targets
{"level":"info","time":"2026-07-28T09:44:46.777Z","service":"api","msg":"request.completed","method":"GET","url":"/v1/properties?organizationId=d215a186-f84d-4c7c-b75a-3189969999c2","statusCode":200,"requestId":"46042d4d-6827-4309-a530-c5e9b50edc9c"}

stdout | src/phase10-load.integration.test.ts > phase 10.2 performance and load qualification > records API load, realtime load, and DB query profiles against Phase 10 targets
{"level":"info","time":"2026-07-28T09:44:46.778Z","service":"api","msg":"request.completed","method":"GET","url":"/v1/properties?organizationId=d215a186-f84d-4c7c-b75a-3189969999c2","statusCode":200,"requestId":"015a2430-15f5-4aff-a266-fe1a13a6e72a"}

stdout | src/phase10-load.integration.test.ts > phase 10.2 performance and load qualification > records API load, realtime load, and DB query profiles against Phase 10 targets
{"level":"info","time":"2026-07-28T09:44:46.778Z","service":"api","msg":"request.completed","method":"GET","url":"/v1/properties?organizationId=d215a186-f84d-4c7c-b75a-3189969999c2","statusCode":200,"requestId":"c0af142b-b78a-4174-a49f-622829550cc2"}

stdout | src/phase10-load.integration.test.ts > phase 10.2 performance and load qualification > records API load, realtime load, and DB query profiles against Phase 10 targets
{"level":"info","time":"2026-07-28T09:44:46.779Z","service":"api","msg":"request.completed","method":"GET","url":"/v1/properties?organizationId=d215a186-f84d-4c7c-b75a-3189969999c2","statusCode":200,"requestId":"fc147f63-3774-4465-a73a-d6a52b7cb82f"}

stdout | src/phase10-load.integration.test.ts > phase 10.2 performance and load qualification > records API load, realtime load, and DB query profiles against Phase 10 targets
{"level":"info","time":"2026-07-28T09:44:46.780Z","service":"api","msg":"request.completed","method":"GET","url":"/v1/properties?organizationId=d215a186-f84d-4c7c-b75a-3189969999c2","statusCode":200,"requestId":"423b263f-5d0d-44d5-8bfa-102516ccba84"}

stdout | src/phase10-load.integration.test.ts > phase 10.2 performance and load qualification > records API load, realtime load, and DB query profiles against Phase 10 targets
{"level":"info","time":"2026-07-28T09:44:46.780Z","service":"api","msg":"request.completed","method":"GET","url":"/v1/properties?organizationId=d215a186-f84d-4c7c-b75a-3189969999c2","statusCode":200,"requestId":"24917821-46b8-4203-8f6a-4bbe60dda69f"}

stdout | src/phase10-load.integration.test.ts > phase 10.2 performance and load qualification > records API load, realtime load, and DB query profiles against Phase 10 targets
{"level":"info","time":"2026-07-28T09:44:46.781Z","service":"api","msg":"request.completed","method":"GET","url":"/v1/properties?organizationId=d215a186-f84d-4c7c-b75a-3189969999c2","statusCode":200,"requestId":"21c7a838-d885-43fd-a4bf-775ecfe0c13f"}

stdout | src/phase10-load.integration.test.ts > phase 10.2 performance and load qualification > records API load, realtime load, and DB query profiles against Phase 10 targets
{"level":"info","time":"2026-07-28T09:44:46.785Z","service":"api","msg":"request.completed","method":"GET","url":"/v1/properties?organizationId=d215a186-f84d-4c7c-b75a-3189969999c2","statusCode":200,"requestId":"0348e2f0-0e4f-450e-8962-5ab9091d4241"}

stdout | src/phase10-load.integration.test.ts > phase 10.2 performance and load qualification > records API load, realtime load, and DB query profiles against Phase 10 targets
{"level":"info","time":"2026-07-28T09:44:46.786Z","service":"api","msg":"request.completed","method":"GET","url":"/v1/properties?organizationId=d215a186-f84d-4c7c-b75a-3189969999c2","statusCode":200,"requestId":"e4f47d94-d15a-40a7-876a-852117c52816"}

stdout | src/phase10-load.integration.test.ts > phase 10.2 performance and load qualification > records API load, realtime load, and DB query profiles against Phase 10 targets
{"level":"info","time":"2026-07-28T09:44:46.789Z","service":"api","msg":"request.completed","method":"GET","url":"/v1/properties?organizationId=d215a186-f84d-4c7c-b75a-3189969999c2","statusCode":200,"requestId":"edcd7278-edb5-4f10-8216-11ecda7b8e90"}

stdout | src/phase10-load.integration.test.ts > phase 10.2 performance and load qualification > records API load, realtime load, and DB query profiles against Phase 10 targets
{"level":"info","time":"2026-07-28T09:44:46.789Z","service":"api","msg":"request.completed","method":"GET","url":"/v1/admin/properties/3ab87d2a-0c78-4fac-aa15-515a733cc3ae/analytics?timezone=Asia/Ho_Chi_Minh","statusCode":200,"requestId":"83a1f386-3c79-4735-be98-8ef6d9ca4cf8"}

stdout | src/phase10-load.integration.test.ts > phase 10.2 performance and load qualification > records API load, realtime load, and DB query profiles against Phase 10 targets
{"level":"info","time":"2026-07-28T09:44:46.790Z","service":"api","msg":"request.completed","method":"GET","url":"/v1/properties?organizationId=d215a186-f84d-4c7c-b75a-3189969999c2","statusCode":200,"requestId":"018b257b-1cc6-4c88-ac74-79b3c2c39e48"}

stdout | src/phase10-load.integration.test.ts > phase 10.2 performance and load qualification > records API load, realtime load, and DB query profiles against Phase 10 targets
{"level":"info","time":"2026-07-28T09:44:46.791Z","service":"api","msg":"request.completed","method":"GET","url":"/v1/properties?organizationId=d215a186-f84d-4c7c-b75a-3189969999c2","statusCode":200,"requestId":"962dba82-9aea-4710-be08-4eb424194555"}

stdout | src/phase10-load.integration.test.ts > phase 10.2 performance and load qualification > records API load, realtime load, and DB query profiles against Phase 10 targets
{"level":"info","time":"2026-07-28T09:44:46.794Z","service":"api","msg":"request.completed","method":"GET","url":"/v1/admin/properties/3ab87d2a-0c78-4fac-aa15-515a733cc3ae/analytics?timezone=Asia/Ho_Chi_Minh","statusCode":200,"requestId":"c8280a19-7c89-44e0-bfda-5c3eef2baad8"}

stdout | src/phase10-load.integration.test.ts > phase 10.2 performance and load qualification > records API load, realtime load, and DB query profiles against Phase 10 targets
{"level":"info","time":"2026-07-28T09:44:46.795Z","service":"api","msg":"request.completed","method":"GET","url":"/v1/admin/properties/3ab87d2a-0c78-4fac-aa15-515a733cc3ae/analytics?timezone=Asia/Ho_Chi_Minh","statusCode":200,"requestId":"1bff38ba-56bb-4982-9bfb-967ec365fe01"}

stdout | src/phase10-load.integration.test.ts > phase 10.2 performance and load qualification > records API load, realtime load, and DB query profiles against Phase 10 targets
{"level":"info","time":"2026-07-28T09:44:46.796Z","service":"api","msg":"request.completed","method":"GET","url":"/v1/guest/realtime/events?limit=20","statusCode":200,"requestId":"b95d58ff-6883-44d3-9e8c-bab5127be946"}

stdout | src/phase10-load.integration.test.ts > phase 10.2 performance and load qualification > records API load, realtime load, and DB query profiles against Phase 10 targets
{"level":"info","time":"2026-07-28T09:44:46.796Z","service":"api","msg":"request.completed","method":"GET","url":"/v1/admin/properties/3ab87d2a-0c78-4fac-aa15-515a733cc3ae/analytics?timezone=Asia/Ho_Chi_Minh","statusCode":200,"requestId":"1524e09e-5124-4153-8200-1b4b8b217d54"}

stdout | src/phase10-load.integration.test.ts > phase 10.2 performance and load qualification > records API load, realtime load, and DB query profiles against Phase 10 targets
{"level":"info","time":"2026-07-28T09:44:46.797Z","service":"api","msg":"request.completed","method":"GET","url":"/v1/admin/properties/3ab87d2a-0c78-4fac-aa15-515a733cc3ae/analytics?timezone=Asia/Ho_Chi_Minh","statusCode":200,"requestId":"80b8f132-cb8b-45c9-ad85-1bfbcd76e978"}

stdout | src/phase10-load.integration.test.ts > phase 10.2 performance and load qualification > records API load, realtime load, and DB query profiles against Phase 10 targets
{"level":"info","time":"2026-07-28T09:44:46.798Z","service":"api","msg":"request.completed","method":"GET","url":"/v1/admin/properties/3ab87d2a-0c78-4fac-aa15-515a733cc3ae/analytics?timezone=Asia/Ho_Chi_Minh","statusCode":200,"requestId":"ca902fff-0651-4689-b040-8ae11871e664"}

stdout | src/phase10-load.integration.test.ts > phase 10.2 performance and load qualification > records API load, realtime load, and DB query profiles against Phase 10 targets
{"level":"info","time":"2026-07-28T09:44:46.798Z","service":"api","msg":"request.completed","method":"GET","url":"/v1/admin/properties/3ab87d2a-0c78-4fac-aa15-515a733cc3ae/analytics?timezone=Asia/Ho_Chi_Minh","statusCode":200,"requestId":"7b646734-a5e5-4e78-8c84-3383ff1d2425"}

stdout | src/phase10-load.integration.test.ts > phase 10.2 performance and load qualification > records API load, realtime load, and DB query profiles against Phase 10 targets
{"level":"info","time":"2026-07-28T09:44:46.798Z","service":"api","msg":"request.completed","method":"GET","url":"/v1/guest/realtime/events?limit=20","statusCode":200,"requestId":"214d65ad-a942-47dd-bc1c-7fd8eae17839"}

stdout | src/phase10-load.integration.test.ts > phase 10.2 performance and load qualification > records API load, realtime load, and DB query profiles against Phase 10 targets
{"level":"info","time":"2026-07-28T09:44:46.799Z","service":"api","msg":"request.completed","method":"GET","url":"/v1/guest/realtime/events?limit=20","statusCode":200,"requestId":"0006f080-a405-4cb3-bfbb-ade971ea8f7e"}

stdout | src/phase10-load.integration.test.ts > phase 10.2 performance and load qualification > records API load, realtime load, and DB query profiles against Phase 10 targets
{"level":"info","time":"2026-07-28T09:44:46.799Z","service":"api","msg":"request.completed","method":"GET","url":"/v1/admin/properties/3ab87d2a-0c78-4fac-aa15-515a733cc3ae/analytics?timezone=Asia/Ho_Chi_Minh","statusCode":200,"requestId":"c0861f1d-67b8-4f8a-8a66-272a06236218"}

stdout | src/phase10-load.integration.test.ts > phase 10.2 performance and load qualification > records API load, realtime load, and DB query profiles against Phase 10 targets
{"level":"info","time":"2026-07-28T09:44:46.800Z","service":"api","msg":"request.completed","method":"GET","url":"/v1/guest/realtime/events?limit=20","statusCode":200,"requestId":"73777322-a446-4c7a-a368-3e1d7208d727"}

stdout | src/phase10-load.integration.test.ts > phase 10.2 performance and load qualification > records API load, realtime load, and DB query profiles against Phase 10 targets
{"level":"info","time":"2026-07-28T09:44:46.800Z","service":"api","msg":"request.completed","method":"GET","url":"/v1/guest/realtime/events?limit=20","statusCode":200,"requestId":"384f8a75-0710-4dec-8e9c-ef42f3779a8b"}

stdout | src/phase10-load.integration.test.ts > phase 10.2 performance and load qualification > records API load, realtime load, and DB query profiles against Phase 10 targets
{"level":"info","time":"2026-07-28T09:44:46.800Z","service":"api","msg":"request.completed","method":"GET","url":"/v1/guest/realtime/events?limit=20","statusCode":200,"requestId":"0ec5576d-3a86-45dd-aca7-2de89d12f07a"}

stdout | src/phase10-load.integration.test.ts > phase 10.2 performance and load qualification > records API load, realtime load, and DB query profiles against Phase 10 targets
{"level":"info","time":"2026-07-28T09:44:46.801Z","service":"api","msg":"request.completed","method":"GET","url":"/v1/guest/realtime/events?limit=20","statusCode":200,"requestId":"b7838746-2b18-44d0-ac4d-02886fe21127"}

stdout | src/phase10-load.integration.test.ts > phase 10.2 performance and load qualification > records API load, realtime load, and DB query profiles against Phase 10 targets
{"level":"info","time":"2026-07-28T09:44:46.802Z","service":"api","msg":"request.completed","method":"GET","url":"/v1/guest/realtime/events?limit=20","statusCode":200,"requestId":"463144ac-b7ed-424b-a65e-6d033b580ffa"}

stdout | src/phase10-load.integration.test.ts > phase 10.2 performance and load qualification > records API load, realtime load, and DB query profiles against Phase 10 targets
{"level":"info","time":"2026-07-28T09:44:46.803Z","service":"api","msg":"request.completed","method":"GET","url":"/v1/guest/realtime/events?limit=20","statusCode":200,"requestId":"77d7c3ae-1aad-4c55-9d52-9b57ed1e6690"}

stdout | src/phase10-load.integration.test.ts > phase 10.2 performance and load qualification > records API load, realtime load, and DB query profiles against Phase 10 targets
{"level":"info","time":"2026-07-28T09:44:46.804Z","service":"api","msg":"request.completed","method":"GET","url":"/v1/guest/realtime/events?limit=20","statusCode":200,"requestId":"1b1d238b-b0bd-45b5-bccc-d81525a20443"}

stdout | src/phase10-load.integration.test.ts > phase 10.2 performance and load qualification > records API load, realtime load, and DB query profiles against Phase 10 targets
{"level":"info","time":"2026-07-28T09:44:46.810Z","service":"api","msg":"request.completed","method":"GET","url":"/v1/properties?organizationId=d215a186-f84d-4c7c-b75a-3189969999c2","statusCode":200,"requestId":"ddc64f10-cfbf-4dc0-95bd-d8a2cdfb7211"}

stdout | src/phase10-load.integration.test.ts > phase 10.2 performance and load qualification > records API load, realtime load, and DB query profiles against Phase 10 targets
{"level":"info","time":"2026-07-28T09:44:46.810Z","service":"api","msg":"request.completed","method":"GET","url":"/v1/properties?organizationId=d215a186-f84d-4c7c-b75a-3189969999c2","statusCode":200,"requestId":"5efc4943-be7d-4996-a001-1daf634cb8a9"}

stdout | src/phase10-load.integration.test.ts > phase 10.2 performance and load qualification > records API load, realtime load, and DB query profiles against Phase 10 targets
{"level":"info","time":"2026-07-28T09:44:46.811Z","service":"api","msg":"request.completed","method":"GET","url":"/v1/properties?organizationId=d215a186-f84d-4c7c-b75a-3189969999c2","statusCode":200,"requestId":"f99ef158-7a08-49ba-a060-be45cdd12de7"}

stdout | src/phase10-load.integration.test.ts > phase 10.2 performance and load qualification > records API load, realtime load, and DB query profiles against Phase 10 targets
{"level":"info","time":"2026-07-28T09:44:46.813Z","service":"api","msg":"request.completed","method":"GET","url":"/v1/properties?organizationId=d215a186-f84d-4c7c-b75a-3189969999c2","statusCode":200,"requestId":"6f0e8e29-79af-4848-bcae-493e96ea3871"}

stdout | src/phase10-load.integration.test.ts > phase 10.2 performance and load qualification > records API load, realtime load, and DB query profiles against Phase 10 targets
{"level":"info","time":"2026-07-28T09:44:46.814Z","service":"api","msg":"request.completed","method":"GET","url":"/v1/properties?organizationId=d215a186-f84d-4c7c-b75a-3189969999c2","statusCode":200,"requestId":"356eef54-838d-4428-8b60-7f5b28d0e8de"}

stdout | src/phase10-load.integration.test.ts > phase 10.2 performance and load qualification > records API load, realtime load, and DB query profiles against Phase 10 targets
{"level":"info","time":"2026-07-28T09:44:46.816Z","service":"api","msg":"request.completed","method":"GET","url":"/v1/properties?organizationId=d215a186-f84d-4c7c-b75a-3189969999c2","statusCode":200,"requestId":"37c046dc-6a92-4bce-b84d-3240b8d72395"}

stdout | src/phase10-load.integration.test.ts > phase 10.2 performance and load qualification > records API load, realtime load, and DB query profiles against Phase 10 targets
{"level":"info","time":"2026-07-28T09:44:46.816Z","service":"api","msg":"request.completed","method":"GET","url":"/v1/properties?organizationId=d215a186-f84d-4c7c-b75a-3189969999c2","statusCode":200,"requestId":"8bb536a5-e40b-4418-b248-f6e67ae99714"}

stdout | src/phase10-load.integration.test.ts > phase 10.2 performance and load qualification > records API load, realtime load, and DB query profiles against Phase 10 targets
{"level":"info","time":"2026-07-28T09:44:46.819Z","service":"api","msg":"request.completed","method":"GET","url":"/v1/properties?organizationId=d215a186-f84d-4c7c-b75a-3189969999c2","statusCode":200,"requestId":"fb8178f2-211f-48ae-8891-e21c1f81f799"}

stdout | src/phase10-load.integration.test.ts > phase 10.2 performance and load qualification > records API load, realtime load, and DB query profiles against Phase 10 targets
{"level":"info","time":"2026-07-28T09:44:46.820Z","service":"api","msg":"request.completed","method":"GET","url":"/v1/properties?organizationId=d215a186-f84d-4c7c-b75a-3189969999c2","statusCode":200,"requestId":"2155e20e-35cd-41bd-a6eb-dfa49d3c8283"}

stdout | src/phase10-load.integration.test.ts > phase 10.2 performance and load qualification > records API load, realtime load, and DB query profiles against Phase 10 targets
{"level":"info","time":"2026-07-28T09:44:46.822Z","service":"api","msg":"request.completed","method":"GET","url":"/v1/staff/work-items?propertyId=3ab87d2a-0c78-4fac-aa15-515a733cc3ae&queue=inbox","statusCode":200,"requestId":"3981d6ac-1460-4426-b709-f2785130d66e"}

stdout | src/phase10-load.integration.test.ts > phase 10.2 performance and load qualification > records API load, realtime load, and DB query profiles against Phase 10 targets
{"level":"info","time":"2026-07-28T09:44:46.824Z","service":"api","msg":"request.completed","method":"GET","url":"/v1/staff/work-items?propertyId=3ab87d2a-0c78-4fac-aa15-515a733cc3ae&queue=inbox","statusCode":200,"requestId":"43ccad42-0027-4ec1-a14c-ba75f7376a60"}

stdout | src/phase10-load.integration.test.ts > phase 10.2 performance and load qualification > records API load, realtime load, and DB query profiles against Phase 10 targets
{"level":"info","time":"2026-07-28T09:44:46.825Z","service":"api","msg":"request.completed","method":"GET","url":"/v1/staff/work-items?propertyId=3ab87d2a-0c78-4fac-aa15-515a733cc3ae&queue=inbox","statusCode":200,"requestId":"ad58be67-5a48-4758-8426-6f3b39133e4f"}

stdout | src/phase10-load.integration.test.ts > phase 10.2 performance and load qualification > records API load, realtime load, and DB query profiles against Phase 10 targets
{"level":"info","time":"2026-07-28T09:44:46.830Z","service":"api","msg":"request.completed","method":"GET","url":"/v1/guest/realtime/events?limit=20","statusCode":200,"requestId":"eba8c0d7-69fd-40aa-9bcb-61450674157a"}

stdout | src/phase10-load.integration.test.ts > phase 10.2 performance and load qualification > records API load, realtime load, and DB query profiles against Phase 10 targets
{"level":"info","time":"2026-07-28T09:44:46.831Z","service":"api","msg":"request.completed","method":"GET","url":"/v1/staff/work-items?propertyId=3ab87d2a-0c78-4fac-aa15-515a733cc3ae&queue=inbox","statusCode":200,"requestId":"48d79dea-784f-4c21-b0e9-fa68a4789381"}

stdout | src/phase10-load.integration.test.ts > phase 10.2 performance and load qualification > records API load, realtime load, and DB query profiles against Phase 10 targets
{"level":"info","time":"2026-07-28T09:44:46.832Z","service":"api","msg":"request.completed","method":"GET","url":"/v1/guest/realtime/events?limit=20","statusCode":200,"requestId":"eb9fb72e-4378-4686-be85-a37d973dcca3"}

stdout | src/phase10-load.integration.test.ts > phase 10.2 performance and load qualification > records API load, realtime load, and DB query profiles against Phase 10 targets
{"level":"info","time":"2026-07-28T09:44:46.833Z","service":"api","msg":"request.completed","method":"GET","url":"/v1/properties?organizationId=d215a186-f84d-4c7c-b75a-3189969999c2","statusCode":200,"requestId":"9c912128-3aea-40b1-ade3-145e8c95b664"}

stdout | src/phase10-load.integration.test.ts > phase 10.2 performance and load qualification > records API load, realtime load, and DB query profiles against Phase 10 targets
{"level":"info","time":"2026-07-28T09:44:46.835Z","service":"api","msg":"request.completed","method":"GET","url":"/v1/staff/work-items?propertyId=3ab87d2a-0c78-4fac-aa15-515a733cc3ae&queue=inbox","statusCode":200,"requestId":"3a98671b-4376-499e-8ee2-5f03fbf0641a"}

stdout | src/phase10-load.integration.test.ts > phase 10.2 performance and load qualification > records API load, realtime load, and DB query profiles against Phase 10 targets
{"level":"info","time":"2026-07-28T09:44:46.836Z","service":"api","msg":"request.completed","method":"GET","url":"/v1/staff/work-items?propertyId=3ab87d2a-0c78-4fac-aa15-515a733cc3ae&queue=inbox","statusCode":200,"requestId":"fd7638bd-6e3e-4713-9409-04ac9e152fbf"}

stdout | src/phase10-load.integration.test.ts > phase 10.2 performance and load qualification > records API load, realtime load, and DB query profiles against Phase 10 targets
{"level":"info","time":"2026-07-28T09:44:46.839Z","service":"api","msg":"request.completed","method":"GET","url":"/v1/staff/work-items?propertyId=3ab87d2a-0c78-4fac-aa15-515a733cc3ae&queue=inbox","statusCode":200,"requestId":"fe924f18-5eb8-44a3-949d-449d276765d5"}

stdout | src/phase10-load.integration.test.ts > phase 10.2 performance and load qualification > records API load, realtime load, and DB query profiles against Phase 10 targets
{"level":"info","time":"2026-07-28T09:44:46.840Z","service":"api","msg":"request.completed","method":"GET","url":"/v1/properties?organizationId=d215a186-f84d-4c7c-b75a-3189969999c2","statusCode":200,"requestId":"8bac25fb-57a7-455e-bd22-8dec049966fd"}

stdout | src/phase10-load.integration.test.ts > phase 10.2 performance and load qualification > records API load, realtime load, and DB query profiles against Phase 10 targets
{"level":"info","time":"2026-07-28T09:44:46.843Z","service":"api","msg":"request.completed","method":"GET","url":"/v1/staff/work-items?propertyId=3ab87d2a-0c78-4fac-aa15-515a733cc3ae&queue=inbox","statusCode":200,"requestId":"583a90c6-d018-4207-878e-bd38284523da"}

stdout | src/phase10-load.integration.test.ts > phase 10.2 performance and load qualification > records API load, realtime load, and DB query profiles against Phase 10 targets
{"level":"info","time":"2026-07-28T09:44:46.844Z","service":"api","msg":"request.completed","method":"GET","url":"/v1/guest/realtime/events?limit=20","statusCode":200,"requestId":"4efbd73e-157e-4a7e-ba28-b183a3b5b85e"}

stdout | src/phase10-load.integration.test.ts > phase 10.2 performance and load qualification > records API load, realtime load, and DB query profiles against Phase 10 targets
{"level":"info","time":"2026-07-28T09:44:46.844Z","service":"api","msg":"request.completed","method":"GET","url":"/v1/guest/realtime/events?limit=20","statusCode":200,"requestId":"ae493eec-23b0-4247-bdb8-1a603596707f"}

stdout | src/phase10-load.integration.test.ts > phase 10.2 performance and load qualification > records API load, realtime load, and DB query profiles against Phase 10 targets
{"level":"info","time":"2026-07-28T09:44:46.844Z","service":"api","msg":"request.completed","method":"GET","url":"/v1/guest/realtime/events?limit=20","statusCode":200,"requestId":"7c2d81e9-38c1-4735-aa63-9a141fe68d11"}

stdout | src/phase10-load.integration.test.ts > phase 10.2 performance and load qualification > records API load, realtime load, and DB query profiles against Phase 10 targets
{"level":"info","time":"2026-07-28T09:44:46.844Z","service":"api","msg":"request.completed","method":"GET","url":"/v1/guest/realtime/events?limit=20","statusCode":200,"requestId":"85a379d1-ee4c-4f9d-83b8-9b36c0ced3b6"}

stdout | src/phase10-load.integration.test.ts > phase 10.2 performance and load qualification > records API load, realtime load, and DB query profiles against Phase 10 targets
{"level":"info","time":"2026-07-28T09:44:46.844Z","service":"api","msg":"request.completed","method":"GET","url":"/v1/guest/realtime/events?limit=20","statusCode":200,"requestId":"7a0fbbe3-9969-4034-8766-c4384ad09c58"}

stdout | src/phase10-load.integration.test.ts > phase 10.2 performance and load qualification > records API load, realtime load, and DB query profiles against Phase 10 targets
{"level":"info","time":"2026-07-28T09:44:46.847Z","service":"api","msg":"request.completed","method":"GET","url":"/v1/staff/work-items?propertyId=3ab87d2a-0c78-4fac-aa15-515a733cc3ae&queue=inbox","statusCode":200,"requestId":"b8170c50-2427-434d-ac34-83c2a24341e3"}

stdout | src/phase10-load.integration.test.ts > phase 10.2 performance and load qualification > records API load, realtime load, and DB query profiles against Phase 10 targets
{"level":"info","time":"2026-07-28T09:44:46.849Z","service":"api","msg":"request.completed","method":"GET","url":"/v1/staff/work-items?propertyId=3ab87d2a-0c78-4fac-aa15-515a733cc3ae&queue=inbox","statusCode":200,"requestId":"6545de0a-ffa4-43d2-a4ee-f28c88d4fb97"}

stdout | src/phase10-load.integration.test.ts > phase 10.2 performance and load qualification > records API load, realtime load, and DB query profiles against Phase 10 targets
{"level":"info","time":"2026-07-28T09:44:46.849Z","service":"api","msg":"request.completed","method":"GET","url":"/v1/guest/realtime/events?limit=20","statusCode":200,"requestId":"2fa88b0e-3747-4701-8e78-a228a00daa47"}

stdout | src/phase10-load.integration.test.ts > phase 10.2 performance and load qualification > records API load, realtime load, and DB query profiles against Phase 10 targets
{"level":"info","time":"2026-07-28T09:44:46.851Z","service":"api","msg":"request.completed","method":"GET","url":"/v1/staff/work-items?propertyId=3ab87d2a-0c78-4fac-aa15-515a733cc3ae&queue=inbox","statusCode":200,"requestId":"841ba26f-33d3-4d6d-b12f-ca6d46e8c9fe"}

stdout | src/phase10-load.integration.test.ts > phase 10.2 performance and load qualification > records API load, realtime load, and DB query profiles against Phase 10 targets
{"level":"info","time":"2026-07-28T09:44:46.852Z","service":"api","msg":"request.completed","method":"GET","url":"/v1/properties?organizationId=d215a186-f84d-4c7c-b75a-3189969999c2","statusCode":200,"requestId":"cde2ba6a-1fdc-49a6-a6f1-6cefd2c01994"}

stdout | src/phase10-load.integration.test.ts > phase 10.2 performance and load qualification > records API load, realtime load, and DB query profiles against Phase 10 targets
{"level":"info","time":"2026-07-28T09:44:46.853Z","service":"api","msg":"request.completed","method":"GET","url":"/v1/guest/realtime/events?limit=20","statusCode":200,"requestId":"2c710a34-0d71-457b-abeb-47f3470a981c"}

stdout | src/phase10-load.integration.test.ts > phase 10.2 performance and load qualification > records API load, realtime load, and DB query profiles against Phase 10 targets
{"level":"info","time":"2026-07-28T09:44:46.853Z","service":"api","msg":"request.completed","method":"GET","url":"/v1/guest/realtime/events?limit=20","statusCode":200,"requestId":"ba954aad-8fb6-4d20-ad0b-1f755aaf9fe7"}

stdout | src/phase10-load.integration.test.ts > phase 10.2 performance and load qualification > records API load, realtime load, and DB query profiles against Phase 10 targets
{"level":"info","time":"2026-07-28T09:44:46.855Z","service":"api","msg":"request.completed","method":"GET","url":"/v1/staff/work-items?propertyId=3ab87d2a-0c78-4fac-aa15-515a733cc3ae&queue=inbox","statusCode":200,"requestId":"e3aec1b7-7825-4f68-8a3d-e341aee34767"}

stdout | src/phase10-load.integration.test.ts > phase 10.2 performance and load qualification > records API load, realtime load, and DB query profiles against Phase 10 targets
{"level":"info","time":"2026-07-28T09:44:46.857Z","service":"api","msg":"request.completed","method":"GET","url":"/v1/admin/properties/3ab87d2a-0c78-4fac-aa15-515a733cc3ae/analytics?timezone=Asia/Ho_Chi_Minh","statusCode":200,"requestId":"d241cd27-72ae-4ad9-84a4-c7821d2548b2"}

stdout | src/phase10-load.integration.test.ts > phase 10.2 performance and load qualification > records API load, realtime load, and DB query profiles against Phase 10 targets
{"level":"info","time":"2026-07-28T09:44:46.860Z","service":"api","msg":"request.completed","method":"GET","url":"/v1/admin/properties/3ab87d2a-0c78-4fac-aa15-515a733cc3ae/analytics?timezone=Asia/Ho_Chi_Minh","statusCode":200,"requestId":"a7fe884f-9928-4d11-8043-2803ae4487d4"}

stdout | src/phase10-load.integration.test.ts > phase 10.2 performance and load qualification > records API load, realtime load, and DB query profiles against Phase 10 targets
{"level":"info","time":"2026-07-28T09:44:46.861Z","service":"api","msg":"request.completed","method":"GET","url":"/v1/admin/properties/3ab87d2a-0c78-4fac-aa15-515a733cc3ae/analytics?timezone=Asia/Ho_Chi_Minh","statusCode":200,"requestId":"f3a7e619-8da2-49be-a2c7-d2588804fa93"}

stdout | src/phase10-load.integration.test.ts > phase 10.2 performance and load qualification > records API load, realtime load, and DB query profiles against Phase 10 targets
{"level":"info","time":"2026-07-28T09:44:46.863Z","service":"api","msg":"request.completed","method":"GET","url":"/v1/admin/properties/3ab87d2a-0c78-4fac-aa15-515a733cc3ae/analytics?timezone=Asia/Ho_Chi_Minh","statusCode":200,"requestId":"cc2a0367-ee33-4b2b-9286-bf2fa98a92b7"}

stdout | src/phase10-load.integration.test.ts > phase 10.2 performance and load qualification > records API load, realtime load, and DB query profiles against Phase 10 targets
{"level":"info","time":"2026-07-28T09:44:46.864Z","service":"api","msg":"request.completed","method":"GET","url":"/v1/admin/properties/3ab87d2a-0c78-4fac-aa15-515a733cc3ae/analytics?timezone=Asia/Ho_Chi_Minh","statusCode":200,"requestId":"9c94e868-4b6b-4aca-b98d-dab1eb5bfefc"}

stdout | src/phase10-load.integration.test.ts > phase 10.2 performance and load qualification > records API load, realtime load, and DB query profiles against Phase 10 targets
{"level":"info","time":"2026-07-28T09:44:46.866Z","service":"api","msg":"request.completed","method":"GET","url":"/v1/admin/properties/3ab87d2a-0c78-4fac-aa15-515a733cc3ae/analytics?timezone=Asia/Ho_Chi_Minh","statusCode":200,"requestId":"1bf84268-6b2c-4540-9f9a-1d45a22eaa4d"}

stdout | src/phase10-load.integration.test.ts > phase 10.2 performance and load qualification > records API load, realtime load, and DB query profiles against Phase 10 targets
{"level":"info","time":"2026-07-28T09:44:46.868Z","service":"api","msg":"request.completed","method":"GET","url":"/v1/admin/properties/3ab87d2a-0c78-4fac-aa15-515a733cc3ae/analytics?timezone=Asia/Ho_Chi_Minh","statusCode":200,"requestId":"b0052144-4707-4bf1-85c8-263af641b205"}

stdout | src/phase10-load.integration.test.ts > phase 10.2 performance and load qualification > records API load, realtime load, and DB query profiles against Phase 10 targets
{"level":"info","time":"2026-07-28T09:44:46.871Z","service":"api","msg":"request.completed","method":"GET","url":"/v1/admin/properties/3ab87d2a-0c78-4fac-aa15-515a733cc3ae/analytics?timezone=Asia/Ho_Chi_Minh","statusCode":200,"requestId":"395b50f2-ce09-45fa-8974-1ea3589421fe"}

stdout | src/phase10-load.integration.test.ts > phase 10.2 performance and load qualification > records API load, realtime load, and DB query profiles against Phase 10 targets
{"level":"info","time":"2026-07-28T09:44:46.873Z","service":"api","msg":"request.completed","method":"GET","url":"/v1/properties?organizationId=d215a186-f84d-4c7c-b75a-3189969999c2","statusCode":200,"requestId":"11117a34-b0f5-4ab5-bfc6-60d3e258fbcf"}

stdout | src/phase10-load.integration.test.ts > phase 10.2 performance and load qualification > records API load, realtime load, and DB query profiles against Phase 10 targets
{"level":"info","time":"2026-07-28T09:44:46.874Z","service":"api","msg":"request.completed","method":"GET","url":"/v1/properties?organizationId=d215a186-f84d-4c7c-b75a-3189969999c2","statusCode":200,"requestId":"b6c667bb-2d9f-472a-932e-467808c7e840"}

stdout | src/phase10-load.integration.test.ts > phase 10.2 performance and load qualification > records API load, realtime load, and DB query profiles against Phase 10 targets
{"level":"info","time":"2026-07-28T09:44:46.875Z","service":"api","msg":"request.completed","method":"GET","url":"/v1/properties?organizationId=d215a186-f84d-4c7c-b75a-3189969999c2","statusCode":200,"requestId":"31be56b0-85e8-4f9f-b4d5-9a4e02438967"}

stdout | src/phase10-load.integration.test.ts > phase 10.2 performance and load qualification > records API load, realtime load, and DB query profiles against Phase 10 targets
{"level":"info","time":"2026-07-28T09:44:46.877Z","service":"api","msg":"request.completed","method":"GET","url":"/v1/properties?organizationId=d215a186-f84d-4c7c-b75a-3189969999c2","statusCode":200,"requestId":"200403da-14cd-4209-8c1f-7429bdaa6f77"}

stdout | src/phase10-load.integration.test.ts > phase 10.2 performance and load qualification > records API load, realtime load, and DB query profiles against Phase 10 targets
{"level":"info","time":"2026-07-28T09:44:46.884Z","service":"api","msg":"request.completed","method":"GET","url":"/v1/properties?organizationId=d215a186-f84d-4c7c-b75a-3189969999c2","statusCode":200,"requestId":"6c64c5b6-e5aa-4a2a-a084-e63a77d62b1b"}

stdout | src/phase10-load.integration.test.ts > phase 10.2 performance and load qualification > records API load, realtime load, and DB query profiles against Phase 10 targets
{"level":"info","time":"2026-07-28T09:44:46.899Z","service":"api","msg":"request.completed","method":"GET","url":"/v1/properties?organizationId=d215a186-f84d-4c7c-b75a-3189969999c2","statusCode":200,"requestId":"c520e801-722f-4a93-a2cd-66b08529de1c"}

stdout | src/phase10-load.integration.test.ts > phase 10.2 performance and load qualification > records API load, realtime load, and DB query profiles against Phase 10 targets
{"level":"info","time":"2026-07-28T09:44:46.899Z","service":"api","msg":"request.completed","method":"GET","url":"/v1/properties?organizationId=d215a186-f84d-4c7c-b75a-3189969999c2","statusCode":200,"requestId":"7e28ebc0-03eb-4932-9fee-ac4f85e17434"}

stdout | src/phase10-load.integration.test.ts > phase 10.2 performance and load qualification > records API load, realtime load, and DB query profiles against Phase 10 targets
{"level":"info","time":"2026-07-28T09:44:46.902Z","service":"api","msg":"request.completed","method":"GET","url":"/v1/properties?organizationId=d215a186-f84d-4c7c-b75a-3189969999c2","statusCode":200,"requestId":"bd85bf4d-fdde-4a2f-ab88-0367b453089f"}

stdout | src/phase10-load.integration.test.ts > phase 10.2 performance and load qualification > records API load, realtime load, and DB query profiles against Phase 10 targets
{"level":"info","time":"2026-07-28T09:44:46.905Z","service":"api","msg":"request.completed","method":"GET","url":"/v1/properties?organizationId=d215a186-f84d-4c7c-b75a-3189969999c2","statusCode":200,"requestId":"13ea5dee-9ee0-4175-b275-41ea07647699"}

stdout | src/phase10-load.integration.test.ts > phase 10.2 performance and load qualification > records API load, realtime load, and DB query profiles against Phase 10 targets
{"level":"info","time":"2026-07-28T09:44:46.906Z","service":"api","msg":"request.completed","method":"GET","url":"/v1/properties?organizationId=d215a186-f84d-4c7c-b75a-3189969999c2","statusCode":200,"requestId":"76905e13-cb02-4194-9a80-06d1bc8eb940"}

stdout | src/phase10-load.integration.test.ts > phase 10.2 performance and load qualification > records API load, realtime load, and DB query profiles against Phase 10 targets
{"level":"info","time":"2026-07-28T09:44:46.907Z","service":"api","msg":"request.completed","method":"GET","url":"/v1/properties?organizationId=d215a186-f84d-4c7c-b75a-3189969999c2","statusCode":200,"requestId":"4e53567d-4c95-40ce-a760-a5968dd7e6ff"}

stdout | src/phase10-load.integration.test.ts > phase 10.2 performance and load qualification > records API load, realtime load, and DB query profiles against Phase 10 targets
{"level":"info","time":"2026-07-28T09:44:46.907Z","service":"api","msg":"request.completed","method":"GET","url":"/v1/properties?organizationId=d215a186-f84d-4c7c-b75a-3189969999c2","statusCode":200,"requestId":"6c8e5710-5f07-4a06-97ba-7050ee5a0ddb"}

stdout | src/phase10-load.integration.test.ts > phase 10.2 performance and load qualification > records API load, realtime load, and DB query profiles against Phase 10 targets
{"level":"info","time":"2026-07-28T09:44:46.915Z","service":"api","msg":"request.completed","method":"GET","url":"/v1/admin/properties/3ab87d2a-0c78-4fac-aa15-515a733cc3ae/analytics?timezone=Asia/Ho_Chi_Minh","statusCode":200,"requestId":"55052d5b-bc03-42fa-afc4-4558593a3a21"}

stdout | src/phase10-load.integration.test.ts > phase 10.2 performance and load qualification > records API load, realtime load, and DB query profiles against Phase 10 targets
{"level":"info","time":"2026-07-28T09:44:46.918Z","service":"api","msg":"request.completed","method":"GET","url":"/v1/admin/properties/3ab87d2a-0c78-4fac-aa15-515a733cc3ae/analytics?timezone=Asia/Ho_Chi_Minh","statusCode":200,"requestId":"b856f8bf-1f92-48e1-bca6-6bfa16b96dbb"}

stdout | src/phase10-load.integration.test.ts > phase 10.2 performance and load qualification > records API load, realtime load, and DB query profiles against Phase 10 targets
{"level":"info","time":"2026-07-28T09:44:46.919Z","service":"api","msg":"request.completed","method":"GET","url":"/v1/admin/properties/3ab87d2a-0c78-4fac-aa15-515a733cc3ae/analytics?timezone=Asia/Ho_Chi_Minh","statusCode":200,"requestId":"64914391-e982-468b-b087-64e18d806448"}

stdout | src/phase10-load.integration.test.ts > phase 10.2 performance and load qualification > records API load, realtime load, and DB query profiles against Phase 10 targets
{"level":"info","time":"2026-07-28T09:44:46.921Z","service":"api","msg":"request.completed","method":"GET","url":"/v1/staff/work-items?propertyId=3ab87d2a-0c78-4fac-aa15-515a733cc3ae&queue=inbox","statusCode":200,"requestId":"b7fa80d8-3bf5-400d-ab5b-6a1ac77407ac"}

stdout | src/phase10-load.integration.test.ts > phase 10.2 performance and load qualification > records API load, realtime load, and DB query profiles against Phase 10 targets
{"level":"info","time":"2026-07-28T09:44:46.922Z","service":"api","msg":"request.completed","method":"GET","url":"/v1/staff/work-items?propertyId=3ab87d2a-0c78-4fac-aa15-515a733cc3ae&queue=inbox","statusCode":200,"requestId":"580420b3-845f-467f-819b-7d9c9b1d0f9e"}

stdout | src/phase10-load.integration.test.ts > phase 10.2 performance and load qualification > records API load, realtime load, and DB query profiles against Phase 10 targets
{"level":"info","time":"2026-07-28T09:44:46.923Z","service":"api","msg":"request.completed","method":"GET","url":"/v1/staff/work-items?propertyId=3ab87d2a-0c78-4fac-aa15-515a733cc3ae&queue=inbox","statusCode":200,"requestId":"bbfe47d4-bd88-436c-b353-1b3d82588ce0"}

stdout | src/phase10-load.integration.test.ts > phase 10.2 performance and load qualification > records API load, realtime load, and DB query profiles against Phase 10 targets
{"level":"info","time":"2026-07-28T09:44:46.924Z","service":"api","msg":"request.completed","method":"GET","url":"/v1/admin/properties/3ab87d2a-0c78-4fac-aa15-515a733cc3ae/analytics?timezone=Asia/Ho_Chi_Minh","statusCode":200,"requestId":"65564af2-4ffc-4ab2-95e0-45db879ff4ca"}

stdout | src/phase10-load.integration.test.ts > phase 10.2 performance and load qualification > records API load, realtime load, and DB query profiles against Phase 10 targets
{"level":"info","time":"2026-07-28T09:44:46.925Z","service":"api","msg":"request.completed","method":"GET","url":"/v1/staff/work-items?propertyId=3ab87d2a-0c78-4fac-aa15-515a733cc3ae&queue=inbox","statusCode":200,"requestId":"e57c09f2-c037-41a4-ab00-38cdf05b8335"}

stdout | src/phase10-load.integration.test.ts > phase 10.2 performance and load qualification > records API load, realtime load, and DB query profiles against Phase 10 targets
{"level":"info","time":"2026-07-28T09:44:46.927Z","service":"api","msg":"request.completed","method":"GET","url":"/v1/staff/work-items?propertyId=3ab87d2a-0c78-4fac-aa15-515a733cc3ae&queue=inbox","statusCode":200,"requestId":"4f218439-808c-4f4e-aca2-bfd3c584ccbb"}

stdout | src/phase10-load.integration.test.ts > phase 10.2 performance and load qualification > records API load, realtime load, and DB query profiles against Phase 10 targets
{"level":"info","time":"2026-07-28T09:44:46.928Z","service":"api","msg":"request.completed","method":"GET","url":"/v1/admin/properties/3ab87d2a-0c78-4fac-aa15-515a733cc3ae/analytics?timezone=Asia/Ho_Chi_Minh","statusCode":200,"requestId":"2537225e-06bd-447f-b56f-8e470c0af1a6"}

stdout | src/phase10-load.integration.test.ts > phase 10.2 performance and load qualification > records API load, realtime load, and DB query profiles against Phase 10 targets
{"level":"info","time":"2026-07-28T09:44:46.929Z","service":"api","msg":"request.completed","method":"GET","url":"/v1/admin/properties/3ab87d2a-0c78-4fac-aa15-515a733cc3ae/analytics?timezone=Asia/Ho_Chi_Minh","statusCode":200,"requestId":"0dc32ee3-a9a9-4ce5-8424-b3ff9c3b4697"}

stdout | src/phase10-load.integration.test.ts > phase 10.2 performance and load qualification > records API load, realtime load, and DB query profiles against Phase 10 targets
{"level":"info","time":"2026-07-28T09:44:46.930Z","service":"api","msg":"request.completed","method":"GET","url":"/v1/properties?organizationId=d215a186-f84d-4c7c-b75a-3189969999c2","statusCode":200,"requestId":"4c1a9f36-5526-43a2-a24b-df4e0dab6c75"}

stdout | src/phase10-load.integration.test.ts > phase 10.2 performance and load qualification > records API load, realtime load, and DB query profiles against Phase 10 targets
{"level":"info","time":"2026-07-28T09:44:46.931Z","service":"api","msg":"request.completed","method":"GET","url":"/v1/admin/properties/3ab87d2a-0c78-4fac-aa15-515a733cc3ae/analytics?timezone=Asia/Ho_Chi_Minh","statusCode":200,"requestId":"a972fb9f-9a9a-4e6e-a80f-1289f5b4732f"}

stdout | src/phase10-load.integration.test.ts > phase 10.2 performance and load qualification > records API load, realtime load, and DB query profiles against Phase 10 targets
{"level":"info","time":"2026-07-28T09:44:46.933Z","service":"api","msg":"request.completed","method":"GET","url":"/v1/staff/work-items?propertyId=3ab87d2a-0c78-4fac-aa15-515a733cc3ae&queue=inbox","statusCode":200,"requestId":"be529a22-4035-48d3-83bb-fa13481fad6d"}

stdout | src/phase10-load.integration.test.ts > phase 10.2 performance and load qualification > records API load, realtime load, and DB query profiles against Phase 10 targets
{"level":"info","time":"2026-07-28T09:44:46.935Z","service":"api","msg":"request.completed","method":"GET","url":"/v1/staff/work-items?propertyId=3ab87d2a-0c78-4fac-aa15-515a733cc3ae&queue=inbox","statusCode":200,"requestId":"a1154b7a-c5ca-4622-958a-bd41f71d6f34"}

stdout | src/phase10-load.integration.test.ts > phase 10.2 performance and load qualification > records API load, realtime load, and DB query profiles against Phase 10 targets
{"level":"info","time":"2026-07-28T09:44:46.942Z","service":"api","msg":"request.completed","method":"GET","url":"/v1/admin/properties/3ab87d2a-0c78-4fac-aa15-515a733cc3ae/analytics?timezone=Asia/Ho_Chi_Minh","statusCode":200,"requestId":"9f65f302-9462-4c44-a02f-3328d8c22459"}

stdout | src/phase10-load.integration.test.ts > phase 10.2 performance and load qualification > records API load, realtime load, and DB query profiles against Phase 10 targets
{"level":"info","time":"2026-07-28T09:44:46.944Z","service":"api","msg":"request.completed","method":"GET","url":"/v1/properties?organizationId=d215a186-f84d-4c7c-b75a-3189969999c2","statusCode":200,"requestId":"2302f407-b95e-4066-bcb3-a87bad8802bc"}

stdout | src/phase10-load.integration.test.ts > phase 10.2 performance and load qualification > records API load, realtime load, and DB query profiles against Phase 10 targets
{"level":"info","time":"2026-07-28T09:44:46.944Z","service":"api","msg":"request.completed","method":"GET","url":"/v1/properties?organizationId=d215a186-f84d-4c7c-b75a-3189969999c2","statusCode":200,"requestId":"6b4fb576-c018-495b-bf8b-4a4db53317a3"}

stdout | src/phase10-load.integration.test.ts > phase 10.2 performance and load qualification > records API load, realtime load, and DB query profiles against Phase 10 targets
{"level":"info","time":"2026-07-28T09:44:46.944Z","service":"api","msg":"request.completed","method":"GET","url":"/v1/properties?organizationId=d215a186-f84d-4c7c-b75a-3189969999c2","statusCode":200,"requestId":"ee612fa9-207e-44c0-9433-da772b7bd76d"}

stdout | src/phase10-load.integration.test.ts > phase 10.2 performance and load qualification > records API load, realtime load, and DB query profiles against Phase 10 targets
{"level":"info","time":"2026-07-28T09:44:46.945Z","service":"api","msg":"request.completed","method":"GET","url":"/v1/staff/work-items?propertyId=3ab87d2a-0c78-4fac-aa15-515a733cc3ae&queue=inbox","statusCode":200,"requestId":"75366e48-9e3a-465d-af75-19e41d15e7ce"}

stdout | src/phase10-load.integration.test.ts > phase 10.2 performance and load qualification > records API load, realtime load, and DB query profiles against Phase 10 targets
{"level":"info","time":"2026-07-28T09:44:46.947Z","service":"api","msg":"request.completed","method":"GET","url":"/v1/staff/work-items?propertyId=3ab87d2a-0c78-4fac-aa15-515a733cc3ae&queue=inbox","statusCode":200,"requestId":"4bda9c80-e1a8-4618-b380-33ea908df5cb"}

stdout | src/phase10-load.integration.test.ts > phase 10.2 performance and load qualification > records API load, realtime load, and DB query profiles against Phase 10 targets
{"level":"info","time":"2026-07-28T09:44:46.948Z","service":"api","msg":"request.completed","method":"GET","url":"/v1/staff/work-items?propertyId=3ab87d2a-0c78-4fac-aa15-515a733cc3ae&queue=inbox","statusCode":200,"requestId":"bb73b4dd-1c6a-4f23-bd74-9c0e4cd8e564"}

stdout | src/phase10-load.integration.test.ts > phase 10.2 performance and load qualification > records API load, realtime load, and DB query profiles against Phase 10 targets
{"level":"info","time":"2026-07-28T09:44:46.948Z","service":"api","msg":"request.completed","method":"GET","url":"/v1/staff/work-items?propertyId=3ab87d2a-0c78-4fac-aa15-515a733cc3ae&queue=inbox","statusCode":200,"requestId":"0be8592b-03a6-4b66-8ddd-b99f71f298ff"}

stdout | src/phase10-load.integration.test.ts > phase 10.2 performance and load qualification > records API load, realtime load, and DB query profiles against Phase 10 targets
{"level":"info","time":"2026-07-28T09:44:46.949Z","service":"api","msg":"request.completed","method":"GET","url":"/v1/properties?organizationId=d215a186-f84d-4c7c-b75a-3189969999c2","statusCode":200,"requestId":"a5f15316-a88f-49a8-860e-418ca01b97ab"}

stdout | src/phase10-load.integration.test.ts > phase 10.2 performance and load qualification > records API load, realtime load, and DB query profiles against Phase 10 targets
{"level":"info","time":"2026-07-28T09:44:46.950Z","service":"api","msg":"request.completed","method":"GET","url":"/v1/properties?organizationId=d215a186-f84d-4c7c-b75a-3189969999c2","statusCode":200,"requestId":"f620a567-1c08-4b15-8213-16f08e039d4f"}

stdout | src/phase10-load.integration.test.ts > phase 10.2 performance and load qualification > records API load, realtime load, and DB query profiles against Phase 10 targets
{"level":"info","time":"2026-07-28T09:44:46.950Z","service":"api","msg":"request.completed","method":"GET","url":"/v1/properties?organizationId=d215a186-f84d-4c7c-b75a-3189969999c2","statusCode":200,"requestId":"b958ad90-8108-4998-93a2-5730ef00f6c4"}

stdout | src/phase10-load.integration.test.ts > phase 10.2 performance and load qualification > records API load, realtime load, and DB query profiles against Phase 10 targets
{"level":"info","time":"2026-07-28T09:44:46.950Z","service":"api","msg":"request.completed","method":"GET","url":"/v1/properties?organizationId=d215a186-f84d-4c7c-b75a-3189969999c2","statusCode":200,"requestId":"11925414-1c72-490c-a52f-a0c95c50b430"}

stdout | src/phase10-load.integration.test.ts > phase 10.2 performance and load qualification > records API load, realtime load, and DB query profiles against Phase 10 targets
{"level":"info","time":"2026-07-28T09:44:46.951Z","service":"api","msg":"request.completed","method":"GET","url":"/v1/staff/work-items?propertyId=3ab87d2a-0c78-4fac-aa15-515a733cc3ae&queue=inbox","statusCode":200,"requestId":"7cfc69e2-3a73-48bf-b79e-e5e7de985183"}

stdout | src/phase10-load.integration.test.ts > phase 10.2 performance and load qualification > records API load, realtime load, and DB query profiles against Phase 10 targets
{"level":"info","time":"2026-07-28T09:44:46.952Z","service":"api","msg":"request.completed","method":"GET","url":"/v1/properties?organizationId=d215a186-f84d-4c7c-b75a-3189969999c2","statusCode":200,"requestId":"f13efbfc-bed6-4595-9122-404e8b8151c8"}

stdout | src/phase10-load.integration.test.ts > phase 10.2 performance and load qualification > records API load, realtime load, and DB query profiles against Phase 10 targets
{"level":"info","time":"2026-07-28T09:44:46.952Z","service":"api","msg":"request.completed","method":"GET","url":"/v1/properties?organizationId=d215a186-f84d-4c7c-b75a-3189969999c2","statusCode":200,"requestId":"c21844c5-099e-4fa5-a875-2b53d469ca84"}

stdout | src/phase10-load.integration.test.ts > phase 10.2 performance and load qualification > records API load, realtime load, and DB query profiles against Phase 10 targets
{"level":"info","time":"2026-07-28T09:44:46.952Z","service":"api","msg":"request.completed","method":"GET","url":"/v1/properties?organizationId=d215a186-f84d-4c7c-b75a-3189969999c2","statusCode":200,"requestId":"2ecdaa67-033b-427a-9b76-48e1b97c59d8"}

stdout | src/phase10-load.integration.test.ts > phase 10.2 performance and load qualification > records API load, realtime load, and DB query profiles against Phase 10 targets
{"level":"info","time":"2026-07-28T09:44:46.953Z","service":"api","msg":"request.completed","method":"GET","url":"/v1/properties?organizationId=d215a186-f84d-4c7c-b75a-3189969999c2","statusCode":200,"requestId":"2c81138a-fb99-404b-90c3-2da8f350b129"}

stdout | src/phase10-load.integration.test.ts > phase 10.2 performance and load qualification > records API load, realtime load, and DB query profiles against Phase 10 targets
{"level":"info","time":"2026-07-28T09:44:46.958Z","service":"api","msg":"request.completed","method":"GET","url":"/v1/admin/properties/3ab87d2a-0c78-4fac-aa15-515a733cc3ae/analytics?timezone=Asia/Ho_Chi_Minh","statusCode":200,"requestId":"d22fb61c-a9b7-454e-84a6-ad2ab22e5c9e"}

stdout | src/phase10-load.integration.test.ts > phase 10.2 performance and load qualification > records API load, realtime load, and DB query profiles against Phase 10 targets
{"level":"info","time":"2026-07-28T09:44:46.958Z","service":"api","msg":"request.completed","method":"GET","url":"/v1/admin/properties/3ab87d2a-0c78-4fac-aa15-515a733cc3ae/analytics?timezone=Asia/Ho_Chi_Minh","statusCode":200,"requestId":"99798c71-9cd6-4309-bf88-41bfcf77359b"}

stdout | src/phase10-load.integration.test.ts > phase 10.2 performance and load qualification > records API load, realtime load, and DB query profiles against Phase 10 targets
{"level":"info","time":"2026-07-28T09:44:46.960Z","service":"api","msg":"request.completed","method":"GET","url":"/v1/admin/properties/3ab87d2a-0c78-4fac-aa15-515a733cc3ae/analytics?timezone=Asia/Ho_Chi_Minh","statusCode":200,"requestId":"7eeb5053-8fc4-43aa-b437-f797b6c9a677"}

stdout | src/phase10-load.integration.test.ts > phase 10.2 performance and load qualification > records API load, realtime load, and DB query profiles against Phase 10 targets
{"level":"info","time":"2026-07-28T09:44:46.961Z","service":"api","msg":"request.completed","method":"GET","url":"/v1/admin/properties/3ab87d2a-0c78-4fac-aa15-515a733cc3ae/analytics?timezone=Asia/Ho_Chi_Minh","statusCode":200,"requestId":"1cf5f27a-87c3-42ee-bd8a-07e4dab7ea7f"}

stdout | src/phase10-load.integration.test.ts > phase 10.2 performance and load qualification > records API load, realtime load, and DB query profiles against Phase 10 targets
{"level":"info","time":"2026-07-28T09:44:46.962Z","service":"api","msg":"request.completed","method":"GET","url":"/v1/admin/properties/3ab87d2a-0c78-4fac-aa15-515a733cc3ae/analytics?timezone=Asia/Ho_Chi_Minh","statusCode":200,"requestId":"07a833a9-5b4f-4ab7-b25b-927f10150639"}

stdout | src/phase10-load.integration.test.ts > phase 10.2 performance and load qualification > records API load, realtime load, and DB query profiles against Phase 10 targets
{"level":"info","time":"2026-07-28T09:44:46.963Z","service":"api","msg":"request.completed","method":"GET","url":"/v1/admin/properties/3ab87d2a-0c78-4fac-aa15-515a733cc3ae/analytics?timezone=Asia/Ho_Chi_Minh","statusCode":200,"requestId":"e1de771b-5f92-4256-8c6b-8bcc25ba562b"}

stdout | src/phase10-load.integration.test.ts > phase 10.2 performance and load qualification > records API load, realtime load, and DB query profiles against Phase 10 targets
{"level":"info","time":"2026-07-28T09:44:46.963Z","service":"api","msg":"request.completed","method":"GET","url":"/v1/admin/properties/3ab87d2a-0c78-4fac-aa15-515a733cc3ae/analytics?timezone=Asia/Ho_Chi_Minh","statusCode":200,"requestId":"8a518157-9b05-4926-ac59-bb0a9a41b57e"}

stdout | src/phase10-load.integration.test.ts > phase 10.2 performance and load qualification > records API load, realtime load, and DB query profiles against Phase 10 targets
{"level":"info","time":"2026-07-28T09:44:46.964Z","service":"api","msg":"request.completed","method":"GET","url":"/v1/admin/properties/3ab87d2a-0c78-4fac-aa15-515a733cc3ae/analytics?timezone=Asia/Ho_Chi_Minh","statusCode":200,"requestId":"b928eca5-242a-4d86-a158-8f457df93bf8"}

stdout | src/phase10-load.integration.test.ts > phase 10.2 performance and load qualification > records API load, realtime load, and DB query profiles against Phase 10 targets
{"level":"info","time":"2026-07-28T09:44:46.968Z","service":"api","msg":"request.completed","method":"GET","url":"/v1/staff/work-items?propertyId=3ab87d2a-0c78-4fac-aa15-515a733cc3ae&queue=inbox","statusCode":200,"requestId":"4034f25f-08e1-4c06-9166-df89be64d4ae"}

stdout | src/phase10-load.integration.test.ts > phase 10.2 performance and load qualification > records API load, realtime load, and DB query profiles against Phase 10 targets
{"level":"info","time":"2026-07-28T09:44:46.969Z","service":"api","msg":"request.completed","method":"GET","url":"/v1/staff/work-items?propertyId=3ab87d2a-0c78-4fac-aa15-515a733cc3ae&queue=inbox","statusCode":200,"requestId":"6fc59092-de0d-48e1-951a-b52a99050553"}

stdout | src/phase10-load.integration.test.ts > phase 10.2 performance and load qualification > records API load, realtime load, and DB query profiles against Phase 10 targets
{"level":"info","time":"2026-07-28T09:44:46.970Z","service":"api","msg":"request.completed","method":"GET","url":"/v1/staff/work-items?propertyId=3ab87d2a-0c78-4fac-aa15-515a733cc3ae&queue=inbox","statusCode":200,"requestId":"f0ebedc8-ee24-4103-9cce-b6510eff7d01"}

stdout | src/phase10-load.integration.test.ts > phase 10.2 performance and load qualification > records API load, realtime load, and DB query profiles against Phase 10 targets
{"level":"info","time":"2026-07-28T09:44:46.971Z","service":"api","msg":"request.completed","method":"GET","url":"/v1/staff/work-items?propertyId=3ab87d2a-0c78-4fac-aa15-515a733cc3ae&queue=inbox","statusCode":200,"requestId":"e9f77ef1-0ce3-412f-a1af-4e7931f9eb6a"}

stdout | src/phase10-load.integration.test.ts > phase 10.2 performance and load qualification > records API load, realtime load, and DB query profiles against Phase 10 targets
{"level":"info","time":"2026-07-28T09:44:46.972Z","service":"api","msg":"request.completed","method":"GET","url":"/v1/staff/work-items?propertyId=3ab87d2a-0c78-4fac-aa15-515a733cc3ae&queue=inbox","statusCode":200,"requestId":"1b2fdb0c-3430-4cb2-9964-204cd6de2708"}

stdout | src/phase10-load.integration.test.ts > phase 10.2 performance and load qualification > records API load, realtime load, and DB query profiles against Phase 10 targets
{"level":"info","time":"2026-07-28T09:44:46.973Z","service":"api","msg":"request.completed","method":"GET","url":"/v1/staff/work-items?propertyId=3ab87d2a-0c78-4fac-aa15-515a733cc3ae&queue=inbox","statusCode":200,"requestId":"83e0d24e-5b08-4f3e-a5df-f061918af1c4"}

stdout | src/phase10-load.integration.test.ts > phase 10.2 performance and load qualification > records API load, realtime load, and DB query profiles against Phase 10 targets
{"level":"info","time":"2026-07-28T09:44:46.975Z","service":"api","msg":"request.completed","method":"GET","url":"/v1/staff/work-items?propertyId=3ab87d2a-0c78-4fac-aa15-515a733cc3ae&queue=inbox","statusCode":200,"requestId":"1859fdc2-a399-410a-8efe-e496ca0f857b"}

stdout | src/phase10-load.integration.test.ts > phase 10.2 performance and load qualification > records API load, realtime load, and DB query profiles against Phase 10 targets
{"level":"info","time":"2026-07-28T09:44:46.976Z","service":"api","msg":"request.completed","method":"GET","url":"/v1/staff/work-items?propertyId=3ab87d2a-0c78-4fac-aa15-515a733cc3ae&queue=inbox","statusCode":200,"requestId":"a14b10ee-0d3b-49ce-9155-ebb29cad5f13"}

stdout | src/phase10-load.integration.test.ts > phase 10.2 performance and load qualification > records API load, realtime load, and DB query profiles against Phase 10 targets
{"level":"info","time":"2026-07-28T09:44:46.978Z","service":"api","msg":"request.completed","method":"GET","url":"/v1/staff/work-items?propertyId=3ab87d2a-0c78-4fac-aa15-515a733cc3ae&queue=inbox","statusCode":200,"requestId":"b74e25c8-301b-4783-b28e-5fb61896727e"}

stdout | src/phase10-load.integration.test.ts > phase 10.2 performance and load qualification > records API load, realtime load, and DB query profiles against Phase 10 targets
{"level":"info","time":"2026-07-28T09:44:46.979Z","service":"api","msg":"request.completed","method":"GET","url":"/v1/staff/work-items?propertyId=3ab87d2a-0c78-4fac-aa15-515a733cc3ae&queue=inbox","statusCode":200,"requestId":"9b318b7b-5353-4d4e-8c43-19af90bee701"}

stdout | src/phase10-load.integration.test.ts > phase 10.2 performance and load qualification > records API load, realtime load, and DB query profiles against Phase 10 targets
{"level":"info","time":"2026-07-28T09:44:46.979Z","service":"api","msg":"request.completed","method":"GET","url":"/v1/staff/work-items?propertyId=3ab87d2a-0c78-4fac-aa15-515a733cc3ae&queue=inbox","statusCode":200,"requestId":"03ba46be-feaa-4d4c-9682-0e07ae7d3c84"}

stdout | src/phase10-load.integration.test.ts > phase 10.2 performance and load qualification > records API load, realtime load, and DB query profiles against Phase 10 targets
{"level":"info","time":"2026-07-28T09:44:46.980Z","service":"api","msg":"request.completed","method":"GET","url":"/v1/staff/work-items?propertyId=3ab87d2a-0c78-4fac-aa15-515a733cc3ae&queue=inbox","statusCode":200,"requestId":"b906309a-8ad8-4de9-bcf8-0f40eec3812b"}

stdout | src/phase10-load.integration.test.ts > phase 10.2 performance and load qualification > records API load, realtime load, and DB query profiles against Phase 10 targets
{"level":"info","time":"2026-07-28T09:44:46.983Z","service":"api","msg":"request.completed","method":"GET","url":"/v1/admin/properties/3ab87d2a-0c78-4fac-aa15-515a733cc3ae/analytics?timezone=Asia/Ho_Chi_Minh","statusCode":200,"requestId":"e16f1241-980b-48af-aca7-c878e7fc0ec1"}

stdout | src/phase10-load.integration.test.ts > phase 10.2 performance and load qualification > records API load, realtime load, and DB query profiles against Phase 10 targets
{"level":"info","time":"2026-07-28T09:44:46.984Z","service":"api","msg":"request.completed","method":"GET","url":"/v1/admin/properties/3ab87d2a-0c78-4fac-aa15-515a733cc3ae/analytics?timezone=Asia/Ho_Chi_Minh","statusCode":200,"requestId":"875c18b8-05ab-42b8-b108-de6a90ed8388"}

stdout | src/phase10-load.integration.test.ts > phase 10.2 performance and load qualification > records API load, realtime load, and DB query profiles against Phase 10 targets
{"level":"info","time":"2026-07-28T09:44:46.985Z","service":"api","msg":"request.completed","method":"GET","url":"/v1/admin/properties/3ab87d2a-0c78-4fac-aa15-515a733cc3ae/analytics?timezone=Asia/Ho_Chi_Minh","statusCode":200,"requestId":"c1664540-16f6-4305-a7bf-9941edbce906"}

stdout | src/phase10-load.integration.test.ts > phase 10.2 performance and load qualification > records API load, realtime load, and DB query profiles against Phase 10 targets
{"level":"info","time":"2026-07-28T09:44:46.985Z","service":"api","msg":"request.completed","method":"GET","url":"/v1/admin/properties/3ab87d2a-0c78-4fac-aa15-515a733cc3ae/analytics?timezone=Asia/Ho_Chi_Minh","statusCode":200,"requestId":"043c8d30-2e1f-4a75-9ac9-9c256d425697"}

stdout | src/phase10-load.integration.test.ts > phase 10.2 performance and load qualification > records API load, realtime load, and DB query profiles against Phase 10 targets
{"level":"info","time":"2026-07-28T09:44:46.986Z","service":"api","msg":"request.completed","method":"GET","url":"/v1/admin/properties/3ab87d2a-0c78-4fac-aa15-515a733cc3ae/analytics?timezone=Asia/Ho_Chi_Minh","statusCode":200,"requestId":"2fc2aa71-a35a-4177-a754-6f6513bb1141"}

stdout | src/phase10-load.integration.test.ts > phase 10.2 performance and load qualification > records API load, realtime load, and DB query profiles against Phase 10 targets
{"level":"info","time":"2026-07-28T09:44:46.987Z","service":"api","msg":"request.completed","method":"GET","url":"/v1/admin/properties/3ab87d2a-0c78-4fac-aa15-515a733cc3ae/analytics?timezone=Asia/Ho_Chi_Minh","statusCode":200,"requestId":"0c8d1065-b62b-45bb-a4f9-8b2ef3a6d204"}

stdout | src/phase10-load.integration.test.ts > phase 10.2 performance and load qualification > records API load, realtime load, and DB query profiles against Phase 10 targets
{"level":"info","time":"2026-07-28T09:44:46.988Z","service":"api","msg":"request.completed","method":"GET","url":"/v1/admin/properties/3ab87d2a-0c78-4fac-aa15-515a733cc3ae/analytics?timezone=Asia/Ho_Chi_Minh","statusCode":200,"requestId":"1167918a-d9af-4e2c-848d-94d5f44a8608"}

stdout | src/phase10-load.integration.test.ts > phase 10.2 performance and load qualification > records API load, realtime load, and DB query profiles against Phase 10 targets
{"level":"info","time":"2026-07-28T09:44:46.988Z","service":"api","msg":"request.completed","method":"GET","url":"/v1/admin/properties/3ab87d2a-0c78-4fac-aa15-515a733cc3ae/analytics?timezone=Asia/Ho_Chi_Minh","statusCode":200,"requestId":"6b3746c1-76ce-474e-b0cc-da0c2a1a994a"}

stdout | src/phase10-load.integration.test.ts > phase 10.2 performance and load qualification > records API load, realtime load, and DB query profiles against Phase 10 targets
{"level":"info","time":"2026-07-28T09:44:46.994Z","service":"api","msg":"request.completed","method":"GET","url":"/v1/staff/work-items?propertyId=3ab87d2a-0c78-4fac-aa15-515a733cc3ae&queue=inbox","statusCode":200,"requestId":"4b0778fb-9e7a-4a70-b3ac-f175443efabd"}

stdout | src/phase10-load.integration.test.ts > phase 10.2 performance and load qualification > records API load, realtime load, and DB query profiles against Phase 10 targets
{"level":"info","time":"2026-07-28T09:44:46.995Z","service":"api","msg":"request.completed","method":"GET","url":"/v1/staff/work-items?propertyId=3ab87d2a-0c78-4fac-aa15-515a733cc3ae&queue=inbox","statusCode":200,"requestId":"5b4e8ea0-489e-4a34-9706-ec9a7d9d09d6"}

stdout | src/phase10-load.integration.test.ts > phase 10.2 performance and load qualification > records API load, realtime load, and DB query profiles against Phase 10 targets
{"level":"info","time":"2026-07-28T09:44:46.996Z","service":"api","msg":"request.completed","method":"GET","url":"/v1/staff/work-items?propertyId=3ab87d2a-0c78-4fac-aa15-515a733cc3ae&queue=inbox","statusCode":200,"requestId":"00c784ec-2b0f-4826-9a95-677da2ce4e87"}

stdout | src/phase10-load.integration.test.ts > phase 10.2 performance and load qualification > records API load, realtime load, and DB query profiles against Phase 10 targets
{"level":"info","time":"2026-07-28T09:44:46.997Z","service":"api","msg":"request.completed","method":"GET","url":"/v1/staff/work-items?propertyId=3ab87d2a-0c78-4fac-aa15-515a733cc3ae&queue=inbox","statusCode":200,"requestId":"2608ecbe-bf00-4f47-a130-009bc520f4ae"}

stdout | src/phase10-load.integration.test.ts > phase 10.2 performance and load qualification > records API load, realtime load, and DB query profiles against Phase 10 targets
{"level":"info","time":"2026-07-28T09:44:46.998Z","service":"api","msg":"request.completed","method":"GET","url":"/v1/staff/work-items?propertyId=3ab87d2a-0c78-4fac-aa15-515a733cc3ae&queue=inbox","statusCode":200,"requestId":"1fa68efa-6189-4f7c-bfe8-93978cdc5511"}

stdout | src/phase10-load.integration.test.ts > phase 10.2 performance and load qualification > records API load, realtime load, and DB query profiles against Phase 10 targets
{"level":"info","time":"2026-07-28T09:44:46.999Z","service":"api","msg":"request.completed","method":"GET","url":"/v1/staff/work-items?propertyId=3ab87d2a-0c78-4fac-aa15-515a733cc3ae&queue=inbox","statusCode":200,"requestId":"525414cb-53f7-4e8a-a1b1-fbfc8dd9bc2d"}

stdout | src/phase10-load.integration.test.ts > phase 10.2 performance and load qualification > records API load, realtime load, and DB query profiles against Phase 10 targets
{"level":"info","time":"2026-07-28T09:44:47.001Z","service":"api","msg":"request.completed","method":"GET","url":"/v1/staff/work-items?propertyId=3ab87d2a-0c78-4fac-aa15-515a733cc3ae&queue=inbox","statusCode":200,"requestId":"3b7ce5f8-8af2-457a-b6af-294d82869094"}

stdout | src/phase10-load.integration.test.ts > phase 10.2 performance and load qualification > records API load, realtime load, and DB query profiles against Phase 10 targets
{"level":"info","time":"2026-07-28T09:44:47.003Z","service":"api","msg":"request.completed","method":"GET","url":"/v1/staff/work-items?propertyId=3ab87d2a-0c78-4fac-aa15-515a733cc3ae&queue=inbox","statusCode":200,"requestId":"ef54e5e5-d4a9-4a9e-8394-75ee340d4e54"}

stdout | src/phase10-load.integration.test.ts > phase 10.2 performance and load qualification > records API load, realtime load, and DB query profiles against Phase 10 targets
{"level":"info","time":"2026-07-28T09:44:47.005Z","service":"api","msg":"request.completed","method":"GET","url":"/v1/staff/work-items?propertyId=3ab87d2a-0c78-4fac-aa15-515a733cc3ae&queue=inbox","statusCode":200,"requestId":"c2c6df8c-a005-4b47-9d3f-5c0dad59f1b8"}

stdout | src/phase10-load.integration.test.ts > phase 10.2 performance and load qualification > records API load, realtime load, and DB query profiles against Phase 10 targets
{"level":"info","time":"2026-07-28T09:44:47.006Z","service":"api","msg":"request.completed","method":"GET","url":"/v1/staff/work-items?propertyId=3ab87d2a-0c78-4fac-aa15-515a733cc3ae&queue=inbox","statusCode":200,"requestId":"f26b9fe2-a172-48f2-a985-4295cd10cad2"}

stdout | src/phase10-load.integration.test.ts > phase 10.2 performance and load qualification > records API load, realtime load, and DB query profiles against Phase 10 targets
{"level":"info","time":"2026-07-28T09:44:47.008Z","service":"api","msg":"request.completed","method":"GET","url":"/v1/staff/work-items?propertyId=3ab87d2a-0c78-4fac-aa15-515a733cc3ae&queue=inbox","statusCode":200,"requestId":"535963b2-30c7-4ca3-b969-2df54e68a5ee"}

stdout | src/phase10-load.integration.test.ts > phase 10.2 performance and load qualification > records API load, realtime load, and DB query profiles against Phase 10 targets
{"level":"info","time":"2026-07-28T09:44:47.009Z","service":"api","msg":"request.completed","method":"GET","url":"/v1/staff/work-items?propertyId=3ab87d2a-0c78-4fac-aa15-515a733cc3ae&queue=inbox","statusCode":200,"requestId":"80f5597e-9d2c-478c-9a24-c28c4120a5e8"}

stdout | src/phase10-load.integration.test.ts > phase 10.2 performance and load qualification > records API load, realtime load, and DB query profiles against Phase 10 targets
{"level":"info","time":"2026-07-28T09:44:47.017Z","service":"api","msg":"request.completed","method":"GET","url":"/v1/staff/work-items?propertyId=3ab87d2a-0c78-4fac-aa15-515a733cc3ae&queue=inbox","statusCode":200,"requestId":"5663676e-7b8f-4ceb-a621-53c97fa27654"}

stdout | src/phase10-load.integration.test.ts > phase 10.2 performance and load qualification > records API load, realtime load, and DB query profiles against Phase 10 targets
{"level":"info","time":"2026-07-28T09:44:47.019Z","service":"api","msg":"request.completed","method":"GET","url":"/v1/staff/work-items?propertyId=3ab87d2a-0c78-4fac-aa15-515a733cc3ae&queue=inbox","statusCode":200,"requestId":"71bc17ae-63a5-46ba-8ea8-a509ac2ed15f"}

stdout | src/phase10-load.integration.test.ts > phase 10.2 performance and load qualification > records API load, realtime load, and DB query profiles against Phase 10 targets
{"level":"info","time":"2026-07-28T09:44:47.020Z","service":"api","msg":"request.completed","method":"GET","url":"/v1/staff/work-items?propertyId=3ab87d2a-0c78-4fac-aa15-515a733cc3ae&queue=inbox","statusCode":200,"requestId":"7ce14605-5a9d-4cf4-9087-788a2b40b9db"}

stdout | src/phase10-load.integration.test.ts > phase 10.2 performance and load qualification > records API load, realtime load, and DB query profiles against Phase 10 targets
{"level":"info","time":"2026-07-28T09:44:47.021Z","service":"api","msg":"request.completed","method":"GET","url":"/v1/staff/work-items?propertyId=3ab87d2a-0c78-4fac-aa15-515a733cc3ae&queue=inbox","statusCode":200,"requestId":"b28e2667-ca13-406b-b5e6-3815fb117687"}

stdout | src/phase10-load.integration.test.ts > phase 10.2 performance and load qualification > records API load, realtime load, and DB query profiles against Phase 10 targets
{"level":"info","time":"2026-07-28T09:44:47.022Z","service":"api","msg":"request.completed","method":"GET","url":"/v1/staff/work-items?propertyId=3ab87d2a-0c78-4fac-aa15-515a733cc3ae&queue=inbox","statusCode":200,"requestId":"ea567d4f-db0c-46bd-93d6-0454a3bf0052"}

stdout | src/phase10-load.integration.test.ts > phase 10.2 performance and load qualification > records API load, realtime load, and DB query profiles against Phase 10 targets
{"level":"info","time":"2026-07-28T09:44:47.026Z","service":"api","msg":"request.completed","method":"GET","url":"/v1/staff/work-items?propertyId=3ab87d2a-0c78-4fac-aa15-515a733cc3ae&queue=inbox","statusCode":200,"requestId":"893f6036-64e7-4f3d-8fd9-19c68da9beba"}

stdout | src/phase10-load.integration.test.ts > phase 10.2 performance and load qualification > records API load, realtime load, and DB query profiles against Phase 10 targets
{"level":"info","time":"2026-07-28T09:44:47.028Z","service":"api","msg":"request.completed","method":"GET","url":"/v1/staff/work-items?propertyId=3ab87d2a-0c78-4fac-aa15-515a733cc3ae&queue=inbox","statusCode":200,"requestId":"d10d5932-a51e-4d1f-b217-fd84d2aa5917"}

stdout | src/phase10-load.integration.test.ts > phase 10.2 performance and load qualification > records API load, realtime load, and DB query profiles against Phase 10 targets
{"level":"info","time":"2026-07-28T09:44:47.030Z","service":"api","msg":"request.completed","method":"GET","url":"/v1/staff/work-items?propertyId=3ab87d2a-0c78-4fac-aa15-515a733cc3ae&queue=inbox","statusCode":200,"requestId":"90b8a725-656d-4e49-a4e5-da3a8953de3e"}

stdout | src/phase10-load.integration.test.ts > phase 10.2 performance and load qualification > records API load, realtime load, and DB query profiles against Phase 10 targets
{"level":"info","time":"2026-07-28T09:44:47.031Z","service":"api","msg":"request.completed","method":"GET","url":"/v1/staff/work-items?propertyId=3ab87d2a-0c78-4fac-aa15-515a733cc3ae&queue=inbox","statusCode":200,"requestId":"d9cd2906-0dae-4ffd-aac5-613e6b0cacda"}

stdout | src/phase10-load.integration.test.ts > phase 10.2 performance and load qualification > records API load, realtime load, and DB query profiles against Phase 10 targets
{"level":"info","time":"2026-07-28T09:44:47.033Z","service":"api","msg":"request.completed","method":"GET","url":"/v1/staff/work-items?propertyId=3ab87d2a-0c78-4fac-aa15-515a733cc3ae&queue=inbox","statusCode":200,"requestId":"17e7cacc-d73d-4327-96d6-94f891f3e11a"}

stdout | src/phase10-load.integration.test.ts > phase 10.2 performance and load qualification > records API load, realtime load, and DB query profiles against Phase 10 targets
{"level":"info","time":"2026-07-28T09:44:47.036Z","service":"api","msg":"request.completed","method":"GET","url":"/v1/staff/work-items?propertyId=3ab87d2a-0c78-4fac-aa15-515a733cc3ae&queue=inbox","statusCode":200,"requestId":"18ac9aeb-55f0-4b7f-8bb7-f3d27cb25c7e"}

stdout | src/phase10-load.integration.test.ts > phase 10.2 performance and load qualification > records API load, realtime load, and DB query profiles against Phase 10 targets
{"level":"info","time":"2026-07-28T09:44:47.037Z","service":"api","msg":"request.completed","method":"GET","url":"/v1/staff/work-items?propertyId=3ab87d2a-0c78-4fac-aa15-515a733cc3ae&queue=inbox","statusCode":200,"requestId":"355c96db-adc1-4f5b-81e5-bcc74827525c"}

stdout | src/phase10-load.integration.test.ts > phase 10.2 performance and load qualification > records API load, realtime load, and DB query profiles against Phase 10 targets
{"level":"info","time":"2026-07-28T09:44:47.043Z","service":"api","msg":"request.completed","method":"GET","url":"/v1/staff/work-items?propertyId=3ab87d2a-0c78-4fac-aa15-515a733cc3ae&queue=inbox","statusCode":200,"requestId":"38eaa93f-dd07-4083-8ca9-e4f9dab22edb"}

stdout | src/phase10-load.integration.test.ts > phase 10.2 performance and load qualification > records API load, realtime load, and DB query profiles against Phase 10 targets
{"level":"info","time":"2026-07-28T09:44:47.044Z","service":"api","msg":"request.completed","method":"GET","url":"/v1/staff/work-items?propertyId=3ab87d2a-0c78-4fac-aa15-515a733cc3ae&queue=inbox","statusCode":200,"requestId":"55b91622-af3f-4895-947e-2141ec9d4add"}

stdout | src/phase10-load.integration.test.ts > phase 10.2 performance and load qualification > records API load, realtime load, and DB query profiles against Phase 10 targets
{"level":"info","time":"2026-07-28T09:44:47.044Z","service":"api","msg":"request.completed","method":"GET","url":"/v1/staff/work-items?propertyId=3ab87d2a-0c78-4fac-aa15-515a733cc3ae&queue=inbox","statusCode":200,"requestId":"67422d16-2764-402c-8fb6-038c67d64c82"}

stdout | src/phase10-load.integration.test.ts > phase 10.2 performance and load qualification > records API load, realtime load, and DB query profiles against Phase 10 targets
{"level":"info","time":"2026-07-28T09:44:47.045Z","service":"api","msg":"request.completed","method":"GET","url":"/v1/staff/work-items?propertyId=3ab87d2a-0c78-4fac-aa15-515a733cc3ae&queue=inbox","statusCode":200,"requestId":"e83dda51-9651-4226-9959-063a4d7b81c2"}

stdout | src/phase10-load.integration.test.ts > phase 10.2 performance and load qualification > records API load, realtime load, and DB query profiles against Phase 10 targets
{"level":"info","time":"2026-07-28T09:44:47.046Z","service":"api","msg":"request.completed","method":"GET","url":"/v1/staff/work-items?propertyId=3ab87d2a-0c78-4fac-aa15-515a733cc3ae&queue=inbox","statusCode":200,"requestId":"60964eab-9a63-459a-b511-b82b1f51d9dd"}

stdout | src/phase10-load.integration.test.ts > phase 10.2 performance and load qualification > records API load, realtime load, and DB query profiles against Phase 10 targets
{"level":"info","time":"2026-07-28T09:44:47.049Z","service":"api","msg":"request.completed","method":"GET","url":"/v1/staff/work-items?propertyId=3ab87d2a-0c78-4fac-aa15-515a733cc3ae&queue=inbox","statusCode":200,"requestId":"4cfa162a-f001-4507-891e-b2b49832ae05"}

stdout | src/phase10-load.integration.test.ts > phase 10.2 performance and load qualification > records API load, realtime load, and DB query profiles against Phase 10 targets
{"level":"info","time":"2026-07-28T09:44:47.049Z","service":"api","msg":"request.completed","method":"GET","url":"/v1/staff/work-items?propertyId=3ab87d2a-0c78-4fac-aa15-515a733cc3ae&queue=inbox","statusCode":200,"requestId":"3da86df3-5bd6-41bb-8e12-8b2dea38f8a9"}

stdout | src/phase10-load.integration.test.ts > phase 10.2 performance and load qualification > records API load, realtime load, and DB query profiles against Phase 10 targets
{"level":"info","time":"2026-07-28T09:44:47.050Z","service":"api","msg":"request.completed","method":"GET","url":"/v1/staff/work-items?propertyId=3ab87d2a-0c78-4fac-aa15-515a733cc3ae&queue=inbox","statusCode":200,"requestId":"5b17ae75-bc13-4c68-98fe-b51fcd9e4217"}

stdout | src/phase10-load.integration.test.ts > phase 10.2 performance and load qualification > records API load, realtime load, and DB query profiles against Phase 10 targets
{"level":"info","time":"2026-07-28T09:44:47.052Z","service":"api","msg":"request.completed","method":"GET","url":"/v1/staff/work-items?propertyId=3ab87d2a-0c78-4fac-aa15-515a733cc3ae&queue=inbox","statusCode":200,"requestId":"a57f8084-ebf7-455c-a973-802271818814"}

stdout | src/phase10-load.integration.test.ts > phase 10.2 performance and load qualification > records API load, realtime load, and DB query profiles against Phase 10 targets
{"level":"info","time":"2026-07-28T09:44:47.054Z","service":"api","msg":"request.completed","method":"GET","url":"/v1/staff/work-items?propertyId=3ab87d2a-0c78-4fac-aa15-515a733cc3ae&queue=inbox","statusCode":200,"requestId":"5451c03f-6c94-4f1a-b214-211dec970271"}

stdout | src/phase10-load.integration.test.ts > phase 10.2 performance and load qualification > records API load, realtime load, and DB query profiles against Phase 10 targets
{"level":"info","time":"2026-07-28T09:44:47.055Z","service":"api","msg":"request.completed","method":"GET","url":"/v1/staff/work-items?propertyId=3ab87d2a-0c78-4fac-aa15-515a733cc3ae&queue=inbox","statusCode":200,"requestId":"056badeb-9681-4bc5-ab86-ce934b9b40fb"}

stdout | src/phase10-load.integration.test.ts > phase 10.2 performance and load qualification > records API load, realtime load, and DB query profiles against Phase 10 targets
{"level":"info","time":"2026-07-28T09:44:47.056Z","service":"api","msg":"request.completed","method":"GET","url":"/v1/staff/work-items?propertyId=3ab87d2a-0c78-4fac-aa15-515a733cc3ae&queue=inbox","statusCode":200,"requestId":"7aef8bca-7af4-47d1-8a90-e338649602ee"}

 ✓ src/phase10-load.integration.test.ts (1 test) 1102ms
   ✓ phase 10.2 performance and load qualification > records API load, realtime load, and DB query profiles against Phase 10 targets  1073ms
stdout | src/portal-publish.integration.test.ts > portal publish and rollback > publishes immutably, handles concurrency/idempotency, and rolls back as new version
{"level":"info","time":"2026-07-28T09:44:47.776Z","service":"api","msg":"request.completed","method":"POST","url":"/v1/auth/login","statusCode":200,"requestId":"818da68a-612c-4a6f-8422-068cc35e376f"}

stdout | src/portal-publish.integration.test.ts > portal publish and rollback > publishes immutably, handles concurrency/idempotency, and rolls back as new version
{"level":"info","time":"2026-07-28T09:44:47.781Z","service":"api","msg":"request.completed","method":"GET","url":"/v1/properties?organizationId=d215a186-f84d-4c7c-b75a-3189969999c2","statusCode":200,"requestId":"4e41c33b-a74d-4a74-b8c2-018773fd0c3d"}

stdout | src/portal-publish.integration.test.ts > portal publish and rollback > publishes immutably, handles concurrency/idempotency, and rolls back as new version
{"level":"info","time":"2026-07-28T09:44:47.785Z","service":"api","msg":"request.completed","method":"GET","url":"/v1/properties/8d283b2a-6ccd-4ab9-99be-79604deac640/portal/draft","statusCode":200,"requestId":"a289ce71-1d70-454f-8a37-828b0a393a79"}

stdout | src/portal-publish.integration.test.ts > portal publish and rollback > publishes immutably, handles concurrency/idempotency, and rolls back as new version
{"level":"info","time":"2026-07-28T09:44:47.792Z","service":"api","msg":"request.completed","method":"POST","url":"/v1/properties/8d283b2a-6ccd-4ab9-99be-79604deac640/portal/publish","statusCode":200,"requestId":"e0d43502-e2c9-43cd-890d-ad792c6276c6"}

stdout | src/portal-publish.integration.test.ts > portal publish and rollback > publishes immutably, handles concurrency/idempotency, and rolls back as new version
{"level":"info","time":"2026-07-28T09:44:47.795Z","service":"api","msg":"request.completed","method":"POST","url":"/v1/properties/8d283b2a-6ccd-4ab9-99be-79604deac640/portal/publish","statusCode":200,"requestId":"44ef055c-3690-4bd7-8298-2f25f430e7c4"}

stdout | src/portal-publish.integration.test.ts > portal publish and rollback > publishes immutably, handles concurrency/idempotency, and rolls back as new version
{"level":"info","time":"2026-07-28T09:44:47.797Z","service":"api","msg":"request.completed","method":"POST","url":"/v1/properties/8d283b2a-6ccd-4ab9-99be-79604deac640/portal/publish","statusCode":409,"requestId":"db611140-f4df-49ed-82a5-0f3d32397787"}

stdout | src/portal-publish.integration.test.ts > portal publish and rollback > publishes immutably, handles concurrency/idempotency, and rolls back as new version
{"level":"info","time":"2026-07-28T09:44:47.808Z","service":"api","msg":"request.completed","method":"POST","url":"/v1/properties/8d283b2a-6ccd-4ab9-99be-79604deac640/portal/versions/320e73be-b703-4666-8cc1-87f570877946/restore","statusCode":200,"requestId":"02584c5d-753a-416a-8ef0-837ceccde1db"}

stdout | src/portal-publish.integration.test.ts > portal publish and rollback > publishes immutably, handles concurrency/idempotency, and rolls back as new version
{"level":"info","time":"2026-07-28T09:44:47.811Z","service":"api","msg":"request.completed","method":"GET","url":"/v1/properties/8d283b2a-6ccd-4ab9-99be-79604deac640/portal/versions","statusCode":200,"requestId":"6272abb0-fb54-4b21-9f57-3024ded826ce"}

 ✓ src/portal-publish.integration.test.ts (1 test) 296ms
stdout | src/portal.integration.test.ts > portal draft and templates > creates draft from template and autosaves with optimistic versioning
{"level":"info","time":"2026-07-28T09:44:48.795Z","service":"api","msg":"request.completed","method":"POST","url":"/v1/auth/login","statusCode":200,"requestId":"a38dd699-2506-4617-86ad-e0f53e01f1e1"}

stdout | src/portal.integration.test.ts > portal draft and templates > creates draft from template and autosaves with optimistic versioning
{"level":"info","time":"2026-07-28T09:44:48.800Z","service":"api","msg":"request.completed","method":"GET","url":"/v1/properties?organizationId=d215a186-f84d-4c7c-b75a-3189969999c2","statusCode":200,"requestId":"d8901e9a-391c-495e-b758-49507b523222"}

stdout | src/portal.integration.test.ts > portal draft and templates > creates draft from template and autosaves with optimistic versioning
{"level":"info","time":"2026-07-28T09:44:48.804Z","service":"api","msg":"request.completed","method":"GET","url":"/v1/properties/8d283b2a-6ccd-4ab9-99be-79604deac640/portal/draft","statusCode":200,"requestId":"417c19f3-63e2-4795-a9ae-3df58214014c"}

stdout | src/portal.integration.test.ts > portal draft and templates > creates draft from template and autosaves with optimistic versioning
{"level":"info","time":"2026-07-28T09:44:48.817Z","service":"api","msg":"request.completed","method":"PUT","url":"/v1/properties/8d283b2a-6ccd-4ab9-99be-79604deac640/portal/draft","statusCode":200,"requestId":"541ba6cd-6c8d-4c4b-a50c-cac6fe985aa5"}

stdout | src/portal.integration.test.ts > portal draft and templates > creates draft from template and autosaves with optimistic versioning
{"level":"info","time":"2026-07-28T09:44:48.820Z","service":"api","msg":"request.completed","method":"PUT","url":"/v1/properties/8d283b2a-6ccd-4ab9-99be-79604deac640/portal/draft","statusCode":409,"requestId":"c8a9d87a-d206-4c60-8036-95adccd204f1"}

stdout | src/portal.integration.test.ts > portal draft and templates > creates draft from template and autosaves with optimistic versioning
{"level":"info","time":"2026-07-28T09:44:48.822Z","service":"api","msg":"request.completed","method":"PUT","url":"/v1/properties/8d283b2a-6ccd-4ab9-99be-79604deac640/portal/draft","statusCode":400,"requestId":"1ff96a73-a983-41f5-984d-28ce9c1c8939"}

stdout | src/portal.integration.test.ts > portal draft and templates > creates draft from template and autosaves with optimistic versioning
{"level":"info","time":"2026-07-28T09:44:48.824Z","service":"api","msg":"request.completed","method":"POST","url":"/v1/properties/8d283b2a-6ccd-4ab9-99be-79604deac640/portal/validate","statusCode":200,"requestId":"c6a2bbdf-071b-4c78-b1f9-ca670e32e862"}

stdout | src/portal.integration.test.ts > portal draft and templates > enforces tenant isolation and portal.update permission
{"level":"info","time":"2026-07-28T09:44:49.040Z","service":"api","msg":"request.completed","method":"POST","url":"/v1/auth/login","statusCode":200,"requestId":"4c0c0d86-6f79-4c60-8846-3f6058f055ef"}

stdout | src/portal.integration.test.ts > portal draft and templates > enforces tenant isolation and portal.update permission
{"level":"info","time":"2026-07-28T09:44:49.042Z","service":"api","msg":"request.completed","method":"GET","url":"/v1/properties?organizationId=d215a186-f84d-4c7c-b75a-3189969999c2","statusCode":200,"requestId":"d0aff72f-fc33-497a-8f88-ec5ae42e1012"}

stdout | src/portal.integration.test.ts > portal draft and templates > enforces tenant isolation and portal.update permission
{"level":"info","time":"2026-07-28T09:44:49.253Z","service":"api","msg":"request.completed","method":"POST","url":"/v1/auth/login","statusCode":200,"requestId":"c31a1e2c-4d73-4dc2-8309-9579e69ecd32"}

stdout | src/portal.integration.test.ts > portal draft and templates > enforces tenant isolation and portal.update permission
{"level":"info","time":"2026-07-28T09:44:49.255Z","service":"api","msg":"request.completed","method":"PUT","url":"/v1/properties/8d283b2a-6ccd-4ab9-99be-79604deac640/portal/draft","statusCode":403,"requestId":"3167b32d-cf97-4baa-ac1b-125404c0b128"}

stdout | src/portal.integration.test.ts > portal draft and templates > enforces tenant isolation and portal.update permission
{"level":"info","time":"2026-07-28T09:44:49.468Z","service":"api","msg":"request.completed","method":"POST","url":"/v1/auth/login","statusCode":200,"requestId":"0016ff83-b0ec-44af-a71f-b3cfd41e4b32"}

stdout | src/portal.integration.test.ts > portal draft and templates > enforces tenant isolation and portal.update permission
{"level":"info","time":"2026-07-28T09:44:49.469Z","service":"api","msg":"request.completed","method":"GET","url":"/v1/properties/8d283b2a-6ccd-4ab9-99be-79604deac640/portal/draft","statusCode":403,"requestId":"915eba76-3f47-41f6-9d00-53a670d713c6"}

stdout | src/portal.integration.test.ts > portal draft and templates > enforces tenant isolation and portal.update permission
{"level":"info","time":"2026-07-28T09:44:49.474Z","service":"api","msg":"request.completed","method":"GET","url":"/v1/portal/templates","statusCode":200,"requestId":"348b2adc-e5ca-473c-b9fb-ccb309f77e60"}

stdout | src/portal.integration.test.ts > portal draft and templates > previews draft by locale/device and blocks cross-property locations
{"level":"info","time":"2026-07-28T09:44:49.685Z","service":"api","msg":"request.completed","method":"POST","url":"/v1/auth/login","statusCode":200,"requestId":"83c6b88c-2adb-4414-a111-dd1e6d7d11db"}

stdout | src/portal.integration.test.ts > portal draft and templates > previews draft by locale/device and blocks cross-property locations
{"level":"info","time":"2026-07-28T09:44:49.686Z","service":"api","msg":"request.completed","method":"GET","url":"/v1/properties?organizationId=d215a186-f84d-4c7c-b75a-3189969999c2","statusCode":200,"requestId":"74274315-d162-4b21-b05d-884ac0273cfb"}

stdout | src/portal.integration.test.ts > portal draft and templates > previews draft by locale/device and blocks cross-property locations
{"level":"info","time":"2026-07-28T09:44:49.689Z","service":"api","msg":"request.completed","method":"GET","url":"/v1/properties/8d283b2a-6ccd-4ab9-99be-79604deac640/locations","statusCode":200,"requestId":"1e939f6e-ddae-4c65-adb2-16564aa61998"}

stdout | src/portal.integration.test.ts > portal draft and templates > previews draft by locale/device and blocks cross-property locations
{"level":"info","time":"2026-07-28T09:44:49.691Z","service":"api","msg":"request.completed","method":"GET","url":"/v1/properties/8d283b2a-6ccd-4ab9-99be-79604deac640/portal/preview?locale=vi&device=phone&locationId=0ceda895-7f35-4203-8e21-e6d5adde9f69","statusCode":200,"requestId":"771d6a2a-73d9-4af9-af58-bce74d2d5370"}

stdout | src/portal.integration.test.ts > portal draft and templates > previews draft by locale/device and blocks cross-property locations
{"level":"info","time":"2026-07-28T09:44:49.693Z","service":"api","msg":"request.completed","method":"GET","url":"/v1/properties/8d283b2a-6ccd-4ab9-99be-79604deac640/portal/preview?locationId=3f554a47-b9c0-4b7f-8fa7-59134600dd03","statusCode":403,"requestId":"b076fd2d-f762-460f-bd18-69df2a0f6ef9"}

stdout | src/portal.integration.test.ts > portal draft and templates > previews draft by locale/device and blocks cross-property locations
{"level":"info","time":"2026-07-28T09:44:49.695Z","service":"api","msg":"request.completed","method":"PUT","url":"/v1/properties/8d283b2a-6ccd-4ab9-99be-79604deac640/portal/navigation","statusCode":200,"requestId":"e0bf4a80-0b55-49ba-a948-c7b0f48d8b16"}

 ✓ src/portal.integration.test.ts (3 tests) 1213ms
   ✓ portal draft and templates > creates draft from template and autosaves with optimistic versioning  313ms
   ✓ portal draft and templates > enforces tenant isolation and portal.update permission  650ms
stdout | src/qr.integration.test.ts > qr token lifecycle > creates opaque tokens, resolves, disables, downloads, and enforces permissions
{"level":"info","time":"2026-07-28T09:44:50.735Z","service":"api","msg":"request.completed","method":"POST","url":"/v1/auth/login","statusCode":200,"requestId":"e1dd57b2-d9d7-41b6-aa91-15f6c517c27c"}

stdout | src/qr.integration.test.ts > qr token lifecycle > creates opaque tokens, resolves, disables, downloads, and enforces permissions
{"level":"info","time":"2026-07-28T09:44:50.741Z","service":"api","msg":"request.completed","method":"GET","url":"/v1/properties?organizationId=d215a186-f84d-4c7c-b75a-3189969999c2","statusCode":200,"requestId":"397af542-725d-4192-81c6-e26dd595e44c"}

stdout | src/qr.integration.test.ts > qr token lifecycle > creates opaque tokens, resolves, disables, downloads, and enforces permissions
{"level":"info","time":"2026-07-28T09:44:50.745Z","service":"api","msg":"request.completed","method":"GET","url":"/v1/properties/8d283b2a-6ccd-4ab9-99be-79604deac640/locations","statusCode":200,"requestId":"76953765-3484-4ede-8823-0405106865f9"}

stdout | src/qr.integration.test.ts > qr token lifecycle > creates opaque tokens, resolves, disables, downloads, and enforces permissions
{"level":"info","time":"2026-07-28T09:44:50.750Z","service":"api","msg":"request.completed","method":"POST","url":"/v1/properties/8d283b2a-6ccd-4ab9-99be-79604deac640/qr-codes","statusCode":200,"requestId":"61bb6dfe-151c-4e7d-a28c-35876570b217"}

stdout | src/qr.integration.test.ts > qr token lifecycle > creates opaque tokens, resolves, disables, downloads, and enforces permissions
{"level":"info","time":"2026-07-28T09:44:50.752Z","service":"api","msg":"request.completed","method":"POST","url":"/v1/guest/resolve-qr","statusCode":200,"requestId":"b9340456-6117-4804-8d7f-f203f0d91711"}

stdout | src/qr.integration.test.ts > qr token lifecycle > creates opaque tokens, resolves, disables, downloads, and enforces permissions
{"level":"info","time":"2026-07-28T09:44:50.755Z","service":"api","msg":"request.completed","method":"PATCH","url":"/v1/properties/8d283b2a-6ccd-4ab9-99be-79604deac640/qr-codes/4a5d43b3-822a-457e-9766-e15594c608c5","statusCode":200,"requestId":"71f8948c-2fa8-41d4-947d-4e28cd3256c1"}

stdout | src/qr.integration.test.ts > qr token lifecycle > creates opaque tokens, resolves, disables, downloads, and enforces permissions
{"level":"info","time":"2026-07-28T09:44:50.770Z","service":"api","msg":"request.completed","method":"POST","url":"/v1/guest/resolve-qr","statusCode":200,"requestId":"af23b306-29d3-4012-81f9-eeb22aec9f7a"}

stdout | src/qr.integration.test.ts > qr token lifecycle > creates opaque tokens, resolves, disables, downloads, and enforces permissions
{"level":"info","time":"2026-07-28T09:44:50.779Z","service":"api","msg":"request.completed","method":"GET","url":"/v1/properties/8d283b2a-6ccd-4ab9-99be-79604deac640/qr-codes/4a5d43b3-822a-457e-9766-e15594c608c5/download?format=svg","statusCode":200,"requestId":"5adad928-8361-49f5-b999-aa438ef52e6b"}

stdout | src/qr.integration.test.ts > qr token lifecycle > creates opaque tokens, resolves, disables, downloads, and enforces permissions
{"level":"info","time":"2026-07-28T09:44:50.784Z","service":"api","msg":"request.completed","method":"PATCH","url":"/v1/properties/8d283b2a-6ccd-4ab9-99be-79604deac640/qr-codes/4a5d43b3-822a-457e-9766-e15594c608c5","statusCode":200,"requestId":"d4b5c0be-0b9c-4602-894d-774d9238a758"}

stdout | src/qr.integration.test.ts > qr token lifecycle > creates opaque tokens, resolves, disables, downloads, and enforces permissions
{"level":"info","time":"2026-07-28T09:44:50.787Z","service":"api","msg":"request.completed","method":"POST","url":"/v1/guest/resolve-qr","statusCode":404,"requestId":"c3b2e7da-0586-4c4e-afd3-38c54905eecb"}

stdout | src/qr.integration.test.ts > qr token lifecycle > creates opaque tokens, resolves, disables, downloads, and enforces permissions
{"level":"info","time":"2026-07-28T09:44:50.788Z","service":"api","msg":"request.completed","method":"POST","url":"/v1/guest/resolve-qr","statusCode":404,"requestId":"241bd4c9-66a7-431a-9796-5863f82143c1"}

stdout | src/qr.integration.test.ts > qr token lifecycle > creates opaque tokens, resolves, disables, downloads, and enforces permissions
{"level":"info","time":"2026-07-28T09:44:51.019Z","service":"api","msg":"request.completed","method":"POST","url":"/v1/auth/login","statusCode":200,"requestId":"6c3f5b49-5f44-4975-81dd-53a184a228c5"}

stdout | src/qr.integration.test.ts > qr token lifecycle > creates opaque tokens, resolves, disables, downloads, and enforces permissions
{"level":"info","time":"2026-07-28T09:44:51.021Z","service":"api","msg":"request.completed","method":"POST","url":"/v1/properties/8d283b2a-6ccd-4ab9-99be-79604deac640/qr-codes","statusCode":403,"requestId":"e8f61d68-daa6-4ea6-8a61-8be46041deba"}

stdout | src/qr.integration.test.ts > qr token lifecycle > creates opaque tokens, resolves, disables, downloads, and enforces permissions
{"level":"info","time":"2026-07-28T09:44:51.240Z","service":"api","msg":"request.completed","method":"POST","url":"/v1/auth/login","statusCode":200,"requestId":"091b399a-0b77-4e89-b65c-ca4340e06745"}

stdout | src/qr.integration.test.ts > qr token lifecycle > creates opaque tokens, resolves, disables, downloads, and enforces permissions
{"level":"info","time":"2026-07-28T09:44:51.243Z","service":"api","msg":"request.completed","method":"GET","url":"/v1/properties/8d283b2a-6ccd-4ab9-99be-79604deac640/qr-codes","statusCode":403,"requestId":"fd047167-af73-478b-948e-b08415d1c037"}

stdout | src/qr.integration.test.ts > qr token lifecycle > rate limits QR resolution
{"level":"info","time":"2026-07-28T09:44:51.245Z","service":"api","msg":"request.completed","method":"POST","url":"/v1/guest/resolve-qr","statusCode":404,"requestId":"a187f8e5-636c-4c53-a1fa-c49f62592bb4"}

stdout | src/qr.integration.test.ts > qr token lifecycle > rate limits QR resolution
{"level":"info","time":"2026-07-28T09:44:51.246Z","service":"api","msg":"request.completed","method":"POST","url":"/v1/guest/resolve-qr","statusCode":404,"requestId":"ae92cb28-3c59-45ba-bc19-7f64f57c8f14"}

stdout | src/qr.integration.test.ts > qr token lifecycle > rate limits QR resolution
{"level":"info","time":"2026-07-28T09:44:51.246Z","service":"api","msg":"request.completed","method":"POST","url":"/v1/guest/resolve-qr","statusCode":404,"requestId":"6db1ae73-3210-45a9-847d-fefa84486225"}

stdout | src/qr.integration.test.ts > qr token lifecycle > rate limits QR resolution
{"level":"info","time":"2026-07-28T09:44:51.247Z","service":"api","msg":"request.completed","method":"POST","url":"/v1/guest/resolve-qr","statusCode":404,"requestId":"1444e32f-eecd-4122-8fdf-0312f969b84f"}

stdout | src/qr.integration.test.ts > qr token lifecycle > rate limits QR resolution
{"level":"info","time":"2026-07-28T09:44:51.248Z","service":"api","msg":"request.completed","method":"POST","url":"/v1/guest/resolve-qr","statusCode":404,"requestId":"c009619e-e3fc-44e1-b348-926297f0b8d2"}

stdout | src/qr.integration.test.ts > qr token lifecycle > rate limits QR resolution
{"level":"info","time":"2026-07-28T09:44:51.249Z","service":"api","msg":"request.completed","method":"POST","url":"/v1/guest/resolve-qr","statusCode":404,"requestId":"f4fa4482-ae45-4cdb-859b-872186ad6b8d"}

stdout | src/qr.integration.test.ts > qr token lifecycle > rate limits QR resolution
{"level":"info","time":"2026-07-28T09:44:51.249Z","service":"api","msg":"request.completed","method":"POST","url":"/v1/guest/resolve-qr","statusCode":404,"requestId":"02114576-15f6-410f-b253-f9bb8c9a42e9"}

stdout | src/qr.integration.test.ts > qr token lifecycle > rate limits QR resolution
{"level":"info","time":"2026-07-28T09:44:51.250Z","service":"api","msg":"request.completed","method":"POST","url":"/v1/guest/resolve-qr","statusCode":404,"requestId":"87b06526-dcc6-41b5-83f8-6933c32b408f"}

stdout | src/qr.integration.test.ts > qr token lifecycle > rate limits QR resolution
{"level":"info","time":"2026-07-28T09:44:51.251Z","service":"api","msg":"request.completed","method":"POST","url":"/v1/guest/resolve-qr","statusCode":404,"requestId":"b528b31a-79fa-4aa9-ba13-c598edcba9be"}

stdout | src/qr.integration.test.ts > qr token lifecycle > rate limits QR resolution
{"level":"info","time":"2026-07-28T09:44:51.252Z","service":"api","msg":"request.completed","method":"POST","url":"/v1/guest/resolve-qr","statusCode":404,"requestId":"056189af-53ca-4240-924d-8e27e12f9515"}

stdout | src/qr.integration.test.ts > qr token lifecycle > rate limits QR resolution
{"level":"info","time":"2026-07-28T09:44:51.254Z","service":"api","msg":"request.completed","method":"POST","url":"/v1/guest/resolve-qr","statusCode":404,"requestId":"33152ee1-f62f-4b6c-aac5-69fae738b306"}

stdout | src/qr.integration.test.ts > qr token lifecycle > rate limits QR resolution
{"level":"info","time":"2026-07-28T09:44:51.255Z","service":"api","msg":"request.completed","method":"POST","url":"/v1/guest/resolve-qr","statusCode":404,"requestId":"2e76d0de-8cce-4b47-bbee-fd4b4a907a14"}

stdout | src/qr.integration.test.ts > qr token lifecycle > rate limits QR resolution
{"level":"info","time":"2026-07-28T09:44:51.256Z","service":"api","msg":"request.completed","method":"POST","url":"/v1/guest/resolve-qr","statusCode":404,"requestId":"52945ad8-22fb-4ad3-90ce-8248e1b7dbb1"}

stdout | src/qr.integration.test.ts > qr token lifecycle > rate limits QR resolution
{"level":"info","time":"2026-07-28T09:44:51.256Z","service":"api","msg":"request.completed","method":"POST","url":"/v1/guest/resolve-qr","statusCode":404,"requestId":"bfff1bdd-69d7-4c55-a931-a3957dacfda8"}

stdout | src/qr.integration.test.ts > qr token lifecycle > rate limits QR resolution
{"level":"info","time":"2026-07-28T09:44:51.257Z","service":"api","msg":"request.completed","method":"POST","url":"/v1/guest/resolve-qr","statusCode":404,"requestId":"a96ca261-d847-4782-92b4-d9bd9ea00efb"}

stdout | src/qr.integration.test.ts > qr token lifecycle > rate limits QR resolution
{"level":"info","time":"2026-07-28T09:44:51.258Z","service":"api","msg":"request.completed","method":"POST","url":"/v1/guest/resolve-qr","statusCode":404,"requestId":"f579946a-b7da-45d9-a630-db1190b230be"}

stdout | src/qr.integration.test.ts > qr token lifecycle > rate limits QR resolution
{"level":"info","time":"2026-07-28T09:44:51.258Z","service":"api","msg":"request.completed","method":"POST","url":"/v1/guest/resolve-qr","statusCode":404,"requestId":"98b9a19a-cb14-450e-8ffb-cef165fab1b6"}

stdout | src/qr.integration.test.ts > qr token lifecycle > rate limits QR resolution
{"level":"info","time":"2026-07-28T09:44:51.259Z","service":"api","msg":"request.completed","method":"POST","url":"/v1/guest/resolve-qr","statusCode":404,"requestId":"584917a0-9f5d-4738-b54a-224548257575"}

stdout | src/qr.integration.test.ts > qr token lifecycle > rate limits QR resolution
{"level":"info","time":"2026-07-28T09:44:51.260Z","service":"api","msg":"request.completed","method":"POST","url":"/v1/guest/resolve-qr","statusCode":404,"requestId":"7da697fc-8c08-43fc-818d-b04b83185d35"}

stdout | src/qr.integration.test.ts > qr token lifecycle > rate limits QR resolution
{"level":"info","time":"2026-07-28T09:44:51.260Z","service":"api","msg":"request.completed","method":"POST","url":"/v1/guest/resolve-qr","statusCode":404,"requestId":"8a018aa8-0078-483d-9b2b-a859510d8134"}

stdout | src/qr.integration.test.ts > qr token lifecycle > rate limits QR resolution
{"level":"info","time":"2026-07-28T09:44:51.261Z","service":"api","msg":"request.completed","method":"POST","url":"/v1/guest/resolve-qr","statusCode":404,"requestId":"34d10366-43c0-4651-aade-c593bcdc0411"}

stdout | src/qr.integration.test.ts > qr token lifecycle > rate limits QR resolution
{"level":"info","time":"2026-07-28T09:44:51.262Z","service":"api","msg":"request.completed","method":"POST","url":"/v1/guest/resolve-qr","statusCode":404,"requestId":"6b6c080a-3e58-430c-8802-f8b1abd59c1c"}

stdout | src/qr.integration.test.ts > qr token lifecycle > rate limits QR resolution
{"level":"info","time":"2026-07-28T09:44:51.262Z","service":"api","msg":"request.completed","method":"POST","url":"/v1/guest/resolve-qr","statusCode":404,"requestId":"a13f4990-aba6-42c3-88b9-5b40f4fd70f5"}

stdout | src/qr.integration.test.ts > qr token lifecycle > rate limits QR resolution
{"level":"info","time":"2026-07-28T09:44:51.263Z","service":"api","msg":"request.completed","method":"POST","url":"/v1/guest/resolve-qr","statusCode":404,"requestId":"596a0f96-362e-49eb-84f4-8248eb8d68c9"}

stdout | src/qr.integration.test.ts > qr token lifecycle > rate limits QR resolution
{"level":"info","time":"2026-07-28T09:44:51.263Z","service":"api","msg":"request.completed","method":"POST","url":"/v1/guest/resolve-qr","statusCode":404,"requestId":"63731b57-6c07-4f99-b954-173f966b1958"}

stdout | src/qr.integration.test.ts > qr token lifecycle > rate limits QR resolution
{"level":"info","time":"2026-07-28T09:44:51.264Z","service":"api","msg":"request.completed","method":"POST","url":"/v1/guest/resolve-qr","statusCode":404,"requestId":"828bd679-b381-4070-bd34-9aa1d47ec476"}

stdout | src/qr.integration.test.ts > qr token lifecycle > rate limits QR resolution
{"level":"info","time":"2026-07-28T09:44:51.265Z","service":"api","msg":"request.completed","method":"POST","url":"/v1/guest/resolve-qr","statusCode":404,"requestId":"0f15879f-58b6-48ab-b8df-c53f87b880a0"}

stdout | src/qr.integration.test.ts > qr token lifecycle > rate limits QR resolution
{"level":"info","time":"2026-07-28T09:44:51.265Z","service":"api","msg":"request.completed","method":"POST","url":"/v1/guest/resolve-qr","statusCode":404,"requestId":"22d52fbb-802b-484d-ad8d-95fb3177ec41"}

stdout | src/qr.integration.test.ts > qr token lifecycle > rate limits QR resolution
{"level":"info","time":"2026-07-28T09:44:51.266Z","service":"api","msg":"request.completed","method":"POST","url":"/v1/guest/resolve-qr","statusCode":404,"requestId":"6124ab24-c482-45bf-9251-b2b9eadc5014"}

stdout | src/qr.integration.test.ts > qr token lifecycle > rate limits QR resolution
{"level":"info","time":"2026-07-28T09:44:51.267Z","service":"api","msg":"request.completed","method":"POST","url":"/v1/guest/resolve-qr","statusCode":404,"requestId":"0acaf21d-5ca5-4116-ac17-34a77e24433a"}

stdout | src/qr.integration.test.ts > qr token lifecycle > rate limits QR resolution
{"level":"info","time":"2026-07-28T09:44:51.267Z","service":"api","msg":"request.completed","method":"POST","url":"/v1/guest/resolve-qr","statusCode":429,"requestId":"870f2a04-45e2-4b53-9b8f-897c60f55541"}

 ✓ src/qr.integration.test.ts (2 tests) 1085ms
   ✓ qr token lifecycle > creates opaque tokens, resolves, disables, downloads, and enforces permissions  1029ms
stdout | src/realtime.integration.test.ts > realtime outbox delivery > replays tenant-scoped staff events and converges after reconnect without duplicates
{"level":"info","time":"2026-07-28T09:44:52.047Z","service":"api","msg":"request.completed","method":"POST","url":"/v1/auth/login","statusCode":200,"requestId":"da484605-c6e0-49e2-b02f-5d0b66995f41"}

stdout | src/realtime.integration.test.ts > realtime outbox delivery > replays tenant-scoped staff events and converges after reconnect without duplicates
{"level":"info","time":"2026-07-28T09:44:52.268Z","service":"api","msg":"request.completed","method":"POST","url":"/v1/auth/login","statusCode":200,"requestId":"35769206-67a7-47b9-b349-921376dbe059"}

stdout | src/realtime.integration.test.ts > realtime outbox delivery > replays tenant-scoped staff events and converges after reconnect without duplicates
{"level":"info","time":"2026-07-28T09:44:52.488Z","service":"api","msg":"request.completed","method":"POST","url":"/v1/auth/login","statusCode":200,"requestId":"93e2eed8-e570-490f-8d89-91d409393d34"}

stdout | src/realtime.integration.test.ts > realtime outbox delivery > replays tenant-scoped staff events and converges after reconnect without duplicates
{"level":"info","time":"2026-07-28T09:44:52.493Z","service":"api","msg":"request.completed","method":"GET","url":"/v1/properties?organizationId=d215a186-f84d-4c7c-b75a-3189969999c2","statusCode":200,"requestId":"169aa738-8f61-4e83-a487-1185ab78e866"}

stdout | src/realtime.integration.test.ts > realtime outbox delivery > replays tenant-scoped staff events and converges after reconnect without duplicates
{"level":"info","time":"2026-07-28T09:44:52.497Z","service":"api","msg":"request.completed","method":"GET","url":"/v1/properties/3ab87d2a-0c78-4fac-aa15-515a733cc3ae/locations","statusCode":200,"requestId":"3a52c23f-b015-48a9-addb-e1190db5ee32"}

stdout | src/realtime.integration.test.ts > realtime outbox delivery > replays tenant-scoped staff events and converges after reconnect without duplicates
{"level":"info","time":"2026-07-28T09:44:52.502Z","service":"api","msg":"request.completed","method":"POST","url":"/v1/properties/3ab87d2a-0c78-4fac-aa15-515a733cc3ae/qr-codes","statusCode":200,"requestId":"b267bfda-0544-48d8-b05e-49cdba6092d8"}

stdout | src/realtime.integration.test.ts > realtime outbox delivery > replays tenant-scoped staff events and converges after reconnect without duplicates
{"level":"info","time":"2026-07-28T09:44:52.506Z","service":"api","msg":"request.completed","method":"POST","url":"/v1/guest/sessions","statusCode":200,"requestId":"15524ea4-73b4-4766-ad0c-3e83b2b4c0d4"}

stdout | src/realtime.integration.test.ts > realtime outbox delivery > replays tenant-scoped staff events and converges after reconnect without duplicates
{"level":"info","time":"2026-07-28T09:44:52.510Z","service":"api","msg":"request.completed","method":"POST","url":"/v1/guest/conversations","statusCode":200,"requestId":"965cad2e-bd32-4bf8-891e-4f53c0de8a1e"}

stdout | src/realtime.integration.test.ts > realtime outbox delivery > replays tenant-scoped staff events and converges after reconnect without duplicates
{"level":"info","time":"2026-07-28T09:44:52.514Z","service":"api","msg":"request.completed","method":"POST","url":"/v1/guest/conversations/e37dce82-85e3-4b36-82ec-74ad2bd14b08/messages","statusCode":200,"requestId":"868c8d8a-67b2-4cc0-81b3-ab1d00685e78"}

stdout | src/realtime.integration.test.ts > realtime outbox delivery > replays tenant-scoped staff events and converges after reconnect without duplicates
{"level":"info","time":"2026-07-28T09:44:52.519Z","service":"api","msg":"request.completed","method":"POST","url":"/v1/guest/request-drafts","statusCode":200,"requestId":"971cbd76-6d43-4658-87ff-020974bf8ad9"}

stdout | src/realtime.integration.test.ts > realtime outbox delivery > replays tenant-scoped staff events and converges after reconnect without duplicates
{"level":"info","time":"2026-07-28T09:44:52.527Z","service":"api","msg":"request.completed","method":"POST","url":"/v1/guest/request-drafts/8fdef5ac-13f4-4c5b-a1db-be5456900a3c/confirm","statusCode":200,"requestId":"02e01d48-aa02-428c-b4f0-8116d4f497b8"}

stdout | src/realtime.integration.test.ts > realtime outbox delivery > replays tenant-scoped staff events and converges after reconnect without duplicates
{"level":"info","time":"2026-07-28T09:44:52.529Z","service":"api","msg":"request.completed","method":"GET","url":"/v1/staff/realtime/events?propertyId=3ab87d2a-0c78-4fac-aa15-515a733cc3ae","statusCode":403,"requestId":"3fa4e85b-437f-427c-96e7-1d73f89802a9"}

stdout | src/realtime.integration.test.ts > realtime outbox delivery > replays tenant-scoped staff events and converges after reconnect without duplicates
{"level":"info","time":"2026-07-28T09:44:52.534Z","service":"api","msg":"request.completed","method":"GET","url":"/v1/staff/realtime/events?propertyId=3ab87d2a-0c78-4fac-aa15-515a733cc3ae&limit=20","statusCode":200,"requestId":"0841bb57-8556-4bb3-b61b-26f06a5caf60"}

stdout | src/realtime.integration.test.ts > realtime outbox delivery > replays tenant-scoped staff events and converges after reconnect without duplicates
{"level":"info","time":"2026-07-28T09:44:52.539Z","service":"api","msg":"request.completed","method":"POST","url":"/v1/staff/requests/7264222c-68a0-434b-a4fd-44be7be3e01b/accept","statusCode":200,"requestId":"e2c469fd-3e12-4161-8781-a3c100ed26f8"}

stdout | src/realtime.integration.test.ts > realtime outbox delivery > replays tenant-scoped staff events and converges after reconnect without duplicates
{"level":"info","time":"2026-07-28T09:44:52.542Z","service":"api","msg":"request.completed","method":"GET","url":"/v1/staff/realtime/events?propertyId=3ab87d2a-0c78-4fac-aa15-515a733cc3ae&lastEventId=df169665-ffd8-464d-b433-d516b2ade85c&limit=20","statusCode":200,"requestId":"b77ed1df-c271-4d97-be8b-718062e302b1"}

stdout | src/realtime.integration.test.ts > realtime outbox delivery > replays tenant-scoped staff events and converges after reconnect without duplicates
{"level":"info","time":"2026-07-28T09:44:52.545Z","service":"api","msg":"request.completed","method":"GET","url":"/v1/staff/realtime/events?propertyId=3ab87d2a-0c78-4fac-aa15-515a733cc3ae&lastEventId=8a30ab6d-f80e-4150-8aa7-11a729ce84ae&limit=20","statusCode":200,"requestId":"eef0f2f1-88d4-4902-8a63-9beea4091a79"}

stdout | src/realtime.integration.test.ts > realtime outbox delivery > delivers only the guest session events needed for status convergence
{"level":"info","time":"2026-07-28T09:44:52.772Z","service":"api","msg":"request.completed","method":"POST","url":"/v1/auth/login","statusCode":200,"requestId":"0c52094a-29ee-4161-804f-5d7af278bfe9"}

stdout | src/realtime.integration.test.ts > realtime outbox delivery > delivers only the guest session events needed for status convergence
{"level":"info","time":"2026-07-28T09:44:53.113Z","service":"api","msg":"request.completed","method":"POST","url":"/v1/auth/login","statusCode":200,"requestId":"5839ce9c-83fe-4f44-ad9b-424a0977b56b"}

stdout | src/realtime.integration.test.ts > realtime outbox delivery > delivers only the guest session events needed for status convergence
{"level":"info","time":"2026-07-28T09:44:53.115Z","service":"api","msg":"request.completed","method":"GET","url":"/v1/properties?organizationId=d215a186-f84d-4c7c-b75a-3189969999c2","statusCode":200,"requestId":"d6de33be-1168-4533-9134-2406be357e51"}

stdout | src/realtime.integration.test.ts > realtime outbox delivery > delivers only the guest session events needed for status convergence
{"level":"info","time":"2026-07-28T09:44:53.119Z","service":"api","msg":"request.completed","method":"GET","url":"/v1/properties/3ab87d2a-0c78-4fac-aa15-515a733cc3ae/locations","statusCode":200,"requestId":"b1e4a69e-80ce-41a3-88eb-d7b22ffae182"}

stdout | src/realtime.integration.test.ts > realtime outbox delivery > delivers only the guest session events needed for status convergence
{"level":"info","time":"2026-07-28T09:44:53.123Z","service":"api","msg":"request.completed","method":"POST","url":"/v1/properties/3ab87d2a-0c78-4fac-aa15-515a733cc3ae/qr-codes","statusCode":200,"requestId":"06a67c8b-ba28-4426-a239-b11e3648893a"}

stdout | src/realtime.integration.test.ts > realtime outbox delivery > delivers only the guest session events needed for status convergence
{"level":"info","time":"2026-07-28T09:44:53.126Z","service":"api","msg":"request.completed","method":"POST","url":"/v1/guest/sessions","statusCode":200,"requestId":"c0d7f5ef-dd10-4bd4-9e9f-51d84b699fcf"}

stdout | src/realtime.integration.test.ts > realtime outbox delivery > delivers only the guest session events needed for status convergence
{"level":"info","time":"2026-07-28T09:44:53.128Z","service":"api","msg":"request.completed","method":"POST","url":"/v1/guest/conversations","statusCode":200,"requestId":"4b0b6ba5-44a1-4174-8532-ace68e413c05"}

stdout | src/realtime.integration.test.ts > realtime outbox delivery > delivers only the guest session events needed for status convergence
{"level":"info","time":"2026-07-28T09:44:53.132Z","service":"api","msg":"request.completed","method":"POST","url":"/v1/guest/conversations/b8e12ea4-2f22-439a-9f9c-96ded43d2846/messages","statusCode":200,"requestId":"6c1ba7b9-a495-4e50-9976-398fec325a05"}

stdout | src/realtime.integration.test.ts > realtime outbox delivery > delivers only the guest session events needed for status convergence
{"level":"info","time":"2026-07-28T09:44:53.135Z","service":"api","msg":"request.completed","method":"POST","url":"/v1/guest/request-drafts","statusCode":200,"requestId":"26178291-62cc-428f-838e-0c915eb3c83c"}

stdout | src/realtime.integration.test.ts > realtime outbox delivery > delivers only the guest session events needed for status convergence
{"level":"info","time":"2026-07-28T09:44:53.139Z","service":"api","msg":"request.completed","method":"POST","url":"/v1/guest/request-drafts/c43725a9-a964-40aa-a8fb-8f1238d43e09/confirm","statusCode":200,"requestId":"8630e1c0-0f6f-42cb-8e2b-2413315a10f3"}

stdout | src/realtime.integration.test.ts > realtime outbox delivery > delivers only the guest session events needed for status convergence
{"level":"info","time":"2026-07-28T09:44:53.357Z","service":"api","msg":"request.completed","method":"POST","url":"/v1/auth/login","statusCode":200,"requestId":"3ce740d8-f513-4c97-adec-78fe98916f29"}

stdout | src/realtime.integration.test.ts > realtime outbox delivery > delivers only the guest session events needed for status convergence
{"level":"info","time":"2026-07-28T09:44:53.360Z","service":"api","msg":"request.completed","method":"GET","url":"/v1/properties?organizationId=d215a186-f84d-4c7c-b75a-3189969999c2","statusCode":200,"requestId":"c4ffda11-a9fc-4b9f-94ea-5cb9f5123535"}

stdout | src/realtime.integration.test.ts > realtime outbox delivery > delivers only the guest session events needed for status convergence
{"level":"info","time":"2026-07-28T09:44:53.361Z","service":"api","msg":"request.completed","method":"GET","url":"/v1/properties/3ab87d2a-0c78-4fac-aa15-515a733cc3ae/locations","statusCode":200,"requestId":"75a64d5f-b462-464a-8cc9-df8d11566e3d"}

stdout | src/realtime.integration.test.ts > realtime outbox delivery > delivers only the guest session events needed for status convergence
{"level":"info","time":"2026-07-28T09:44:53.372Z","service":"api","msg":"request.completed","method":"POST","url":"/v1/properties/3ab87d2a-0c78-4fac-aa15-515a733cc3ae/qr-codes","statusCode":200,"requestId":"ba456d43-f027-43ed-bd11-f92e3dfebb32"}

stdout | src/realtime.integration.test.ts > realtime outbox delivery > delivers only the guest session events needed for status convergence
{"level":"info","time":"2026-07-28T09:44:53.378Z","service":"api","msg":"request.completed","method":"POST","url":"/v1/guest/sessions","statusCode":200,"requestId":"e978ec02-9e91-434e-bd6b-808e81eb000c"}

stdout | src/realtime.integration.test.ts > realtime outbox delivery > delivers only the guest session events needed for status convergence
{"level":"info","time":"2026-07-28T09:44:53.385Z","service":"api","msg":"request.completed","method":"GET","url":"/v1/guest/realtime/events?limit=20","statusCode":200,"requestId":"18111c37-3ce8-4ede-9988-ddce9cae76f3"}

stdout | src/realtime.integration.test.ts > realtime outbox delivery > delivers only the guest session events needed for status convergence
{"level":"info","time":"2026-07-28T09:44:53.389Z","service":"api","msg":"request.completed","method":"POST","url":"/v1/staff/requests/890249e5-beed-4278-90da-387095397e36/accept","statusCode":200,"requestId":"155b8810-618d-4e75-b8c4-dbc0a41d294f"}

stdout | src/realtime.integration.test.ts > realtime outbox delivery > delivers only the guest session events needed for status convergence
{"level":"info","time":"2026-07-28T09:44:53.392Z","service":"api","msg":"request.completed","method":"GET","url":"/v1/guest/realtime/events?lastEventId=caa4803b-937e-437a-be2c-7cae1aa6cd40&limit=20","statusCode":200,"requestId":"c939fe36-e28a-4ca7-af98-0c63a3ff7f0c"}

stdout | src/realtime.integration.test.ts > realtime outbox delivery > delivers only the guest session events needed for status convergence
{"level":"info","time":"2026-07-28T09:44:53.395Z","service":"api","msg":"request.completed","method":"GET","url":"/v1/guest/realtime/events?limit=20","statusCode":200,"requestId":"e318a570-d02e-4247-b9e3-5c78f15fe8db"}

 ✓ src/realtime.integration.test.ts (2 tests) 1612ms
   ✓ realtime outbox delivery > replays tenant-scoped staff events and converges after reconnect without duplicates  735ms
   ✓ realtime outbox delivery > delivers only the guest session events needed for status convergence  850ms
stdout | src/request-orders.integration.test.ts > request/order lifecycle operations > transitions requests with optimistic versioning, history, outbox, and audit
{"level":"info","time":"2026-07-28T09:44:54.169Z","service":"api","msg":"request.completed","method":"POST","url":"/v1/auth/login","statusCode":200,"requestId":"dbf036e8-22e4-440e-8894-505a5caca53e"}

stdout | src/request-orders.integration.test.ts > request/order lifecycle operations > transitions requests with optimistic versioning, history, outbox, and audit
{"level":"info","time":"2026-07-28T09:44:54.400Z","service":"api","msg":"request.completed","method":"POST","url":"/v1/auth/login","statusCode":200,"requestId":"57bbd8f6-daf1-4efe-9f82-52b7c241bc61"}

stdout | src/request-orders.integration.test.ts > request/order lifecycle operations > transitions requests with optimistic versioning, history, outbox, and audit
{"level":"info","time":"2026-07-28T09:44:54.405Z","service":"api","msg":"request.completed","method":"GET","url":"/v1/properties?organizationId=d215a186-f84d-4c7c-b75a-3189969999c2","statusCode":200,"requestId":"d5e10705-a37a-4848-9fc5-6f8d7590f9c6"}

stdout | src/request-orders.integration.test.ts > request/order lifecycle operations > transitions requests with optimistic versioning, history, outbox, and audit
{"level":"info","time":"2026-07-28T09:44:54.408Z","service":"api","msg":"request.completed","method":"GET","url":"/v1/properties/3ab87d2a-0c78-4fac-aa15-515a733cc3ae/locations","statusCode":200,"requestId":"5a4788e3-e72d-467a-a516-78cc6481148b"}

stdout | src/request-orders.integration.test.ts > request/order lifecycle operations > transitions requests with optimistic versioning, history, outbox, and audit
{"level":"info","time":"2026-07-28T09:44:54.414Z","service":"api","msg":"request.completed","method":"POST","url":"/v1/properties/3ab87d2a-0c78-4fac-aa15-515a733cc3ae/qr-codes","statusCode":200,"requestId":"985931bb-0136-4d25-a8d5-505be8278690"}

stdout | src/request-orders.integration.test.ts > request/order lifecycle operations > transitions requests with optimistic versioning, history, outbox, and audit
{"level":"info","time":"2026-07-28T09:44:54.417Z","service":"api","msg":"request.completed","method":"POST","url":"/v1/guest/sessions","statusCode":200,"requestId":"7f6db653-8b3a-47fd-b36d-96d7c6a5852e"}

stdout | src/request-orders.integration.test.ts > request/order lifecycle operations > transitions requests with optimistic versioning, history, outbox, and audit
{"level":"info","time":"2026-07-28T09:44:54.421Z","service":"api","msg":"request.completed","method":"POST","url":"/v1/guest/conversations","statusCode":200,"requestId":"57fa97be-6f6a-4c04-855b-e664ea03f174"}

stdout | src/request-orders.integration.test.ts > request/order lifecycle operations > transitions requests with optimistic versioning, history, outbox, and audit
{"level":"info","time":"2026-07-28T09:44:54.424Z","service":"api","msg":"request.completed","method":"POST","url":"/v1/guest/request-drafts","statusCode":200,"requestId":"70d1327a-e139-4c06-ab1a-c2149a7e5809"}

stdout | src/request-orders.integration.test.ts > request/order lifecycle operations > transitions requests with optimistic versioning, history, outbox, and audit
{"level":"info","time":"2026-07-28T09:44:54.433Z","service":"api","msg":"request.completed","method":"POST","url":"/v1/guest/request-drafts/b009456a-2af4-429b-8495-881bd1fcec34/confirm","statusCode":200,"requestId":"0f64cb6d-9acf-4177-9cc1-23147a825dbd"}

stdout | src/request-orders.integration.test.ts > request/order lifecycle operations > transitions requests with optimistic versioning, history, outbox, and audit
{"level":"info","time":"2026-07-28T09:44:54.438Z","service":"api","msg":"request.completed","method":"POST","url":"/v1/staff/requests/39e42860-cd71-4264-a598-376339abdf35/accept","statusCode":200,"requestId":"7eec41b0-3cc4-4982-8312-e22284931889"}

stdout | src/request-orders.integration.test.ts > request/order lifecycle operations > transitions requests with optimistic versioning, history, outbox, and audit
{"level":"info","time":"2026-07-28T09:44:54.440Z","service":"api","msg":"request.completed","method":"POST","url":"/v1/staff/requests/39e42860-cd71-4264-a598-376339abdf35/accept","statusCode":200,"requestId":"ef076620-311d-4482-8242-063e807fb056"}

stdout | src/request-orders.integration.test.ts > request/order lifecycle operations > transitions requests with optimistic versioning, history, outbox, and audit
{"level":"info","time":"2026-07-28T09:44:54.443Z","service":"api","msg":"request.completed","method":"POST","url":"/v1/staff/requests/39e42860-cd71-4264-a598-376339abdf35/complete","statusCode":409,"requestId":"ed2389f8-713b-45a9-b0ea-1c1048b43404"}

stdout | src/request-orders.integration.test.ts > request/order lifecycle operations > transitions requests with optimistic versioning, history, outbox, and audit
{"level":"info","time":"2026-07-28T09:44:54.445Z","service":"api","msg":"request.completed","method":"POST","url":"/v1/staff/requests/39e42860-cd71-4264-a598-376339abdf35/start","statusCode":409,"requestId":"ee36e503-0d64-4462-a967-ccfd3928a497"}

stdout | src/request-orders.integration.test.ts > request/order lifecycle operations > transitions requests with optimistic versioning, history, outbox, and audit
{"level":"info","time":"2026-07-28T09:44:54.449Z","service":"api","msg":"request.completed","method":"POST","url":"/v1/staff/requests/39e42860-cd71-4264-a598-376339abdf35/start","statusCode":200,"requestId":"faf302a2-6842-43fc-8878-7e77abe7a2d0"}

stdout | src/request-orders.integration.test.ts > request/order lifecycle operations > transitions requests with optimistic versioning, history, outbox, and audit
{"level":"info","time":"2026-07-28T09:44:54.453Z","service":"api","msg":"request.completed","method":"POST","url":"/v1/staff/requests/39e42860-cd71-4264-a598-376339abdf35/complete","statusCode":200,"requestId":"8141579b-e308-4a4b-a0aa-374f9705ad8e"}

stdout | src/request-orders.integration.test.ts > request/order lifecycle operations > atomically claims requests with race safety, optimistic concurrency, permissions, and audit
{"level":"info","time":"2026-07-28T09:44:54.671Z","service":"api","msg":"request.completed","method":"POST","url":"/v1/auth/login","statusCode":200,"requestId":"fa609383-5510-4e44-b8e2-432a788b34df"}

stdout | src/request-orders.integration.test.ts > request/order lifecycle operations > atomically claims requests with race safety, optimistic concurrency, permissions, and audit
{"level":"info","time":"2026-07-28T09:44:54.885Z","service":"api","msg":"request.completed","method":"POST","url":"/v1/auth/login","statusCode":200,"requestId":"01c6bd18-cfa7-452e-8b09-d93d127398e1"}

stdout | src/request-orders.integration.test.ts > request/order lifecycle operations > atomically claims requests with race safety, optimistic concurrency, permissions, and audit
{"level":"info","time":"2026-07-28T09:44:55.098Z","service":"api","msg":"request.completed","method":"POST","url":"/v1/auth/login","statusCode":200,"requestId":"4ca0f897-160b-4402-b112-03efe2859fe3"}

stdout | src/request-orders.integration.test.ts > request/order lifecycle operations > atomically claims requests with race safety, optimistic concurrency, permissions, and audit
{"level":"info","time":"2026-07-28T09:44:55.313Z","service":"api","msg":"request.completed","method":"POST","url":"/v1/auth/login","statusCode":200,"requestId":"9e596724-c7e6-4fe2-8a22-d07846a3d812"}

stdout | src/request-orders.integration.test.ts > request/order lifecycle operations > atomically claims requests with race safety, optimistic concurrency, permissions, and audit
{"level":"info","time":"2026-07-28T09:44:55.315Z","service":"api","msg":"request.completed","method":"GET","url":"/v1/properties?organizationId=d215a186-f84d-4c7c-b75a-3189969999c2","statusCode":200,"requestId":"74bc3213-5b9d-4512-b9e6-a90820baade8"}

stdout | src/request-orders.integration.test.ts > request/order lifecycle operations > atomically claims requests with race safety, optimistic concurrency, permissions, and audit
{"level":"info","time":"2026-07-28T09:44:55.318Z","service":"api","msg":"request.completed","method":"GET","url":"/v1/properties/3ab87d2a-0c78-4fac-aa15-515a733cc3ae/locations","statusCode":200,"requestId":"27c52bcf-d279-49ac-b3ea-de76b7690f6a"}

stdout | src/request-orders.integration.test.ts > request/order lifecycle operations > atomically claims requests with race safety, optimistic concurrency, permissions, and audit
{"level":"info","time":"2026-07-28T09:44:55.321Z","service":"api","msg":"request.completed","method":"POST","url":"/v1/properties/3ab87d2a-0c78-4fac-aa15-515a733cc3ae/qr-codes","statusCode":200,"requestId":"92c5bb61-52a7-446c-9a33-3493f6a6579f"}

stdout | src/request-orders.integration.test.ts > request/order lifecycle operations > atomically claims requests with race safety, optimistic concurrency, permissions, and audit
{"level":"info","time":"2026-07-28T09:44:55.322Z","service":"api","msg":"request.completed","method":"POST","url":"/v1/guest/sessions","statusCode":200,"requestId":"a7815492-5570-4800-ab03-ac9c219e80d2"}

stdout | src/request-orders.integration.test.ts > request/order lifecycle operations > atomically claims requests with race safety, optimistic concurrency, permissions, and audit
{"level":"info","time":"2026-07-28T09:44:55.324Z","service":"api","msg":"request.completed","method":"POST","url":"/v1/guest/conversations","statusCode":200,"requestId":"f47dd718-fc68-4346-8ae2-a2475ef8a758"}

stdout | src/request-orders.integration.test.ts > request/order lifecycle operations > atomically claims requests with race safety, optimistic concurrency, permissions, and audit
{"level":"info","time":"2026-07-28T09:44:55.326Z","service":"api","msg":"request.completed","method":"POST","url":"/v1/guest/request-drafts","statusCode":200,"requestId":"6c7c8522-f419-44e1-b722-35d661b4ba02"}

stdout | src/request-orders.integration.test.ts > request/order lifecycle operations > atomically claims requests with race safety, optimistic concurrency, permissions, and audit
{"level":"info","time":"2026-07-28T09:44:55.331Z","service":"api","msg":"request.completed","method":"POST","url":"/v1/guest/request-drafts/a6b5c998-bee7-4bef-8f44-c34cd73e4cc1/confirm","statusCode":200,"requestId":"87478cce-4e02-4ba4-83f1-69241e75508e"}

stdout | src/request-orders.integration.test.ts > request/order lifecycle operations > atomically claims requests with race safety, optimistic concurrency, permissions, and audit
{"level":"info","time":"2026-07-28T09:44:55.334Z","service":"api","msg":"request.completed","method":"POST","url":"/v1/staff/requests/a7d9ef38-0a0b-40d2-9973-8e394c20ad88/claim","statusCode":409,"requestId":"5b995a51-d824-4220-af07-0213e8e617ab"}

stdout | src/request-orders.integration.test.ts > request/order lifecycle operations > atomically claims requests with race safety, optimistic concurrency, permissions, and audit
{"level":"info","time":"2026-07-28T09:44:55.337Z","service":"api","msg":"request.completed","method":"POST","url":"/v1/staff/requests/a7d9ef38-0a0b-40d2-9973-8e394c20ad88/claim","statusCode":403,"requestId":"1b5e4cb1-993b-403c-acda-db6e22e4af7b"}

stdout | src/request-orders.integration.test.ts > request/order lifecycle operations > atomically claims requests with race safety, optimistic concurrency, permissions, and audit
{"level":"info","time":"2026-07-28T09:44:55.340Z","service":"api","msg":"request.completed","method":"POST","url":"/v1/staff/requests/a7d9ef38-0a0b-40d2-9973-8e394c20ad88/claim","statusCode":200,"requestId":"7ad98a2f-578f-440f-947e-b5326d5fb0cf"}

stdout | src/request-orders.integration.test.ts > request/order lifecycle operations > atomically claims requests with race safety, optimistic concurrency, permissions, and audit
{"level":"info","time":"2026-07-28T09:44:55.348Z","service":"api","msg":"request.completed","method":"POST","url":"/v1/staff/requests/a7d9ef38-0a0b-40d2-9973-8e394c20ad88/claim","statusCode":409,"requestId":"f2269235-d360-46e2-903a-899b6903e85e"}

stdout | src/request-orders.integration.test.ts > request/order lifecycle operations > atomically claims requests with race safety, optimistic concurrency, permissions, and audit
{"level":"info","time":"2026-07-28T09:44:55.351Z","service":"api","msg":"request.completed","method":"POST","url":"/v1/staff/requests/a7d9ef38-0a0b-40d2-9973-8e394c20ad88/claim","statusCode":200,"requestId":"87c0bcd0-e332-46c4-967c-cad179841649"}

stdout | src/request-orders.integration.test.ts > request/order lifecycle operations > atomically claims requests with race safety, optimistic concurrency, permissions, and audit
{"level":"info","time":"2026-07-28T09:44:55.354Z","service":"api","msg":"request.completed","method":"POST","url":"/v1/staff/requests/a7d9ef38-0a0b-40d2-9973-8e394c20ad88/accept","statusCode":409,"requestId":"5386a1f3-d422-445c-a270-9f9377bc3e69"}

stdout | src/request-orders.integration.test.ts > request/order lifecycle operations > keeps order item and price snapshots immutable after confirmation
{"level":"info","time":"2026-07-28T09:44:55.626Z","service":"api","msg":"request.completed","method":"POST","url":"/v1/auth/login","statusCode":200,"requestId":"a8a88a92-d39e-4e10-99a1-704aaaa3a6c1"}

stdout | src/request-orders.integration.test.ts > request/order lifecycle operations > keeps order item and price snapshots immutable after confirmation
{"level":"info","time":"2026-07-28T09:44:55.838Z","service":"api","msg":"request.completed","method":"POST","url":"/v1/auth/login","statusCode":200,"requestId":"b2d3c27e-07bc-44b4-9add-b59e0d65ac9d"}

stdout | src/request-orders.integration.test.ts > request/order lifecycle operations > keeps order item and price snapshots immutable after confirmation
{"level":"info","time":"2026-07-28T09:44:55.840Z","service":"api","msg":"request.completed","method":"GET","url":"/v1/properties?organizationId=d215a186-f84d-4c7c-b75a-3189969999c2","statusCode":200,"requestId":"5bdab1a1-a658-49d7-92fb-e9346f7f32d2"}

stdout | src/request-orders.integration.test.ts > request/order lifecycle operations > keeps order item and price snapshots immutable after confirmation
{"level":"info","time":"2026-07-28T09:44:55.847Z","service":"api","msg":"request.completed","method":"GET","url":"/v1/properties/3ab87d2a-0c78-4fac-aa15-515a733cc3ae/locations","statusCode":200,"requestId":"8b516e32-4c13-46df-9f27-ee1c9457fabe"}

stdout | src/request-orders.integration.test.ts > request/order lifecycle operations > keeps order item and price snapshots immutable after confirmation
{"level":"info","time":"2026-07-28T09:44:55.853Z","service":"api","msg":"request.completed","method":"POST","url":"/v1/properties/3ab87d2a-0c78-4fac-aa15-515a733cc3ae/qr-codes","statusCode":200,"requestId":"94661164-01e9-40a8-bab1-f15de545af30"}

stdout | src/request-orders.integration.test.ts > request/order lifecycle operations > keeps order item and price snapshots immutable after confirmation
{"level":"info","time":"2026-07-28T09:44:55.856Z","service":"api","msg":"request.completed","method":"POST","url":"/v1/guest/sessions","statusCode":200,"requestId":"2bdfdaa3-a748-4cf5-9b98-2b68b00e22e2"}

stdout | src/request-orders.integration.test.ts > request/order lifecycle operations > keeps order item and price snapshots immutable after confirmation
{"level":"info","time":"2026-07-28T09:44:55.858Z","service":"api","msg":"request.completed","method":"POST","url":"/v1/guest/conversations","statusCode":200,"requestId":"16e636b8-efc0-4157-8997-a5e55c4907cf"}

stdout | src/request-orders.integration.test.ts > request/order lifecycle operations > keeps order item and price snapshots immutable after confirmation
{"level":"info","time":"2026-07-28T09:44:55.863Z","service":"api","msg":"request.completed","method":"POST","url":"/v1/guest/order-drafts","statusCode":200,"requestId":"8d01d95b-526d-4557-b3d9-2530a57d62a7"}

stdout | src/request-orders.integration.test.ts > request/order lifecycle operations > keeps order item and price snapshots immutable after confirmation
{"level":"info","time":"2026-07-28T09:44:55.872Z","service":"api","msg":"request.completed","method":"POST","url":"/v1/guest/order-drafts/a92f2bd5-eb26-4807-b4e0-28f991fb223d/confirm","statusCode":200,"requestId":"d1126a45-e567-44a7-b0e6-cd9a1f81989c"}

stdout | src/request-orders.integration.test.ts > request/order lifecycle operations > keeps order item and price snapshots immutable after confirmation
{"level":"info","time":"2026-07-28T09:44:55.880Z","service":"api","msg":"request.completed","method":"POST","url":"/v1/staff/orders/e582e57a-457f-4caa-be89-b1089a11fd3c/confirm","statusCode":200,"requestId":"1b4c903a-4daf-4536-b3c8-96c5911d51ce"}

stdout | src/request-orders.integration.test.ts > request/order lifecycle operations > keeps order item and price snapshots immutable after confirmation
{"level":"info","time":"2026-07-28T09:44:55.882Z","service":"api","msg":"request.completed","method":"POST","url":"/v1/staff/orders/e582e57a-457f-4caa-be89-b1089a11fd3c/ready","statusCode":409,"requestId":"9fb4612c-bd18-4afc-91a1-d2b0e3f6bcce"}

stdout | src/request-orders.integration.test.ts > request/order lifecycle operations > claims orders once and denies cross-property staff
{"level":"info","time":"2026-07-28T09:44:56.478Z","service":"api","msg":"request.completed","method":"POST","url":"/v1/auth/login","statusCode":200,"requestId":"a3895f0f-4e75-4670-b185-06610f2d22cf"}

stdout | src/request-orders.integration.test.ts > request/order lifecycle operations > claims orders once and denies cross-property staff
{"level":"info","time":"2026-07-28T09:44:56.727Z","service":"api","msg":"request.completed","method":"POST","url":"/v1/auth/login","statusCode":200,"requestId":"b78642ec-c8d4-4d8c-b993-64111dd74bb3"}

stdout | src/request-orders.integration.test.ts > request/order lifecycle operations > claims orders once and denies cross-property staff
{"level":"info","time":"2026-07-28T09:44:56.973Z","service":"api","msg":"request.completed","method":"POST","url":"/v1/auth/login","statusCode":200,"requestId":"f98cf561-3419-4803-af21-e06fa1de70bf"}

stdout | src/request-orders.integration.test.ts > request/order lifecycle operations > claims orders once and denies cross-property staff
{"level":"info","time":"2026-07-28T09:44:56.976Z","service":"api","msg":"request.completed","method":"GET","url":"/v1/properties?organizationId=d215a186-f84d-4c7c-b75a-3189969999c2","statusCode":200,"requestId":"43061d62-b8c5-4b9e-9af3-c8dbee6a26ff"}

stdout | src/request-orders.integration.test.ts > request/order lifecycle operations > claims orders once and denies cross-property staff
{"level":"info","time":"2026-07-28T09:44:56.979Z","service":"api","msg":"request.completed","method":"GET","url":"/v1/properties/3ab87d2a-0c78-4fac-aa15-515a733cc3ae/locations","statusCode":200,"requestId":"3ddcabc3-9025-4689-9ea0-4ce4c852880f"}

stdout | src/request-orders.integration.test.ts > request/order lifecycle operations > claims orders once and denies cross-property staff
{"level":"info","time":"2026-07-28T09:44:56.982Z","service":"api","msg":"request.completed","method":"POST","url":"/v1/properties/3ab87d2a-0c78-4fac-aa15-515a733cc3ae/qr-codes","statusCode":200,"requestId":"018d71bd-10f6-4dca-a83b-ca111389ef1d"}

stdout | src/request-orders.integration.test.ts > request/order lifecycle operations > claims orders once and denies cross-property staff
{"level":"info","time":"2026-07-28T09:44:56.985Z","service":"api","msg":"request.completed","method":"POST","url":"/v1/guest/sessions","statusCode":200,"requestId":"ea06103b-a7da-4132-b5f7-55eadcea8ab3"}

stdout | src/request-orders.integration.test.ts > request/order lifecycle operations > claims orders once and denies cross-property staff
{"level":"info","time":"2026-07-28T09:44:56.988Z","service":"api","msg":"request.completed","method":"POST","url":"/v1/guest/conversations","statusCode":200,"requestId":"e168bff9-9641-48aa-bf96-6c5ec74eb8d9"}

stdout | src/request-orders.integration.test.ts > request/order lifecycle operations > claims orders once and denies cross-property staff
{"level":"info","time":"2026-07-28T09:44:56.990Z","service":"api","msg":"request.completed","method":"POST","url":"/v1/guest/order-drafts","statusCode":200,"requestId":"8ab630ef-c5b0-406e-b2ff-faeea2bf1579"}

stdout | src/request-orders.integration.test.ts > request/order lifecycle operations > claims orders once and denies cross-property staff
{"level":"info","time":"2026-07-28T09:44:56.996Z","service":"api","msg":"request.completed","method":"POST","url":"/v1/guest/order-drafts/8fc658fd-e634-4e04-9eed-5bf5db3e049a/confirm","statusCode":200,"requestId":"bcefdb07-17f6-492a-aa85-50685f63b706"}

stdout | src/request-orders.integration.test.ts > request/order lifecycle operations > claims orders once and denies cross-property staff
{"level":"info","time":"2026-07-28T09:44:57.000Z","service":"api","msg":"request.completed","method":"POST","url":"/v1/staff/orders/4b3cf207-2e6d-4b72-af83-0bd2f74725a2/claim","statusCode":200,"requestId":"93abbb00-b6cf-473f-ba26-774b9f1df4d3"}

stdout | src/request-orders.integration.test.ts > request/order lifecycle operations > claims orders once and denies cross-property staff
{"level":"info","time":"2026-07-28T09:44:57.002Z","service":"api","msg":"request.completed","method":"POST","url":"/v1/staff/orders/4b3cf207-2e6d-4b72-af83-0bd2f74725a2/claim","statusCode":200,"requestId":"4b4a70e8-99ef-4172-8030-f7457f223466"}

stdout | src/request-orders.integration.test.ts > request/order lifecycle operations > claims orders once and denies cross-property staff
{"level":"info","time":"2026-07-28T09:44:57.003Z","service":"api","msg":"request.completed","method":"POST","url":"/v1/staff/orders/4b3cf207-2e6d-4b72-af83-0bd2f74725a2/claim","statusCode":403,"requestId":"5e9fafcc-82cc-4f13-b8da-678281d653f5"}

stdout | src/request-orders.integration.test.ts > request/order lifecycle operations > denies staff transitions outside assigned tenant property
{"level":"info","time":"2026-07-28T09:44:57.226Z","service":"api","msg":"request.completed","method":"POST","url":"/v1/auth/login","statusCode":200,"requestId":"d78d643b-b1da-49fc-99e0-9072a497bdc4"}

stdout | src/request-orders.integration.test.ts > request/order lifecycle operations > denies staff transitions outside assigned tenant property
{"level":"info","time":"2026-07-28T09:44:57.439Z","service":"api","msg":"request.completed","method":"POST","url":"/v1/auth/login","statusCode":200,"requestId":"3fda7fa1-2f68-43a9-b1bc-06e1301e2f39"}

stdout | src/request-orders.integration.test.ts > request/order lifecycle operations > denies staff transitions outside assigned tenant property
{"level":"info","time":"2026-07-28T09:44:57.441Z","service":"api","msg":"request.completed","method":"GET","url":"/v1/properties?organizationId=d215a186-f84d-4c7c-b75a-3189969999c2","statusCode":200,"requestId":"ff141635-db14-4502-81ba-cc9c7205c16e"}

stdout | src/request-orders.integration.test.ts > request/order lifecycle operations > denies staff transitions outside assigned tenant property
{"level":"info","time":"2026-07-28T09:44:57.444Z","service":"api","msg":"request.completed","method":"GET","url":"/v1/properties/3ab87d2a-0c78-4fac-aa15-515a733cc3ae/locations","statusCode":200,"requestId":"673e356e-232e-4ddf-8e2a-449a2c1e105e"}

stdout | src/request-orders.integration.test.ts > request/order lifecycle operations > denies staff transitions outside assigned tenant property
{"level":"info","time":"2026-07-28T09:44:57.448Z","service":"api","msg":"request.completed","method":"POST","url":"/v1/properties/3ab87d2a-0c78-4fac-aa15-515a733cc3ae/qr-codes","statusCode":200,"requestId":"9f8d4bc9-0975-4c13-8cd3-3845523de44f"}

stdout | src/request-orders.integration.test.ts > request/order lifecycle operations > denies staff transitions outside assigned tenant property
{"level":"info","time":"2026-07-28T09:44:57.450Z","service":"api","msg":"request.completed","method":"POST","url":"/v1/guest/sessions","statusCode":200,"requestId":"e7c17c17-9be9-4c2f-8e37-2b2ea057f437"}

stdout | src/request-orders.integration.test.ts > request/order lifecycle operations > denies staff transitions outside assigned tenant property
{"level":"info","time":"2026-07-28T09:44:57.452Z","service":"api","msg":"request.completed","method":"POST","url":"/v1/guest/conversations","statusCode":200,"requestId":"a23b576e-9066-4c51-aab4-be35b46cc74a"}

stdout | src/request-orders.integration.test.ts > request/order lifecycle operations > denies staff transitions outside assigned tenant property
{"level":"info","time":"2026-07-28T09:44:57.455Z","service":"api","msg":"request.completed","method":"POST","url":"/v1/guest/request-drafts","statusCode":200,"requestId":"736696bf-1cc1-4842-8773-002824cdf819"}

stdout | src/request-orders.integration.test.ts > request/order lifecycle operations > denies staff transitions outside assigned tenant property
{"level":"info","time":"2026-07-28T09:44:57.460Z","service":"api","msg":"request.completed","method":"POST","url":"/v1/guest/request-drafts/410e06bd-39b3-4e4e-89cb-5b02c8702b95/confirm","statusCode":200,"requestId":"e6076d51-9c74-4422-85fc-eb58f857f5ff"}

stdout | src/request-orders.integration.test.ts > request/order lifecycle operations > denies staff transitions outside assigned tenant property
{"level":"info","time":"2026-07-28T09:44:57.462Z","service":"api","msg":"request.completed","method":"POST","url":"/v1/staff/requests/f10cb6c7-d741-4b48-abeb-9855daef1367/accept","statusCode":403,"requestId":"ada9b962-c939-4bf9-b064-ef232e266f53"}

stdout | src/request-orders.integration.test.ts > request/order lifecycle operations > lets guests list, inspect, and idempotently cancel their own submitted work
{"level":"info","time":"2026-07-28T09:44:57.692Z","service":"api","msg":"request.completed","method":"POST","url":"/v1/auth/login","statusCode":200,"requestId":"81d21064-0881-4d53-8e8b-ec501b79505d"}

stdout | src/request-orders.integration.test.ts > request/order lifecycle operations > lets guests list, inspect, and idempotently cancel their own submitted work
{"level":"info","time":"2026-07-28T09:44:57.694Z","service":"api","msg":"request.completed","method":"GET","url":"/v1/properties?organizationId=d215a186-f84d-4c7c-b75a-3189969999c2","statusCode":200,"requestId":"8508a434-30ae-4ce4-885c-f0c12320f481"}

stdout | src/request-orders.integration.test.ts > request/order lifecycle operations > lets guests list, inspect, and idempotently cancel their own submitted work
{"level":"info","time":"2026-07-28T09:44:57.696Z","service":"api","msg":"request.completed","method":"GET","url":"/v1/properties/3ab87d2a-0c78-4fac-aa15-515a733cc3ae/locations","statusCode":200,"requestId":"d0895d3b-2533-4a4e-b8ad-de167683f6ad"}

stdout | src/request-orders.integration.test.ts > request/order lifecycle operations > lets guests list, inspect, and idempotently cancel their own submitted work
{"level":"info","time":"2026-07-28T09:44:57.700Z","service":"api","msg":"request.completed","method":"POST","url":"/v1/properties/3ab87d2a-0c78-4fac-aa15-515a733cc3ae/qr-codes","statusCode":200,"requestId":"2be5da15-52a1-4a1e-85c6-b238ac398a5a"}

stdout | src/request-orders.integration.test.ts > request/order lifecycle operations > lets guests list, inspect, and idempotently cancel their own submitted work
{"level":"info","time":"2026-07-28T09:44:57.702Z","service":"api","msg":"request.completed","method":"POST","url":"/v1/guest/sessions","statusCode":200,"requestId":"4e5da6ac-3d1e-45df-a273-29c91a1e2063"}

stdout | src/request-orders.integration.test.ts > request/order lifecycle operations > lets guests list, inspect, and idempotently cancel their own submitted work
{"level":"info","time":"2026-07-28T09:44:57.704Z","service":"api","msg":"request.completed","method":"POST","url":"/v1/guest/conversations","statusCode":200,"requestId":"aa8c8fd9-941e-424d-9f46-071900f10786"}

stdout | src/request-orders.integration.test.ts > request/order lifecycle operations > lets guests list, inspect, and idempotently cancel their own submitted work
{"level":"info","time":"2026-07-28T09:44:57.707Z","service":"api","msg":"request.completed","method":"POST","url":"/v1/guest/request-drafts","statusCode":200,"requestId":"bd97aa2e-f916-46cd-8f6e-e49c45323ddb"}

stdout | src/request-orders.integration.test.ts > request/order lifecycle operations > lets guests list, inspect, and idempotently cancel their own submitted work
{"level":"info","time":"2026-07-28T09:44:57.714Z","service":"api","msg":"request.completed","method":"POST","url":"/v1/guest/request-drafts/a948525d-7242-461b-8013-68514a942328/confirm","statusCode":200,"requestId":"efe5b9d8-b006-487c-8683-e7fe7f965813"}

stdout | src/request-orders.integration.test.ts > request/order lifecycle operations > lets guests list, inspect, and idempotently cancel their own submitted work
{"level":"info","time":"2026-07-28T09:44:57.716Z","service":"api","msg":"request.completed","method":"POST","url":"/v1/guest/conversations","statusCode":200,"requestId":"1a98e1d3-624e-45f5-994e-cbf8bf7f68ae"}

stdout | src/request-orders.integration.test.ts > request/order lifecycle operations > lets guests list, inspect, and idempotently cancel their own submitted work
{"level":"info","time":"2026-07-28T09:44:57.719Z","service":"api","msg":"request.completed","method":"POST","url":"/v1/guest/order-drafts","statusCode":200,"requestId":"1c543ce2-8961-42cc-abb2-b7aa53cb818f"}

stdout | src/request-orders.integration.test.ts > request/order lifecycle operations > lets guests list, inspect, and idempotently cancel their own submitted work
{"level":"info","time":"2026-07-28T09:44:57.723Z","service":"api","msg":"request.completed","method":"POST","url":"/v1/guest/order-drafts/af401c47-9672-4796-8ed7-078d6e375f73/confirm","statusCode":200,"requestId":"82393ddb-5ad6-4cd9-aea6-0adfe5698b5d"}

stdout | src/request-orders.integration.test.ts > request/order lifecycle operations > lets guests list, inspect, and idempotently cancel their own submitted work
{"level":"info","time":"2026-07-28T09:44:57.726Z","service":"api","msg":"request.completed","method":"GET","url":"/v1/guest/requests","statusCode":200,"requestId":"a0377730-2ce3-49d6-abf7-ef319e7a3fdd"}

stdout | src/request-orders.integration.test.ts > request/order lifecycle operations > lets guests list, inspect, and idempotently cancel their own submitted work
{"level":"info","time":"2026-07-28T09:44:57.728Z","service":"api","msg":"request.completed","method":"GET","url":"/v1/guest/orders","statusCode":200,"requestId":"6652fe98-3b99-4915-973f-e0a2d8115ab9"}

stdout | src/request-orders.integration.test.ts > request/order lifecycle operations > lets guests list, inspect, and idempotently cancel their own submitted work
{"level":"info","time":"2026-07-28T09:44:57.731Z","service":"api","msg":"request.completed","method":"POST","url":"/v1/guest/sessions","statusCode":200,"requestId":"f7c9c499-50c6-4626-9c51-8447db92ce0d"}

stdout | src/request-orders.integration.test.ts > request/order lifecycle operations > lets guests list, inspect, and idempotently cancel their own submitted work
{"level":"info","time":"2026-07-28T09:44:57.733Z","service":"api","msg":"request.completed","method":"GET","url":"/v1/guest/requests","statusCode":200,"requestId":"44779cd0-bb5d-462b-b01c-fe7274168077"}

stdout | src/request-orders.integration.test.ts > request/order lifecycle operations > lets guests list, inspect, and idempotently cancel their own submitted work
{"level":"info","time":"2026-07-28T09:44:57.735Z","service":"api","msg":"request.completed","method":"GET","url":"/v1/guest/requests/6bca2c35-9743-441c-9253-eeaa02679c81","statusCode":200,"requestId":"2b83ed84-a858-4937-ada3-3ade15deb4e3"}

stdout | src/request-orders.integration.test.ts > request/order lifecycle operations > lets guests list, inspect, and idempotently cancel their own submitted work
{"level":"info","time":"2026-07-28T09:44:57.960Z","service":"api","msg":"request.completed","method":"POST","url":"/v1/auth/login","statusCode":200,"requestId":"20177679-297a-4129-a227-0c6eba282aeb"}

stdout | src/request-orders.integration.test.ts > request/order lifecycle operations > lets guests list, inspect, and idempotently cancel their own submitted work
{"level":"info","time":"2026-07-28T09:44:57.962Z","service":"api","msg":"request.completed","method":"GET","url":"/v1/properties?organizationId=d215a186-f84d-4c7c-b75a-3189969999c2","statusCode":200,"requestId":"2507b1db-c5ec-422f-8fc7-4040628540fb"}

stdout | src/request-orders.integration.test.ts > request/order lifecycle operations > lets guests list, inspect, and idempotently cancel their own submitted work
{"level":"info","time":"2026-07-28T09:44:57.965Z","service":"api","msg":"request.completed","method":"GET","url":"/v1/properties/3ab87d2a-0c78-4fac-aa15-515a733cc3ae/locations","statusCode":200,"requestId":"702f2677-e971-497d-9bb8-031203ca7964"}

stdout | src/request-orders.integration.test.ts > request/order lifecycle operations > lets guests list, inspect, and idempotently cancel their own submitted work
{"level":"info","time":"2026-07-28T09:44:57.969Z","service":"api","msg":"request.completed","method":"POST","url":"/v1/properties/3ab87d2a-0c78-4fac-aa15-515a733cc3ae/qr-codes","statusCode":200,"requestId":"17cf9c8d-f829-4637-a935-cef50f0ccfaf"}

stdout | src/request-orders.integration.test.ts > request/order lifecycle operations > lets guests list, inspect, and idempotently cancel their own submitted work
{"level":"info","time":"2026-07-28T09:44:57.971Z","service":"api","msg":"request.completed","method":"POST","url":"/v1/guest/sessions","statusCode":200,"requestId":"425311e2-a4ff-4570-971b-322d84f0d981"}

stdout | src/request-orders.integration.test.ts > request/order lifecycle operations > lets guests list, inspect, and idempotently cancel their own submitted work
{"level":"info","time":"2026-07-28T09:44:57.972Z","service":"api","msg":"request.completed","method":"GET","url":"/v1/guest/orders/2241c37b-0d59-47f0-92bb-ae6135e4a54b","statusCode":404,"requestId":"49f3be73-7fd5-4f66-9039-2e3ba131160a"}

stdout | src/request-orders.integration.test.ts > request/order lifecycle operations > lets guests list, inspect, and idempotently cancel their own submitted work
{"level":"info","time":"2026-07-28T09:44:57.976Z","service":"api","msg":"request.completed","method":"POST","url":"/v1/guest/requests/6bca2c35-9743-441c-9253-eeaa02679c81/cancel","statusCode":200,"requestId":"aa2915b3-3daa-4aa3-ae10-d3d9e22ded14"}

stdout | src/request-orders.integration.test.ts > request/order lifecycle operations > lets guests list, inspect, and idempotently cancel their own submitted work
{"level":"info","time":"2026-07-28T09:44:57.978Z","service":"api","msg":"request.completed","method":"POST","url":"/v1/guest/requests/6bca2c35-9743-441c-9253-eeaa02679c81/cancel","statusCode":200,"requestId":"18c878aa-23a5-4a92-9557-465bd4b029c4"}

stdout | src/request-orders.integration.test.ts > request/order lifecycle operations > lets guests cancel submitted orders without creating duplicate transitions
{"level":"info","time":"2026-07-28T09:44:58.211Z","service":"api","msg":"request.completed","method":"POST","url":"/v1/auth/login","statusCode":200,"requestId":"2e12684f-76e9-4541-8f36-f63148d11aac"}

stdout | src/request-orders.integration.test.ts > request/order lifecycle operations > lets guests cancel submitted orders without creating duplicate transitions
{"level":"info","time":"2026-07-28T09:44:58.213Z","service":"api","msg":"request.completed","method":"GET","url":"/v1/properties?organizationId=d215a186-f84d-4c7c-b75a-3189969999c2","statusCode":200,"requestId":"13ad9697-28b1-41ed-82a5-a34a42b7e93a"}

stdout | src/request-orders.integration.test.ts > request/order lifecycle operations > lets guests cancel submitted orders without creating duplicate transitions
{"level":"info","time":"2026-07-28T09:44:58.214Z","service":"api","msg":"request.completed","method":"GET","url":"/v1/properties/3ab87d2a-0c78-4fac-aa15-515a733cc3ae/locations","statusCode":200,"requestId":"a67c7e73-580a-45ce-8d52-027e33f84e5c"}

stdout | src/request-orders.integration.test.ts > request/order lifecycle operations > lets guests cancel submitted orders without creating duplicate transitions
{"level":"info","time":"2026-07-28T09:44:58.217Z","service":"api","msg":"request.completed","method":"POST","url":"/v1/properties/3ab87d2a-0c78-4fac-aa15-515a733cc3ae/qr-codes","statusCode":200,"requestId":"e0f8b5ca-e4cb-4e70-a635-eb530cfc5eaa"}

stdout | src/request-orders.integration.test.ts > request/order lifecycle operations > lets guests cancel submitted orders without creating duplicate transitions
{"level":"info","time":"2026-07-28T09:44:58.220Z","service":"api","msg":"request.completed","method":"POST","url":"/v1/guest/sessions","statusCode":200,"requestId":"463e9a2f-16bc-4f35-80cc-9ab6564f67a9"}

stdout | src/request-orders.integration.test.ts > request/order lifecycle operations > lets guests cancel submitted orders without creating duplicate transitions
{"level":"info","time":"2026-07-28T09:44:58.221Z","service":"api","msg":"request.completed","method":"POST","url":"/v1/guest/conversations","statusCode":200,"requestId":"c6909e62-a14b-44fb-994c-cdd74a305a2b"}

stdout | src/request-orders.integration.test.ts > request/order lifecycle operations > lets guests cancel submitted orders without creating duplicate transitions
{"level":"info","time":"2026-07-28T09:44:58.223Z","service":"api","msg":"request.completed","method":"POST","url":"/v1/guest/order-drafts","statusCode":200,"requestId":"b023dc83-ddaa-490a-8fa1-ccca724b1517"}

stdout | src/request-orders.integration.test.ts > request/order lifecycle operations > lets guests cancel submitted orders without creating duplicate transitions
{"level":"info","time":"2026-07-28T09:44:58.230Z","service":"api","msg":"request.completed","method":"POST","url":"/v1/guest/order-drafts/daa4be62-51ef-4639-a852-b81661cc9d71/confirm","statusCode":200,"requestId":"77df8090-2153-4fd2-9d07-d7921714a00f"}

stdout | src/request-orders.integration.test.ts > request/order lifecycle operations > lets guests cancel submitted orders without creating duplicate transitions
{"level":"info","time":"2026-07-28T09:44:58.233Z","service":"api","msg":"request.completed","method":"POST","url":"/v1/guest/orders/f775a27f-0fdb-4d0b-8258-ede42e7e1e51/cancel","statusCode":200,"requestId":"8ccd53dc-a8c7-4c94-9559-0d93dde170bf"}

stdout | src/request-orders.integration.test.ts > request/order lifecycle operations > lets guests cancel submitted orders without creating duplicate transitions
{"level":"info","time":"2026-07-28T09:44:58.235Z","service":"api","msg":"request.completed","method":"POST","url":"/v1/guest/orders/f775a27f-0fdb-4d0b-8258-ede42e7e1e51/cancel","statusCode":200,"requestId":"73a1bef9-4325-4039-853a-35146f33a2b1"}

stdout | src/request-orders.integration.test.ts > request/order lifecycle operations > lists staff inbox items with details only for assigned properties
{"level":"info","time":"2026-07-28T09:44:58.456Z","service":"api","msg":"request.completed","method":"POST","url":"/v1/auth/login","statusCode":200,"requestId":"07eb5a2c-13ea-49eb-8903-0dcf390bf82a"}

stdout | src/request-orders.integration.test.ts > request/order lifecycle operations > lists staff inbox items with details only for assigned properties
{"level":"info","time":"2026-07-28T09:44:58.672Z","service":"api","msg":"request.completed","method":"POST","url":"/v1/auth/login","statusCode":200,"requestId":"a7d0175a-9c4a-48f7-ac14-983db60aa2fb"}

stdout | src/request-orders.integration.test.ts > request/order lifecycle operations > lists staff inbox items with details only for assigned properties
{"level":"info","time":"2026-07-28T09:44:58.889Z","service":"api","msg":"request.completed","method":"POST","url":"/v1/auth/login","statusCode":200,"requestId":"281d3d00-44f6-4831-bbca-181d7d76a3b1"}

stdout | src/request-orders.integration.test.ts > request/order lifecycle operations > lists staff inbox items with details only for assigned properties
{"level":"info","time":"2026-07-28T09:44:58.891Z","service":"api","msg":"request.completed","method":"GET","url":"/v1/properties?organizationId=d215a186-f84d-4c7c-b75a-3189969999c2","statusCode":200,"requestId":"1b556f6c-77e2-462e-90d6-8f09c7e83760"}

stdout | src/request-orders.integration.test.ts > request/order lifecycle operations > lists staff inbox items with details only for assigned properties
{"level":"info","time":"2026-07-28T09:44:58.893Z","service":"api","msg":"request.completed","method":"GET","url":"/v1/properties/3ab87d2a-0c78-4fac-aa15-515a733cc3ae/locations","statusCode":200,"requestId":"3de62c9a-0cc8-49df-a724-462bab84586d"}

stdout | src/request-orders.integration.test.ts > request/order lifecycle operations > lists staff inbox items with details only for assigned properties
{"level":"info","time":"2026-07-28T09:44:58.897Z","service":"api","msg":"request.completed","method":"POST","url":"/v1/properties/3ab87d2a-0c78-4fac-aa15-515a733cc3ae/qr-codes","statusCode":200,"requestId":"62a760c1-9160-43f2-be00-5529040dc5ca"}

stdout | src/request-orders.integration.test.ts > request/order lifecycle operations > lists staff inbox items with details only for assigned properties
{"level":"info","time":"2026-07-28T09:44:58.899Z","service":"api","msg":"request.completed","method":"POST","url":"/v1/guest/sessions","statusCode":200,"requestId":"8b54fb7c-3c56-455d-b341-43e846c2c69c"}

stdout | src/request-orders.integration.test.ts > request/order lifecycle operations > lists staff inbox items with details only for assigned properties
{"level":"info","time":"2026-07-28T09:44:58.902Z","service":"api","msg":"request.completed","method":"POST","url":"/v1/guest/conversations","statusCode":200,"requestId":"cb1f8db6-e696-49a0-898c-71208a09cf3d"}

stdout | src/request-orders.integration.test.ts > request/order lifecycle operations > lists staff inbox items with details only for assigned properties
{"level":"info","time":"2026-07-28T09:44:58.906Z","service":"api","msg":"request.completed","method":"POST","url":"/v1/guest/request-drafts","statusCode":200,"requestId":"f46d0c9b-dabc-4ec6-b909-bce1392eb203"}

stdout | src/request-orders.integration.test.ts > request/order lifecycle operations > lists staff inbox items with details only for assigned properties
{"level":"info","time":"2026-07-28T09:44:58.913Z","service":"api","msg":"request.completed","method":"POST","url":"/v1/guest/request-drafts/34116294-08cb-4745-8eaf-2736b5455eed/confirm","statusCode":200,"requestId":"20eea915-a561-45bf-9567-ecf6e4bb5ae9"}

stdout | src/request-orders.integration.test.ts > request/order lifecycle operations > lists staff inbox items with details only for assigned properties
{"level":"info","time":"2026-07-28T09:44:58.915Z","service":"api","msg":"request.completed","method":"POST","url":"/v1/guest/conversations","statusCode":200,"requestId":"d0a66442-40b6-4657-a331-fc164b10324c"}

stdout | src/request-orders.integration.test.ts > request/order lifecycle operations > lists staff inbox items with details only for assigned properties
{"level":"info","time":"2026-07-28T09:44:58.917Z","service":"api","msg":"request.completed","method":"POST","url":"/v1/guest/order-drafts","statusCode":200,"requestId":"89b4f473-b5f1-45fd-8f7b-fc4cf08bdae9"}

stdout | src/request-orders.integration.test.ts > request/order lifecycle operations > lists staff inbox items with details only for assigned properties
{"level":"info","time":"2026-07-28T09:44:58.922Z","service":"api","msg":"request.completed","method":"POST","url":"/v1/guest/order-drafts/381682a0-dfc4-4b15-8ed0-0c7af0d46810/confirm","statusCode":200,"requestId":"9cdca474-9ca4-4ca4-955f-4edcf4ce9896"}

stdout | src/request-orders.integration.test.ts > request/order lifecycle operations > lists staff inbox items with details only for assigned properties
{"level":"info","time":"2026-07-28T09:44:58.935Z","service":"api","msg":"request.completed","method":"GET","url":"/v1/staff/work-items?propertyId=3ab87d2a-0c78-4fac-aa15-515a733cc3ae&queue=inbox","statusCode":200,"requestId":"21468f3c-5612-4cbb-9046-1d22e5fcc0eb"}

stdout | src/request-orders.integration.test.ts > request/order lifecycle operations > lists staff inbox items with details only for assigned properties
{"level":"info","time":"2026-07-28T09:44:58.941Z","service":"api","msg":"request.completed","method":"GET","url":"/v1/staff/requests/b3d8c5c8-31b5-406a-8cce-90d2b954ce1f","statusCode":200,"requestId":"b9326d70-c980-4f66-85dc-4125c08dfc48"}

stdout | src/request-orders.integration.test.ts > request/order lifecycle operations > lists staff inbox items with details only for assigned properties
{"level":"info","time":"2026-07-28T09:44:58.947Z","service":"api","msg":"request.completed","method":"GET","url":"/v1/staff/orders/9536744e-8ce2-4b7a-b292-471bca086041","statusCode":200,"requestId":"6789da96-fa1f-4961-85f3-ca4e0287ca44"}

stdout | src/request-orders.integration.test.ts > request/order lifecycle operations > lists staff inbox items with details only for assigned properties
{"level":"info","time":"2026-07-28T09:44:58.949Z","service":"api","msg":"request.completed","method":"GET","url":"/v1/staff/work-items?propertyId=3ab87d2a-0c78-4fac-aa15-515a733cc3ae&queue=inbox","statusCode":403,"requestId":"f80c9ace-80e1-48e4-9ad5-4e2dfbf6207b"}

stdout | src/request-orders.integration.test.ts > request/order lifecycle operations > lists admin operation queues with filters, cursor pagination, detail deep links, and permissions
{"level":"info","time":"2026-07-28T09:44:59.176Z","service":"api","msg":"request.completed","method":"POST","url":"/v1/auth/login","statusCode":200,"requestId":"9c5c49f9-0753-4007-90b8-137e933093ee"}

stdout | src/request-orders.integration.test.ts > request/order lifecycle operations > lists admin operation queues with filters, cursor pagination, detail deep links, and permissions
{"level":"info","time":"2026-07-28T09:44:59.521Z","service":"api","msg":"request.completed","method":"POST","url":"/v1/auth/login","statusCode":200,"requestId":"456eaa91-9a85-49bd-aaec-91c178665e4f"}

stdout | src/request-orders.integration.test.ts > request/order lifecycle operations > lists admin operation queues with filters, cursor pagination, detail deep links, and permissions
{"level":"info","time":"2026-07-28T09:44:59.734Z","service":"api","msg":"request.completed","method":"POST","url":"/v1/auth/login","statusCode":200,"requestId":"08120342-b7bf-4ad8-8352-1addbe18d1aa"}

stdout | src/request-orders.integration.test.ts > request/order lifecycle operations > lists admin operation queues with filters, cursor pagination, detail deep links, and permissions
{"level":"info","time":"2026-07-28T09:44:59.955Z","service":"api","msg":"request.completed","method":"POST","url":"/v1/auth/login","statusCode":200,"requestId":"b74eaadc-1f80-4f4d-b302-03f337ca04eb"}

stdout | src/request-orders.integration.test.ts > request/order lifecycle operations > lists admin operation queues with filters, cursor pagination, detail deep links, and permissions
{"level":"info","time":"2026-07-28T09:44:59.957Z","service":"api","msg":"request.completed","method":"GET","url":"/v1/properties?organizationId=d215a186-f84d-4c7c-b75a-3189969999c2","statusCode":200,"requestId":"2382e8bb-31f4-425b-b1ff-03cb19545bc1"}

stdout | src/request-orders.integration.test.ts > request/order lifecycle operations > lists admin operation queues with filters, cursor pagination, detail deep links, and permissions
{"level":"info","time":"2026-07-28T09:44:59.977Z","service":"api","msg":"request.completed","method":"GET","url":"/v1/properties/3ab87d2a-0c78-4fac-aa15-515a733cc3ae/locations","statusCode":200,"requestId":"b358ae3c-72a2-4c28-833c-42f6001253e3"}

stdout | src/request-orders.integration.test.ts > request/order lifecycle operations > lists admin operation queues with filters, cursor pagination, detail deep links, and permissions
{"level":"info","time":"2026-07-28T09:44:59.980Z","service":"api","msg":"request.completed","method":"POST","url":"/v1/properties/3ab87d2a-0c78-4fac-aa15-515a733cc3ae/qr-codes","statusCode":200,"requestId":"301d8235-a2ee-4731-b457-3575b4096255"}

stdout | src/request-orders.integration.test.ts > request/order lifecycle operations > lists admin operation queues with filters, cursor pagination, detail deep links, and permissions
{"level":"info","time":"2026-07-28T09:44:59.982Z","service":"api","msg":"request.completed","method":"POST","url":"/v1/guest/sessions","statusCode":200,"requestId":"91f0ef3a-69ea-4437-b565-3374082cc22b"}

stdout | src/request-orders.integration.test.ts > request/order lifecycle operations > lists admin operation queues with filters, cursor pagination, detail deep links, and permissions
{"level":"info","time":"2026-07-28T09:44:59.985Z","service":"api","msg":"request.completed","method":"POST","url":"/v1/guest/conversations","statusCode":200,"requestId":"6e69d177-6147-4244-b945-008c82fda38a"}

stdout | src/request-orders.integration.test.ts > request/order lifecycle operations > lists admin operation queues with filters, cursor pagination, detail deep links, and permissions
{"level":"info","time":"2026-07-28T09:44:59.987Z","service":"api","msg":"request.completed","method":"POST","url":"/v1/guest/request-drafts","statusCode":200,"requestId":"dab596c9-49be-4a4b-b96f-d03c3cbb3fe1"}

stdout | src/request-orders.integration.test.ts > request/order lifecycle operations > lists admin operation queues with filters, cursor pagination, detail deep links, and permissions
{"level":"info","time":"2026-07-28T09:44:59.992Z","service":"api","msg":"request.completed","method":"POST","url":"/v1/guest/request-drafts/d65c65aa-cc7a-4f4c-965b-f60d5d36700c/confirm","statusCode":200,"requestId":"f2307e49-d9af-4403-86fb-e7cf90b59601"}

stdout | src/request-orders.integration.test.ts > request/order lifecycle operations > lists admin operation queues with filters, cursor pagination, detail deep links, and permissions
{"level":"info","time":"2026-07-28T09:45:00.268Z","service":"api","msg":"request.completed","method":"POST","url":"/v1/auth/login","statusCode":200,"requestId":"e0b5a4a7-db62-45f4-9384-e17b63652017"}

stdout | src/request-orders.integration.test.ts > request/order lifecycle operations > lists admin operation queues with filters, cursor pagination, detail deep links, and permissions
{"level":"info","time":"2026-07-28T09:45:00.327Z","service":"api","msg":"request.completed","method":"GET","url":"/v1/properties?organizationId=d215a186-f84d-4c7c-b75a-3189969999c2","statusCode":200,"requestId":"0e739bd3-8c59-4c52-a13f-d79978ae3cac"}

stdout | src/request-orders.integration.test.ts > request/order lifecycle operations > lists admin operation queues with filters, cursor pagination, detail deep links, and permissions
{"level":"info","time":"2026-07-28T09:45:00.383Z","service":"api","msg":"request.completed","method":"GET","url":"/v1/properties/3ab87d2a-0c78-4fac-aa15-515a733cc3ae/locations","statusCode":200,"requestId":"85dd4d2e-84c5-43bd-ba74-5079729803a4"}

stdout | src/request-orders.integration.test.ts > request/order lifecycle operations > lists admin operation queues with filters, cursor pagination, detail deep links, and permissions
{"level":"info","time":"2026-07-28T09:45:00.391Z","service":"api","msg":"request.completed","method":"POST","url":"/v1/properties/3ab87d2a-0c78-4fac-aa15-515a733cc3ae/qr-codes","statusCode":200,"requestId":"72051fa7-ddfc-458a-9053-1583ebfb3679"}

stdout | src/request-orders.integration.test.ts > request/order lifecycle operations > lists admin operation queues with filters, cursor pagination, detail deep links, and permissions
{"level":"info","time":"2026-07-28T09:45:00.394Z","service":"api","msg":"request.completed","method":"POST","url":"/v1/guest/sessions","statusCode":200,"requestId":"d84cb59f-65b5-465a-b9f3-785f0be7d69a"}

stdout | src/request-orders.integration.test.ts > request/order lifecycle operations > lists admin operation queues with filters, cursor pagination, detail deep links, and permissions
{"level":"info","time":"2026-07-28T09:45:00.399Z","service":"api","msg":"request.completed","method":"POST","url":"/v1/guest/conversations","statusCode":200,"requestId":"ae39c704-8755-4cd1-8b66-969eb3c68939"}

stdout | src/request-orders.integration.test.ts > request/order lifecycle operations > lists admin operation queues with filters, cursor pagination, detail deep links, and permissions
{"level":"info","time":"2026-07-28T09:45:00.403Z","service":"api","msg":"request.completed","method":"POST","url":"/v1/guest/request-drafts","statusCode":200,"requestId":"885c9416-de2b-4210-b472-807746cb2eae"}

stdout | src/request-orders.integration.test.ts > request/order lifecycle operations > lists admin operation queues with filters, cursor pagination, detail deep links, and permissions
{"level":"info","time":"2026-07-28T09:45:00.410Z","service":"api","msg":"request.completed","method":"POST","url":"/v1/guest/request-drafts/e82b0a71-e94f-486f-a27b-32fa58721c78/confirm","statusCode":200,"requestId":"3cd1a84e-6260-4a72-927c-0889ed3376af"}

stdout | src/request-orders.integration.test.ts > request/order lifecycle operations > lists admin operation queues with filters, cursor pagination, detail deep links, and permissions
{"level":"info","time":"2026-07-28T09:45:00.654Z","service":"api","msg":"request.completed","method":"POST","url":"/v1/auth/login","statusCode":200,"requestId":"7af7b613-74d0-4608-bf76-8ef63386ffdf"}

stdout | src/request-orders.integration.test.ts > request/order lifecycle operations > lists admin operation queues with filters, cursor pagination, detail deep links, and permissions
{"level":"info","time":"2026-07-28T09:45:00.656Z","service":"api","msg":"request.completed","method":"GET","url":"/v1/properties?organizationId=d215a186-f84d-4c7c-b75a-3189969999c2","statusCode":200,"requestId":"57de8f30-4e22-49d8-a7d8-2a2d2f7ebd39"}

stdout | src/request-orders.integration.test.ts > request/order lifecycle operations > lists admin operation queues with filters, cursor pagination, detail deep links, and permissions
{"level":"info","time":"2026-07-28T09:45:00.659Z","service":"api","msg":"request.completed","method":"GET","url":"/v1/properties/3ab87d2a-0c78-4fac-aa15-515a733cc3ae/locations","statusCode":200,"requestId":"83aba889-fd8b-4937-bd25-c7b5093ad6de"}

stdout | src/request-orders.integration.test.ts > request/order lifecycle operations > lists admin operation queues with filters, cursor pagination, detail deep links, and permissions
{"level":"info","time":"2026-07-28T09:45:00.664Z","service":"api","msg":"request.completed","method":"POST","url":"/v1/properties/3ab87d2a-0c78-4fac-aa15-515a733cc3ae/qr-codes","statusCode":200,"requestId":"f36de59f-8416-4d2b-9fce-427f14cfa47d"}

stdout | src/request-orders.integration.test.ts > request/order lifecycle operations > lists admin operation queues with filters, cursor pagination, detail deep links, and permissions
{"level":"info","time":"2026-07-28T09:45:00.666Z","service":"api","msg":"request.completed","method":"POST","url":"/v1/guest/sessions","statusCode":200,"requestId":"b634af27-4012-40aa-82e4-8603ae6ea31b"}

stdout | src/request-orders.integration.test.ts > request/order lifecycle operations > lists admin operation queues with filters, cursor pagination, detail deep links, and permissions
{"level":"info","time":"2026-07-28T09:45:00.667Z","service":"api","msg":"request.completed","method":"POST","url":"/v1/guest/conversations","statusCode":200,"requestId":"5154b1eb-ded0-41e9-a88f-9ce890b881a2"}

stdout | src/request-orders.integration.test.ts > request/order lifecycle operations > lists admin operation queues with filters, cursor pagination, detail deep links, and permissions
{"level":"info","time":"2026-07-28T09:45:00.670Z","service":"api","msg":"request.completed","method":"POST","url":"/v1/guest/request-drafts","statusCode":200,"requestId":"fb5e9696-191a-4cd5-8d56-454a62d956f9"}

stdout | src/request-orders.integration.test.ts > request/order lifecycle operations > lists admin operation queues with filters, cursor pagination, detail deep links, and permissions
{"level":"info","time":"2026-07-28T09:45:00.675Z","service":"api","msg":"request.completed","method":"POST","url":"/v1/guest/request-drafts/3c8c8936-73cd-4402-bbb1-af958c8ddd65/confirm","statusCode":200,"requestId":"2ef87a26-5816-475b-8a2a-c8211883c8df"}

stdout | src/request-orders.integration.test.ts > request/order lifecycle operations > lists admin operation queues with filters, cursor pagination, detail deep links, and permissions
{"level":"info","time":"2026-07-28T09:45:00.892Z","service":"api","msg":"request.completed","method":"POST","url":"/v1/auth/login","statusCode":200,"requestId":"fdf90077-c276-4872-b3ba-f34788637b5d"}

stdout | src/request-orders.integration.test.ts > request/order lifecycle operations > lists admin operation queues with filters, cursor pagination, detail deep links, and permissions
{"level":"info","time":"2026-07-28T09:45:00.895Z","service":"api","msg":"request.completed","method":"GET","url":"/v1/properties?organizationId=d215a186-f84d-4c7c-b75a-3189969999c2","statusCode":200,"requestId":"d19aea1d-800f-4440-81f9-347a4c0c62c7"}

stdout | src/request-orders.integration.test.ts > request/order lifecycle operations > lists admin operation queues with filters, cursor pagination, detail deep links, and permissions
{"level":"info","time":"2026-07-28T09:45:00.899Z","service":"api","msg":"request.completed","method":"GET","url":"/v1/properties/3ab87d2a-0c78-4fac-aa15-515a733cc3ae/locations","statusCode":200,"requestId":"f70f87da-4481-4701-aba2-2bb8530f82df"}

stdout | src/request-orders.integration.test.ts > request/order lifecycle operations > lists admin operation queues with filters, cursor pagination, detail deep links, and permissions
{"level":"info","time":"2026-07-28T09:45:00.902Z","service":"api","msg":"request.completed","method":"POST","url":"/v1/properties/3ab87d2a-0c78-4fac-aa15-515a733cc3ae/qr-codes","statusCode":200,"requestId":"e6d22b74-66b6-49cc-b164-9caa733d715b"}

stdout | src/request-orders.integration.test.ts > request/order lifecycle operations > lists admin operation queues with filters, cursor pagination, detail deep links, and permissions
{"level":"info","time":"2026-07-28T09:45:00.905Z","service":"api","msg":"request.completed","method":"POST","url":"/v1/guest/sessions","statusCode":200,"requestId":"7c8047cf-c6f5-4fb8-a9dc-aec716d2399f"}

stdout | src/request-orders.integration.test.ts > request/order lifecycle operations > lists admin operation queues with filters, cursor pagination, detail deep links, and permissions
{"level":"info","time":"2026-07-28T09:45:00.907Z","service":"api","msg":"request.completed","method":"POST","url":"/v1/guest/conversations","statusCode":200,"requestId":"0b8d276d-79b6-4bec-946e-405ab5d04b5a"}

stdout | src/request-orders.integration.test.ts > request/order lifecycle operations > lists admin operation queues with filters, cursor pagination, detail deep links, and permissions
{"level":"info","time":"2026-07-28T09:45:00.909Z","service":"api","msg":"request.completed","method":"POST","url":"/v1/guest/request-drafts","statusCode":200,"requestId":"ec8b7ea6-e384-47cf-a838-fd673ff57bd3"}

stdout | src/request-orders.integration.test.ts > request/order lifecycle operations > lists admin operation queues with filters, cursor pagination, detail deep links, and permissions
{"level":"info","time":"2026-07-28T09:45:00.913Z","service":"api","msg":"request.completed","method":"POST","url":"/v1/guest/request-drafts/ad856405-3ae7-4b12-af64-05951992fac0/confirm","statusCode":200,"requestId":"a8611c1d-0498-4909-80f9-e8be5a6eb7c1"}

stdout | src/request-orders.integration.test.ts > request/order lifecycle operations > lists admin operation queues with filters, cursor pagination, detail deep links, and permissions
{"level":"info","time":"2026-07-28T09:45:01.128Z","service":"api","msg":"request.completed","method":"POST","url":"/v1/auth/login","statusCode":200,"requestId":"d87251fc-4c8f-4017-921e-a01ea8a36e22"}

stdout | src/request-orders.integration.test.ts > request/order lifecycle operations > lists admin operation queues with filters, cursor pagination, detail deep links, and permissions
{"level":"info","time":"2026-07-28T09:45:01.129Z","service":"api","msg":"request.completed","method":"GET","url":"/v1/properties?organizationId=d215a186-f84d-4c7c-b75a-3189969999c2","statusCode":200,"requestId":"c3e8a841-cb0f-4c80-8388-7ddb9a35485f"}

stdout | src/request-orders.integration.test.ts > request/order lifecycle operations > lists admin operation queues with filters, cursor pagination, detail deep links, and permissions
{"level":"info","time":"2026-07-28T09:45:01.132Z","service":"api","msg":"request.completed","method":"GET","url":"/v1/properties/3ab87d2a-0c78-4fac-aa15-515a733cc3ae/locations","statusCode":200,"requestId":"1e5947ac-e439-4977-80d7-f0208b718f96"}

stdout | src/request-orders.integration.test.ts > request/order lifecycle operations > lists admin operation queues with filters, cursor pagination, detail deep links, and permissions
{"level":"info","time":"2026-07-28T09:45:01.147Z","service":"api","msg":"request.completed","method":"POST","url":"/v1/properties/3ab87d2a-0c78-4fac-aa15-515a733cc3ae/qr-codes","statusCode":200,"requestId":"17babdc8-2599-46be-a59b-00dcc5454b3d"}

stdout | src/request-orders.integration.test.ts > request/order lifecycle operations > lists admin operation queues with filters, cursor pagination, detail deep links, and permissions
{"level":"info","time":"2026-07-28T09:45:01.153Z","service":"api","msg":"request.completed","method":"POST","url":"/v1/guest/sessions","statusCode":200,"requestId":"581eda94-a842-4fcb-a870-3e1de4607392"}

stdout | src/request-orders.integration.test.ts > request/order lifecycle operations > lists admin operation queues with filters, cursor pagination, detail deep links, and permissions
{"level":"info","time":"2026-07-28T09:45:01.159Z","service":"api","msg":"request.completed","method":"POST","url":"/v1/guest/conversations","statusCode":200,"requestId":"9a05e5c8-b833-43e1-8b36-babb25d5500c"}

stdout | src/request-orders.integration.test.ts > request/order lifecycle operations > lists admin operation queues with filters, cursor pagination, detail deep links, and permissions
{"level":"info","time":"2026-07-28T09:45:01.164Z","service":"api","msg":"request.completed","method":"POST","url":"/v1/guest/request-drafts","statusCode":200,"requestId":"04ecd416-de36-43db-8fd5-79c7fd0f290c"}

stdout | src/request-orders.integration.test.ts > request/order lifecycle operations > lists admin operation queues with filters, cursor pagination, detail deep links, and permissions
{"level":"info","time":"2026-07-28T09:45:01.172Z","service":"api","msg":"request.completed","method":"POST","url":"/v1/guest/request-drafts/a064b323-1430-47ab-8571-14274f1706de/confirm","statusCode":200,"requestId":"f0d46c77-17fe-4771-a2bd-5d72c461241a"}

stdout | src/request-orders.integration.test.ts > request/order lifecycle operations > lists admin operation queues with filters, cursor pagination, detail deep links, and permissions
{"level":"info","time":"2026-07-28T09:45:01.387Z","service":"api","msg":"request.completed","method":"POST","url":"/v1/auth/login","statusCode":200,"requestId":"c2218889-901c-4f47-b507-d99364ce3c57"}

stdout | src/request-orders.integration.test.ts > request/order lifecycle operations > lists admin operation queues with filters, cursor pagination, detail deep links, and permissions
{"level":"info","time":"2026-07-28T09:45:01.389Z","service":"api","msg":"request.completed","method":"GET","url":"/v1/properties?organizationId=d215a186-f84d-4c7c-b75a-3189969999c2","statusCode":200,"requestId":"810224e4-9281-4276-aa39-263355555349"}

stdout | src/request-orders.integration.test.ts > request/order lifecycle operations > lists admin operation queues with filters, cursor pagination, detail deep links, and permissions
{"level":"info","time":"2026-07-28T09:45:01.391Z","service":"api","msg":"request.completed","method":"GET","url":"/v1/properties/3ab87d2a-0c78-4fac-aa15-515a733cc3ae/locations","statusCode":200,"requestId":"c792d1a3-4724-484b-a175-d8b2ec202efd"}

stdout | src/request-orders.integration.test.ts > request/order lifecycle operations > lists admin operation queues with filters, cursor pagination, detail deep links, and permissions
{"level":"info","time":"2026-07-28T09:45:01.394Z","service":"api","msg":"request.completed","method":"POST","url":"/v1/properties/3ab87d2a-0c78-4fac-aa15-515a733cc3ae/qr-codes","statusCode":200,"requestId":"3a0405ca-0c88-4ee0-9b2b-505ed64dfaad"}

stdout | src/request-orders.integration.test.ts > request/order lifecycle operations > lists admin operation queues with filters, cursor pagination, detail deep links, and permissions
{"level":"info","time":"2026-07-28T09:45:01.396Z","service":"api","msg":"request.completed","method":"POST","url":"/v1/guest/sessions","statusCode":200,"requestId":"486360d4-e307-4a43-a9e2-69b0a8896cb9"}

stdout | src/request-orders.integration.test.ts > request/order lifecycle operations > lists admin operation queues with filters, cursor pagination, detail deep links, and permissions
{"level":"info","time":"2026-07-28T09:45:01.397Z","service":"api","msg":"request.completed","method":"POST","url":"/v1/guest/conversations","statusCode":200,"requestId":"6d5c6c47-3119-4392-9e54-d721404aba50"}

stdout | src/request-orders.integration.test.ts > request/order lifecycle operations > lists admin operation queues with filters, cursor pagination, detail deep links, and permissions
{"level":"info","time":"2026-07-28T09:45:01.399Z","service":"api","msg":"request.completed","method":"POST","url":"/v1/guest/request-drafts","statusCode":200,"requestId":"f6e49488-2f34-4deb-a2de-13f43165dfb2"}

stdout | src/request-orders.integration.test.ts > request/order lifecycle operations > lists admin operation queues with filters, cursor pagination, detail deep links, and permissions
{"level":"info","time":"2026-07-28T09:45:01.404Z","service":"api","msg":"request.completed","method":"POST","url":"/v1/guest/request-drafts/b91472e1-fb84-41ed-9f4a-18b504c70ee1/confirm","statusCode":200,"requestId":"b987653e-f4b6-4f7f-9af4-33aed5194297"}

stdout | src/request-orders.integration.test.ts > request/order lifecycle operations > lists admin operation queues with filters, cursor pagination, detail deep links, and permissions
{"level":"info","time":"2026-07-28T09:45:01.407Z","service":"api","msg":"request.completed","method":"GET","url":"/v1/admin/properties/3ab87d2a-0c78-4fac-aa15-515a733cc3ae/operations/requests?status=submitted&limit=5&dateFrom=2026-07-28T09%3A44%3A59.735Z&dateTo=2026-07-28T09%3A46%3A01.404Z","statusCode":200,"requestId":"382e86a9-1b46-47a8-b398-31cfac8e9b2b"}

stdout | src/request-orders.integration.test.ts > request/order lifecycle operations > lists admin operation queues with filters, cursor pagination, detail deep links, and permissions
{"level":"info","time":"2026-07-28T09:45:01.412Z","service":"api","msg":"request.completed","method":"GET","url":"/v1/admin/properties/3ab87d2a-0c78-4fac-aa15-515a733cc3ae/operations/requests?status=submitted&limit=5&cursor=eyJzdWJtaXR0ZWRBdCI6IjIwMjYtMDctMjhUMDk6NDU6MDAuNDA2WiIsImlkIjoiYTUwZGMwNGEtMTZkNC00N2VjLTk3NGItOTEwMDM5NzgyYWRhIn0","statusCode":200,"requestId":"77447751-7dca-408e-a097-0fcb2d4bba4f"}

stdout | src/request-orders.integration.test.ts > request/order lifecycle operations > lists admin operation queues with filters, cursor pagination, detail deep links, and permissions
{"level":"info","time":"2026-07-28T09:45:01.415Z","service":"api","msg":"request.completed","method":"GET","url":"/v1/admin/properties/3ab87d2a-0c78-4fac-aa15-515a733cc3ae/operations/requests/9345529c-0d1c-4d59-9ae3-470df64d536a","statusCode":200,"requestId":"b2c69c02-6728-43a9-bd60-3d24158f5265"}

stdout | src/request-orders.integration.test.ts > request/order lifecycle operations > lists admin operation queues with filters, cursor pagination, detail deep links, and permissions
{"level":"info","time":"2026-07-28T09:45:01.629Z","service":"api","msg":"request.completed","method":"POST","url":"/v1/auth/login","statusCode":200,"requestId":"0262eb62-7920-47b4-b35e-0c725ff80c14"}

stdout | src/request-orders.integration.test.ts > request/order lifecycle operations > lists admin operation queues with filters, cursor pagination, detail deep links, and permissions
{"level":"info","time":"2026-07-28T09:45:01.632Z","service":"api","msg":"request.completed","method":"GET","url":"/v1/properties?organizationId=d215a186-f84d-4c7c-b75a-3189969999c2","statusCode":200,"requestId":"8ae7f7fb-d3a9-4636-a8c5-a4cf2344c1e9"}

stdout | src/request-orders.integration.test.ts > request/order lifecycle operations > lists admin operation queues with filters, cursor pagination, detail deep links, and permissions
{"level":"info","time":"2026-07-28T09:45:01.637Z","service":"api","msg":"request.completed","method":"GET","url":"/v1/properties/3ab87d2a-0c78-4fac-aa15-515a733cc3ae/locations","statusCode":200,"requestId":"f2849510-7fe2-4201-8184-93aba2c50177"}

stdout | src/request-orders.integration.test.ts > request/order lifecycle operations > lists admin operation queues with filters, cursor pagination, detail deep links, and permissions
{"level":"info","time":"2026-07-28T09:45:01.640Z","service":"api","msg":"request.completed","method":"POST","url":"/v1/properties/3ab87d2a-0c78-4fac-aa15-515a733cc3ae/qr-codes","statusCode":200,"requestId":"461516d0-c8e7-4810-9638-045443191f48"}

stdout | src/request-orders.integration.test.ts > request/order lifecycle operations > lists admin operation queues with filters, cursor pagination, detail deep links, and permissions
{"level":"info","time":"2026-07-28T09:45:01.642Z","service":"api","msg":"request.completed","method":"POST","url":"/v1/guest/sessions","statusCode":200,"requestId":"2cd50aab-e1a2-4ac2-a06c-6b21b16bd2c3"}

stdout | src/request-orders.integration.test.ts > request/order lifecycle operations > lists admin operation queues with filters, cursor pagination, detail deep links, and permissions
{"level":"info","time":"2026-07-28T09:45:01.644Z","service":"api","msg":"request.completed","method":"POST","url":"/v1/guest/conversations","statusCode":200,"requestId":"6fd319d1-4548-47b6-b21a-69590fb827f6"}

stdout | src/request-orders.integration.test.ts > request/order lifecycle operations > lists admin operation queues with filters, cursor pagination, detail deep links, and permissions
{"level":"info","time":"2026-07-28T09:45:01.645Z","service":"api","msg":"request.completed","method":"POST","url":"/v1/guest/order-drafts","statusCode":200,"requestId":"568c1e1b-74a6-4dc5-afc4-c5a78b08f8c0"}

stdout | src/request-orders.integration.test.ts > request/order lifecycle operations > lists admin operation queues with filters, cursor pagination, detail deep links, and permissions
{"level":"info","time":"2026-07-28T09:45:01.650Z","service":"api","msg":"request.completed","method":"POST","url":"/v1/guest/order-drafts/aa0665cf-b8ff-450f-9870-94da963737fe/confirm","statusCode":200,"requestId":"47b4f404-949f-4a1e-a2a1-80f08a247c2c"}

stdout | src/request-orders.integration.test.ts > request/order lifecycle operations > lists admin operation queues with filters, cursor pagination, detail deep links, and permissions
{"level":"info","time":"2026-07-28T09:45:01.653Z","service":"api","msg":"request.completed","method":"GET","url":"/v1/admin/properties/3ab87d2a-0c78-4fac-aa15-515a733cc3ae/operations/orders?status=submitted&limit=5","statusCode":200,"requestId":"1cffe8fd-21a3-43f3-886f-242a1253cedd"}

stdout | src/request-orders.integration.test.ts > request/order lifecycle operations > lists admin operation queues with filters, cursor pagination, detail deep links, and permissions
{"level":"info","time":"2026-07-28T09:45:01.654Z","service":"api","msg":"request.completed","method":"GET","url":"/v1/admin/properties/3ab87d2a-0c78-4fac-aa15-515a733cc3ae/operations/requests?status=submitted","statusCode":403,"requestId":"be9ca5d8-2d99-40ed-876f-be21ddfd611d"}

stdout | src/request-orders.integration.test.ts > request/order lifecycle operations > lists admin operation queues with filters, cursor pagination, detail deep links, and permissions
{"level":"info","time":"2026-07-28T09:45:01.656Z","service":"api","msg":"request.completed","method":"GET","url":"/v1/admin/properties/3ab87d2a-0c78-4fac-aa15-515a733cc3ae/operations/orders?status=submitted","statusCode":403,"requestId":"a153be80-c9a0-4885-a3cf-3e5cde249c27"}

stdout | src/request-orders.integration.test.ts > request/order lifecycle operations > lists admin operation queues with filters, cursor pagination, detail deep links, and permissions
{"level":"info","time":"2026-07-28T09:45:01.657Z","service":"api","msg":"request.completed","method":"GET","url":"/v1/admin/properties/3ab87d2a-0c78-4fac-aa15-515a733cc3ae/operations/requests?cursor=not-a-cursor","statusCode":400,"requestId":"ad1aaac2-e185-4e42-a1b2-f07293d3abc0"}

 ✓ src/request-orders.integration.test.ts (9 tests) 7757ms
   ✓ request/order lifecycle operations > transitions requests with optimistic versioning, history, outbox, and audit  522ms
   ✓ request/order lifecycle operations > atomically claims requests with race safety, optimistic concurrency, permissions, and audit  902ms
   ✓ request/order lifecycle operations > keeps order item and price snapshots immutable after confirmation  524ms
   ✓ request/order lifecycle operations > claims orders once and denies cross-property staff  1121ms
   ✓ request/order lifecycle operations > denies staff transitions outside assigned tenant property  459ms
   ✓ request/order lifecycle operations > lets guests list, inspect, and idempotently cancel their own submitted work  517ms
   ✓ request/order lifecycle operations > lists staff inbox items with details only for assigned properties  714ms
   ✓ request/order lifecycle operations > lists admin operation queues with filters, cursor pagination, detail deep links, and permissions  2708ms
stdout | src/tenant.integration.test.ts > tenant isolation integration > prevents aurora owner from listing nomad properties
{"level":"info","time":"2026-07-28T09:45:02.506Z","service":"api","msg":"request.completed","method":"POST","url":"/v1/auth/login","statusCode":200,"requestId":"c89aa9c5-a8cf-496f-b396-919d337e169e"}

stdout | src/tenant.integration.test.ts > tenant isolation integration > prevents aurora owner from listing nomad properties
{"level":"info","time":"2026-07-28T09:45:02.726Z","service":"api","msg":"request.completed","method":"POST","url":"/v1/auth/login","statusCode":200,"requestId":"1f4c0acd-5f6f-4030-89be-56863bb8b306"}

stdout | src/tenant.integration.test.ts > tenant isolation integration > prevents aurora owner from listing nomad properties
{"level":"info","time":"2026-07-28T09:45:02.729Z","service":"api","msg":"request.completed","method":"GET","url":"/v1/properties?organizationId=67e4e9e6-f0b4-4e7f-a247-674a503d4ba6","statusCode":403,"requestId":"40a3c3ba-2f5d-4723-b81d-8ee408e032c2"}

stdout | src/tenant.integration.test.ts > tenant isolation integration > scopes property manager to assigned properties only
{"level":"info","time":"2026-07-28T09:45:02.951Z","service":"api","msg":"request.completed","method":"POST","url":"/v1/auth/login","statusCode":200,"requestId":"5e72f4ca-0c7d-4bf1-a4a9-ad7f7da9fc03"}

stdout | src/tenant.integration.test.ts > tenant isolation integration > scopes property manager to assigned properties only
{"level":"info","time":"2026-07-28T09:45:02.954Z","service":"api","msg":"request.completed","method":"GET","url":"/v1/properties?organizationId=d215a186-f84d-4c7c-b75a-3189969999c2","statusCode":200,"requestId":"5d8219fc-1e3d-465e-90ec-97d5ccab9b40"}

stdout | src/tenant.integration.test.ts > tenant isolation integration > supports logout and session revocation
{"level":"info","time":"2026-07-28T09:45:03.171Z","service":"api","msg":"request.completed","method":"POST","url":"/v1/auth/login","statusCode":200,"requestId":"0d1aa27a-b289-41a4-9a46-415d70af3bfd"}

stdout | src/tenant.integration.test.ts > tenant isolation integration > supports logout and session revocation
{"level":"info","time":"2026-07-28T09:45:03.172Z","service":"api","msg":"request.completed","method":"GET","url":"/v1/me","statusCode":200,"requestId":"2bfad467-c8b8-420d-b19c-6de4733f80c1"}

stdout | src/tenant.integration.test.ts > tenant isolation integration > supports logout and session revocation
{"level":"info","time":"2026-07-28T09:45:03.176Z","service":"api","msg":"request.completed","method":"POST","url":"/v1/auth/logout","statusCode":200,"requestId":"756769d7-e85c-4cf8-9683-338e8592405a"}

stdout | src/tenant.integration.test.ts > tenant isolation integration > supports logout and session revocation
{"level":"info","time":"2026-07-28T09:45:03.177Z","service":"api","msg":"request.completed","method":"GET","url":"/v1/me","statusCode":401,"requestId":"3152c660-5c5a-41c8-abf2-85194a24bcbf"}

stdout | src/tenant.integration.test.ts > tenant isolation integration > blocks IDOR property fetch across tenants
{"level":"info","time":"2026-07-28T09:45:03.464Z","service":"api","msg":"request.completed","method":"POST","url":"/v1/auth/login","statusCode":200,"requestId":"eca2724e-33b7-457f-abaf-b433e2d23f3d"}

stdout | src/tenant.integration.test.ts > tenant isolation integration > blocks IDOR property fetch across tenants
{"level":"info","time":"2026-07-28T09:45:03.678Z","service":"api","msg":"request.completed","method":"POST","url":"/v1/auth/login","statusCode":200,"requestId":"4be1f949-6a44-4b3b-b709-0a584a5d3326"}

stdout | src/tenant.integration.test.ts > tenant isolation integration > blocks IDOR property fetch across tenants
{"level":"info","time":"2026-07-28T09:45:03.680Z","service":"api","msg":"request.completed","method":"GET","url":"/v1/properties?organizationId=67e4e9e6-f0b4-4e7f-a247-674a503d4ba6","statusCode":200,"requestId":"7a3c7124-4b25-4e4e-94c1-5f984e01fdb9"}

stdout | src/tenant.integration.test.ts > tenant isolation integration > blocks IDOR property fetch across tenants
{"level":"info","time":"2026-07-28T09:45:03.682Z","service":"api","msg":"request.completed","method":"GET","url":"/v1/properties/8efde0b2-790a-49cd-8a14-20be5b6b29b1","statusCode":403,"requestId":"bc96bf68-8a01-4460-872d-273e7f46c2b0"}

 ✓ src/tenant.integration.test.ts (5 tests) 1463ms
   ✓ tenant isolation integration > prevents aurora owner from listing nomad properties  473ms
   ✓ tenant isolation integration > blocks IDOR property fetch across tenants  504ms
stdout | src/voice-live.integration.test.ts > Gemini Live token endpoint > requires guest authorization and a configured provider credential
{"level":"info","time":"2026-07-28T09:45:04.226Z","service":"api","msg":"request.completed","method":"POST","url":"/v1/guest/live-sessions","statusCode":401,"requestId":"72c8bf20-0fc7-4055-88bd-9682da59a5fc"}

stdout | src/voice-live.integration.test.ts > Gemini Live token endpoint > requires guest authorization and a configured provider credential
{"level":"info","time":"2026-07-28T09:45:04.458Z","service":"api","msg":"request.completed","method":"POST","url":"/v1/auth/login","statusCode":200,"requestId":"b593be7b-30bf-49cd-a22e-ef794a76ae49"}

stdout | src/voice-live.integration.test.ts > Gemini Live token endpoint > requires guest authorization and a configured provider credential
{"level":"info","time":"2026-07-28T09:45:04.462Z","service":"api","msg":"request.completed","method":"GET","url":"/v1/properties?organizationId=d215a186-f84d-4c7c-b75a-3189969999c2","statusCode":200,"requestId":"926a511d-d4db-4b9a-a0cf-1ba8a394a72d"}

stdout | src/voice-live.integration.test.ts > Gemini Live token endpoint > requires guest authorization and a configured provider credential
{"level":"info","time":"2026-07-28T09:45:04.485Z","service":"api","msg":"request.completed","method":"GET","url":"/v1/properties/8d283b2a-6ccd-4ab9-99be-79604deac640/locations","statusCode":200,"requestId":"6fccc649-128e-4002-b89f-536fa4b1fd80"}

stdout | src/voice-live.integration.test.ts > Gemini Live token endpoint > requires guest authorization and a configured provider credential
{"level":"info","time":"2026-07-28T09:45:04.496Z","service":"api","msg":"request.completed","method":"POST","url":"/v1/properties/8d283b2a-6ccd-4ab9-99be-79604deac640/qr-codes","statusCode":200,"requestId":"9b709fad-c8a5-4557-aa10-a66c331dc9e6"}

stdout | src/voice-live.integration.test.ts > Gemini Live token endpoint > requires guest authorization and a configured provider credential
{"level":"info","time":"2026-07-28T09:45:04.514Z","service":"api","msg":"request.completed","method":"POST","url":"/v1/guest/sessions","statusCode":200,"requestId":"61914310-792e-42b6-bbc8-91762b0492e0"}

stdout | src/voice-live.integration.test.ts > Gemini Live token endpoint > requires guest authorization and a configured provider credential
{"level":"info","time":"2026-07-28T09:45:04.519Z","service":"api","msg":"request.completed","method":"POST","url":"/v1/guest/conversations","statusCode":200,"requestId":"e40df558-75cb-4cfa-aa67-5f42cf049842"}

stdout | src/voice-live.integration.test.ts > Gemini Live token endpoint > requires guest authorization and a configured provider credential
{"level":"info","time":"2026-07-28T09:45:04.530Z","service":"api","msg":"request.completed","method":"POST","url":"/v1/guest/live-sessions","statusCode":503,"requestId":"bcf188d9-0efc-4a40-8395-655f50828cc7"}

stdout | src/voice-live.integration.test.ts > Gemini Live token endpoint > issues scoped ephemeral tokens without leaking the provider key
{"level":"info","time":"2026-07-28T09:45:04.753Z","service":"api","msg":"request.completed","method":"POST","url":"/v1/auth/login","statusCode":200,"requestId":"08e3c36d-ef32-4807-9bd4-db7fe5034bc0"}

stdout | src/voice-live.integration.test.ts > Gemini Live token endpoint > issues scoped ephemeral tokens without leaking the provider key
{"level":"info","time":"2026-07-28T09:45:04.755Z","service":"api","msg":"request.completed","method":"GET","url":"/v1/properties?organizationId=d215a186-f84d-4c7c-b75a-3189969999c2","statusCode":200,"requestId":"a7961727-7a8c-49e6-879d-6e4eeba76f44"}

stdout | src/voice-live.integration.test.ts > Gemini Live token endpoint > issues scoped ephemeral tokens without leaking the provider key
{"level":"info","time":"2026-07-28T09:45:04.757Z","service":"api","msg":"request.completed","method":"GET","url":"/v1/properties/8d283b2a-6ccd-4ab9-99be-79604deac640/locations","statusCode":200,"requestId":"e609b16a-f336-4759-8af4-87e4f5af98b6"}

stdout | src/voice-live.integration.test.ts > Gemini Live token endpoint > issues scoped ephemeral tokens without leaking the provider key
{"level":"info","time":"2026-07-28T09:45:04.762Z","service":"api","msg":"request.completed","method":"POST","url":"/v1/properties/8d283b2a-6ccd-4ab9-99be-79604deac640/qr-codes","statusCode":200,"requestId":"35ac8301-0486-4bc4-a733-0796bf84b916"}

stdout | src/voice-live.integration.test.ts > Gemini Live token endpoint > issues scoped ephemeral tokens without leaking the provider key
{"level":"info","time":"2026-07-28T09:45:04.764Z","service":"api","msg":"request.completed","method":"POST","url":"/v1/guest/sessions","statusCode":200,"requestId":"241e4761-edee-4c1d-b5c9-95edf44d7170"}

stdout | src/voice-live.integration.test.ts > Gemini Live token endpoint > issues scoped ephemeral tokens without leaking the provider key
{"level":"info","time":"2026-07-28T09:45:04.766Z","service":"api","msg":"request.completed","method":"POST","url":"/v1/guest/conversations","statusCode":200,"requestId":"857ca907-f76b-477e-b8ce-0722830405e7"}

stdout | src/voice-live.integration.test.ts > Gemini Live token endpoint > issues scoped ephemeral tokens without leaking the provider key
{"level":"info","time":"2026-07-28T09:45:04.769Z","service":"api","msg":"request.completed","method":"POST","url":"/v1/guest/live-sessions","statusCode":200,"requestId":"8780c6f1-eba4-4642-b5b3-b0f8c4489024"}

stdout | src/voice-live.integration.test.ts > Gemini Live token endpoint > denies cross-session conversation scope and rate limits token creation
{"level":"info","time":"2026-07-28T09:45:04.993Z","service":"api","msg":"request.completed","method":"POST","url":"/v1/auth/login","statusCode":200,"requestId":"f2d1bca0-1bad-467b-989b-96669ad806cd"}

stdout | src/voice-live.integration.test.ts > Gemini Live token endpoint > denies cross-session conversation scope and rate limits token creation
{"level":"info","time":"2026-07-28T09:45:04.995Z","service":"api","msg":"request.completed","method":"GET","url":"/v1/properties?organizationId=d215a186-f84d-4c7c-b75a-3189969999c2","statusCode":200,"requestId":"02bb9ddd-10a8-4019-8a96-82a4fa673106"}

stdout | src/voice-live.integration.test.ts > Gemini Live token endpoint > denies cross-session conversation scope and rate limits token creation
{"level":"info","time":"2026-07-28T09:45:04.997Z","service":"api","msg":"request.completed","method":"GET","url":"/v1/properties/8d283b2a-6ccd-4ab9-99be-79604deac640/locations","statusCode":200,"requestId":"f11b81ce-d621-4623-af28-aa2bed04e410"}

stdout | src/voice-live.integration.test.ts > Gemini Live token endpoint > denies cross-session conversation scope and rate limits token creation
{"level":"info","time":"2026-07-28T09:45:05.000Z","service":"api","msg":"request.completed","method":"POST","url":"/v1/properties/8d283b2a-6ccd-4ab9-99be-79604deac640/qr-codes","statusCode":200,"requestId":"e0937f83-0f83-4b42-8234-72014913ba67"}

stdout | src/voice-live.integration.test.ts > Gemini Live token endpoint > denies cross-session conversation scope and rate limits token creation
{"level":"info","time":"2026-07-28T09:45:05.002Z","service":"api","msg":"request.completed","method":"POST","url":"/v1/guest/sessions","statusCode":200,"requestId":"74d92207-b544-46b3-ad7d-09a1b4ade1f3"}

stdout | src/voice-live.integration.test.ts > Gemini Live token endpoint > denies cross-session conversation scope and rate limits token creation
{"level":"info","time":"2026-07-28T09:45:05.293Z","service":"api","msg":"request.completed","method":"POST","url":"/v1/auth/login","statusCode":200,"requestId":"d98dc521-ad83-47a5-9132-0f334d174d88"}

stdout | src/voice-live.integration.test.ts > Gemini Live token endpoint > denies cross-session conversation scope and rate limits token creation
{"level":"info","time":"2026-07-28T09:45:05.319Z","service":"api","msg":"request.completed","method":"GET","url":"/v1/properties?organizationId=d215a186-f84d-4c7c-b75a-3189969999c2","statusCode":200,"requestId":"90fb1f84-7423-41a7-af6b-5ae47badc515"}

stdout | src/voice-live.integration.test.ts > Gemini Live token endpoint > denies cross-session conversation scope and rate limits token creation
{"level":"info","time":"2026-07-28T09:45:05.354Z","service":"api","msg":"request.completed","method":"GET","url":"/v1/properties/8d283b2a-6ccd-4ab9-99be-79604deac640/locations","statusCode":200,"requestId":"67cd0291-c06d-411f-b64a-b1df7cfb1034"}

stdout | src/voice-live.integration.test.ts > Gemini Live token endpoint > denies cross-session conversation scope and rate limits token creation
{"level":"info","time":"2026-07-28T09:45:05.487Z","service":"api","msg":"request.completed","method":"POST","url":"/v1/properties/8d283b2a-6ccd-4ab9-99be-79604deac640/qr-codes","statusCode":200,"requestId":"f8af6013-1705-4e8e-83cb-de3def72c2fe"}

stdout | src/voice-live.integration.test.ts > Gemini Live token endpoint > denies cross-session conversation scope and rate limits token creation
{"level":"info","time":"2026-07-28T09:45:05.496Z","service":"api","msg":"request.completed","method":"POST","url":"/v1/guest/sessions","statusCode":200,"requestId":"f157b4fc-e0d9-4c57-8040-8cb6220ef715"}

stdout | src/voice-live.integration.test.ts > Gemini Live token endpoint > denies cross-session conversation scope and rate limits token creation
{"level":"info","time":"2026-07-28T09:45:05.505Z","service":"api","msg":"request.completed","method":"POST","url":"/v1/guest/conversations","statusCode":200,"requestId":"b61f709c-ffcd-4b9b-9abd-d8a3ecefa8b6"}

stdout | src/voice-live.integration.test.ts > Gemini Live token endpoint > denies cross-session conversation scope and rate limits token creation
{"level":"info","time":"2026-07-28T09:45:05.512Z","service":"api","msg":"request.completed","method":"POST","url":"/v1/guest/live-sessions","statusCode":404,"requestId":"cc6b1c37-601a-44cc-b5b1-07b12508a2a0"}

stdout | src/voice-live.integration.test.ts > Gemini Live token endpoint > denies cross-session conversation scope and rate limits token creation
{"level":"info","time":"2026-07-28T09:45:05.516Z","service":"api","msg":"request.completed","method":"POST","url":"/v1/guest/live-sessions","statusCode":200,"requestId":"652a2107-d357-422f-a4ec-b44a11add6e8"}

stdout | src/voice-live.integration.test.ts > Gemini Live token endpoint > denies cross-session conversation scope and rate limits token creation
{"level":"info","time":"2026-07-28T09:45:05.519Z","service":"api","msg":"request.completed","method":"POST","url":"/v1/guest/live-sessions","statusCode":200,"requestId":"d62bba10-ad1a-4056-84cc-ae80ebbcf4fa"}

stdout | src/voice-live.integration.test.ts > Gemini Live token endpoint > denies cross-session conversation scope and rate limits token creation
{"level":"info","time":"2026-07-28T09:45:05.521Z","service":"api","msg":"request.completed","method":"POST","url":"/v1/guest/live-sessions","statusCode":200,"requestId":"b32fcf72-02e3-4dca-9c1b-e5c3b3922d10"}

stdout | src/voice-live.integration.test.ts > Gemini Live token endpoint > denies cross-session conversation scope and rate limits token creation
{"level":"info","time":"2026-07-28T09:45:05.526Z","service":"api","msg":"request.completed","method":"POST","url":"/v1/guest/live-sessions","statusCode":200,"requestId":"547656ca-676f-4f62-be05-1de3ab3ef93e"}

stdout | src/voice-live.integration.test.ts > Gemini Live token endpoint > denies cross-session conversation scope and rate limits token creation
{"level":"info","time":"2026-07-28T09:45:05.529Z","service":"api","msg":"request.completed","method":"POST","url":"/v1/guest/live-sessions","statusCode":200,"requestId":"4cf6dd3c-a8fa-4e5d-ab21-d13a629e689f"}

stdout | src/voice-live.integration.test.ts > Gemini Live token endpoint > denies cross-session conversation scope and rate limits token creation
{"level":"info","time":"2026-07-28T09:45:05.536Z","service":"api","msg":"request.completed","method":"POST","url":"/v1/guest/live-sessions","statusCode":200,"requestId":"85bd8fac-9d93-474d-977b-4b2d2ddb09b8"}

stdout | src/voice-live.integration.test.ts > Gemini Live token endpoint > denies cross-session conversation scope and rate limits token creation
{"level":"info","time":"2026-07-28T09:45:05.539Z","service":"api","msg":"request.completed","method":"POST","url":"/v1/guest/live-sessions","statusCode":429,"requestId":"4a11aade-7a00-44a0-903d-b3495142306e"}

 ✓ src/voice-live.integration.test.ts (3 tests) 1361ms
   ✓ Gemini Live token endpoint > requires guest authorization and a configured provider credential  312ms
   ✓ Gemini Live token endpoint > denies cross-session conversation scope and rate limits token creation  770ms

 Test Files  19 passed (19)
      Tests  65 passed (65)
   Start at  16:44:19
   Duration  46.56s (transform 291ms, setup 0ms, collect 8.83s, tests 35.20s, environment 1ms, prepare 568ms)

