
 RUN  v3.2.7 /Users/huypq/Documents/Projects/guestportal/apps/api

stdout | src/request-orders.integration.test.ts > request/order lifecycle operations > transitions requests with optimistic versioning, history, outbox, and audit
{"level":"info","time":"2026-07-28T08:59:43.724Z","service":"api","msg":"request.completed","method":"POST","url":"/v1/auth/login","statusCode":200,"requestId":"e7415a46-eb37-4003-8eed-33ec7f37cd73"}

stdout | src/request-orders.integration.test.ts > request/order lifecycle operations > transitions requests with optimistic versioning, history, outbox, and audit
{"level":"info","time":"2026-07-28T08:59:43.940Z","service":"api","msg":"request.completed","method":"POST","url":"/v1/auth/login","statusCode":200,"requestId":"1d1d3b4c-6a66-4337-92ee-2c4a04ce95ad"}

stdout | src/request-orders.integration.test.ts > request/order lifecycle operations > transitions requests with optimistic versioning, history, outbox, and audit
{"level":"info","time":"2026-07-28T08:59:43.945Z","service":"api","msg":"request.completed","method":"GET","url":"/v1/properties?organizationId=d215a186-f84d-4c7c-b75a-3189969999c2","statusCode":200,"requestId":"e31e8987-082b-433f-822c-fd1fbed47d6e"}

stdout | src/request-orders.integration.test.ts > request/order lifecycle operations > transitions requests with optimistic versioning, history, outbox, and audit
{"level":"info","time":"2026-07-28T08:59:43.949Z","service":"api","msg":"request.completed","method":"GET","url":"/v1/properties/3ab87d2a-0c78-4fac-aa15-515a733cc3ae/locations","statusCode":200,"requestId":"ed0c9030-e10d-488c-b22c-95b019ddbc2b"}

stdout | src/request-orders.integration.test.ts > request/order lifecycle operations > transitions requests with optimistic versioning, history, outbox, and audit
{"level":"info","time":"2026-07-28T08:59:43.954Z","service":"api","msg":"request.completed","method":"POST","url":"/v1/properties/3ab87d2a-0c78-4fac-aa15-515a733cc3ae/qr-codes","statusCode":200,"requestId":"c1d13393-1dd0-4c45-8f83-f00cf2e966d8"}

stdout | src/request-orders.integration.test.ts > request/order lifecycle operations > transitions requests with optimistic versioning, history, outbox, and audit
{"level":"info","time":"2026-07-28T08:59:43.959Z","service":"api","msg":"request.completed","method":"POST","url":"/v1/guest/sessions","statusCode":200,"requestId":"0a0a2567-f8af-486e-a7f5-c5dad86e468a"}

stdout | src/request-orders.integration.test.ts > request/order lifecycle operations > transitions requests with optimistic versioning, history, outbox, and audit
{"level":"info","time":"2026-07-28T08:59:43.965Z","service":"api","msg":"request.completed","method":"POST","url":"/v1/guest/conversations","statusCode":200,"requestId":"a88b3412-27a7-4e3a-ba35-9e535adbf18d"}

stdout | src/request-orders.integration.test.ts > request/order lifecycle operations > transitions requests with optimistic versioning, history, outbox, and audit
{"level":"info","time":"2026-07-28T08:59:43.973Z","service":"api","msg":"request.completed","method":"POST","url":"/v1/guest/request-drafts","statusCode":200,"requestId":"9987c1a8-07f3-4fd3-9177-714b567ffdee"}

stdout | src/request-orders.integration.test.ts > request/order lifecycle operations > transitions requests with optimistic versioning, history, outbox, and audit
{"level":"info","time":"2026-07-28T08:59:43.990Z","service":"api","msg":"request.completed","method":"POST","url":"/v1/guest/request-drafts/cd5d0385-fd0f-4235-9839-84e1c9c4fa0e/confirm","statusCode":200,"requestId":"983824e1-de7d-495a-9000-b7f896901c8e"}

stdout | src/request-orders.integration.test.ts > request/order lifecycle operations > transitions requests with optimistic versioning, history, outbox, and audit
{"level":"info","time":"2026-07-28T08:59:43.996Z","service":"api","msg":"request.completed","method":"POST","url":"/v1/staff/requests/948151cc-9aa9-42bd-9502-9dd5233cec46/accept","statusCode":200,"requestId":"8d4df1f8-594e-4fbd-9c58-40ff9fb204ac"}

stdout | src/request-orders.integration.test.ts > request/order lifecycle operations > transitions requests with optimistic versioning, history, outbox, and audit
{"level":"info","time":"2026-07-28T08:59:43.999Z","service":"api","msg":"request.completed","method":"POST","url":"/v1/staff/requests/948151cc-9aa9-42bd-9502-9dd5233cec46/accept","statusCode":200,"requestId":"1193b9de-f504-4756-b078-436cde32067d"}

stdout | src/request-orders.integration.test.ts > request/order lifecycle operations > transitions requests with optimistic versioning, history, outbox, and audit
{"level":"info","time":"2026-07-28T08:59:44.002Z","service":"api","msg":"request.completed","method":"POST","url":"/v1/staff/requests/948151cc-9aa9-42bd-9502-9dd5233cec46/complete","statusCode":409,"requestId":"39456c75-ff7a-44d2-adac-72c5f04d952b"}

stdout | src/request-orders.integration.test.ts > request/order lifecycle operations > transitions requests with optimistic versioning, history, outbox, and audit
{"level":"info","time":"2026-07-28T08:59:44.004Z","service":"api","msg":"request.completed","method":"POST","url":"/v1/staff/requests/948151cc-9aa9-42bd-9502-9dd5233cec46/start","statusCode":409,"requestId":"5fe1fe1a-a06e-4756-adef-bb947577b193"}

stdout | src/request-orders.integration.test.ts > request/order lifecycle operations > transitions requests with optimistic versioning, history, outbox, and audit
{"level":"info","time":"2026-07-28T08:59:44.008Z","service":"api","msg":"request.completed","method":"POST","url":"/v1/staff/requests/948151cc-9aa9-42bd-9502-9dd5233cec46/start","statusCode":200,"requestId":"1e5d0391-a245-4206-9f8c-da63550cc5c2"}

stdout | src/request-orders.integration.test.ts > request/order lifecycle operations > transitions requests with optimistic versioning, history, outbox, and audit
{"level":"info","time":"2026-07-28T08:59:44.011Z","service":"api","msg":"request.completed","method":"POST","url":"/v1/staff/requests/948151cc-9aa9-42bd-9502-9dd5233cec46/complete","statusCode":200,"requestId":"4ae993ce-4483-4978-b301-78d49c93fd92"}

stdout | src/request-orders.integration.test.ts > request/order lifecycle operations > atomically claims requests with race safety, optimistic concurrency, permissions, and audit
{"level":"info","time":"2026-07-28T08:59:44.241Z","service":"api","msg":"request.completed","method":"POST","url":"/v1/auth/login","statusCode":200,"requestId":"80be5e7a-bd85-4d0d-a687-94cc06e22c27"}

stdout | src/request-orders.integration.test.ts > request/order lifecycle operations > atomically claims requests with race safety, optimistic concurrency, permissions, and audit
{"level":"info","time":"2026-07-28T08:59:44.452Z","service":"api","msg":"request.completed","method":"POST","url":"/v1/auth/login","statusCode":200,"requestId":"b90d3527-177d-4dec-aa3b-cfce96a4f1b8"}

stdout | src/request-orders.integration.test.ts > request/order lifecycle operations > atomically claims requests with race safety, optimistic concurrency, permissions, and audit
{"level":"info","time":"2026-07-28T08:59:44.668Z","service":"api","msg":"request.completed","method":"POST","url":"/v1/auth/login","statusCode":200,"requestId":"6435a9e0-8bf9-46dd-9566-25a05fcfc44c"}

stdout | src/request-orders.integration.test.ts > request/order lifecycle operations > atomically claims requests with race safety, optimistic concurrency, permissions, and audit
{"level":"info","time":"2026-07-28T08:59:44.881Z","service":"api","msg":"request.completed","method":"POST","url":"/v1/auth/login","statusCode":200,"requestId":"b1bef0e3-3d30-48f8-beef-96684b80fa4c"}

stdout | src/request-orders.integration.test.ts > request/order lifecycle operations > atomically claims requests with race safety, optimistic concurrency, permissions, and audit
{"level":"info","time":"2026-07-28T08:59:44.885Z","service":"api","msg":"request.completed","method":"GET","url":"/v1/properties?organizationId=d215a186-f84d-4c7c-b75a-3189969999c2","statusCode":200,"requestId":"16ab362d-a4af-470d-83a5-564b95af0a07"}

stdout | src/request-orders.integration.test.ts > request/order lifecycle operations > atomically claims requests with race safety, optimistic concurrency, permissions, and audit
{"level":"info","time":"2026-07-28T08:59:44.887Z","service":"api","msg":"request.completed","method":"GET","url":"/v1/properties/3ab87d2a-0c78-4fac-aa15-515a733cc3ae/locations","statusCode":200,"requestId":"7a792f02-5fee-487c-bca4-ebfa774060d8"}

stdout | src/request-orders.integration.test.ts > request/order lifecycle operations > atomically claims requests with race safety, optimistic concurrency, permissions, and audit
{"level":"info","time":"2026-07-28T08:59:44.891Z","service":"api","msg":"request.completed","method":"POST","url":"/v1/properties/3ab87d2a-0c78-4fac-aa15-515a733cc3ae/qr-codes","statusCode":200,"requestId":"5c5a02a4-bb84-40b4-8dfe-8c7569710d9e"}

stdout | src/request-orders.integration.test.ts > request/order lifecycle operations > atomically claims requests with race safety, optimistic concurrency, permissions, and audit
{"level":"info","time":"2026-07-28T08:59:44.893Z","service":"api","msg":"request.completed","method":"POST","url":"/v1/guest/sessions","statusCode":200,"requestId":"694b723b-25ca-4873-8f00-3de241f61f6b"}

stdout | src/request-orders.integration.test.ts > request/order lifecycle operations > atomically claims requests with race safety, optimistic concurrency, permissions, and audit
{"level":"info","time":"2026-07-28T08:59:44.895Z","service":"api","msg":"request.completed","method":"POST","url":"/v1/guest/conversations","statusCode":200,"requestId":"65f54fe4-3d7e-4c4b-a9c9-3d28fd61afb5"}

stdout | src/request-orders.integration.test.ts > request/order lifecycle operations > atomically claims requests with race safety, optimistic concurrency, permissions, and audit
{"level":"info","time":"2026-07-28T08:59:44.898Z","service":"api","msg":"request.completed","method":"POST","url":"/v1/guest/request-drafts","statusCode":200,"requestId":"687f73b0-2ae4-4306-b6bf-b7075c157856"}

stdout | src/request-orders.integration.test.ts > request/order lifecycle operations > atomically claims requests with race safety, optimistic concurrency, permissions, and audit
{"level":"info","time":"2026-07-28T08:59:44.904Z","service":"api","msg":"request.completed","method":"POST","url":"/v1/guest/request-drafts/db1edfcb-6de1-471f-b148-b6cf77282599/confirm","statusCode":200,"requestId":"fc882b81-60e2-443d-8939-07630db96444"}

stdout | src/request-orders.integration.test.ts > request/order lifecycle operations > atomically claims requests with race safety, optimistic concurrency, permissions, and audit
{"level":"info","time":"2026-07-28T08:59:44.907Z","service":"api","msg":"request.completed","method":"POST","url":"/v1/staff/requests/cf74c0ea-ac1c-4698-ac1a-76c1dcb8e483/claim","statusCode":409,"requestId":"a9e6ec93-6c2d-4c4a-827c-e8af6442a406"}

stdout | src/request-orders.integration.test.ts > request/order lifecycle operations > atomically claims requests with race safety, optimistic concurrency, permissions, and audit
{"level":"info","time":"2026-07-28T08:59:44.909Z","service":"api","msg":"request.completed","method":"POST","url":"/v1/staff/requests/cf74c0ea-ac1c-4698-ac1a-76c1dcb8e483/claim","statusCode":403,"requestId":"0c4ef955-9f93-41ea-a328-6902775b77c4"}

stdout | src/request-orders.integration.test.ts > request/order lifecycle operations > atomically claims requests with race safety, optimistic concurrency, permissions, and audit
{"level":"info","time":"2026-07-28T08:59:44.912Z","service":"api","msg":"request.completed","method":"POST","url":"/v1/staff/requests/cf74c0ea-ac1c-4698-ac1a-76c1dcb8e483/claim","statusCode":200,"requestId":"ed410614-a936-4b61-ad84-08f5416e7d7e"}

stdout | src/request-orders.integration.test.ts > request/order lifecycle operations > atomically claims requests with race safety, optimistic concurrency, permissions, and audit
{"level":"info","time":"2026-07-28T08:59:44.920Z","service":"api","msg":"request.completed","method":"POST","url":"/v1/staff/requests/cf74c0ea-ac1c-4698-ac1a-76c1dcb8e483/claim","statusCode":409,"requestId":"05c9a734-e0a7-4c7b-b108-58788fb6f46d"}

stdout | src/request-orders.integration.test.ts > request/order lifecycle operations > atomically claims requests with race safety, optimistic concurrency, permissions, and audit
{"level":"info","time":"2026-07-28T08:59:44.926Z","service":"api","msg":"request.completed","method":"POST","url":"/v1/staff/requests/cf74c0ea-ac1c-4698-ac1a-76c1dcb8e483/claim","statusCode":200,"requestId":"930d607a-9038-4512-b8a9-6f01eddc6407"}

stdout | src/request-orders.integration.test.ts > request/order lifecycle operations > atomically claims requests with race safety, optimistic concurrency, permissions, and audit
{"level":"info","time":"2026-07-28T08:59:44.931Z","service":"api","msg":"request.completed","method":"POST","url":"/v1/staff/requests/cf74c0ea-ac1c-4698-ac1a-76c1dcb8e483/accept","statusCode":409,"requestId":"248225ee-7264-4d1d-82bf-fd4bebde38f7"}

stdout | src/request-orders.integration.test.ts > request/order lifecycle operations > keeps order item and price snapshots immutable after confirmation
{"level":"info","time":"2026-07-28T08:59:45.144Z","service":"api","msg":"request.completed","method":"POST","url":"/v1/auth/login","statusCode":200,"requestId":"6156d86c-86b5-4ea5-ad31-5b541c42c842"}

stdout | src/request-orders.integration.test.ts > request/order lifecycle operations > keeps order item and price snapshots immutable after confirmation
{"level":"info","time":"2026-07-28T08:59:45.358Z","service":"api","msg":"request.completed","method":"POST","url":"/v1/auth/login","statusCode":200,"requestId":"7375bce6-89a5-477e-9fd1-54c56e6b07ac"}

stdout | src/request-orders.integration.test.ts > request/order lifecycle operations > keeps order item and price snapshots immutable after confirmation
{"level":"info","time":"2026-07-28T08:59:45.360Z","service":"api","msg":"request.completed","method":"GET","url":"/v1/properties?organizationId=d215a186-f84d-4c7c-b75a-3189969999c2","statusCode":200,"requestId":"45e35c35-aa2f-45e0-9a30-8d7a8b309f71"}

stdout | src/request-orders.integration.test.ts > request/order lifecycle operations > keeps order item and price snapshots immutable after confirmation
{"level":"info","time":"2026-07-28T08:59:45.362Z","service":"api","msg":"request.completed","method":"GET","url":"/v1/properties/3ab87d2a-0c78-4fac-aa15-515a733cc3ae/locations","statusCode":200,"requestId":"2f27e32e-6fc4-40a6-ae9a-92d57af7fa55"}

stdout | src/request-orders.integration.test.ts > request/order lifecycle operations > keeps order item and price snapshots immutable after confirmation
{"level":"info","time":"2026-07-28T08:59:45.367Z","service":"api","msg":"request.completed","method":"POST","url":"/v1/properties/3ab87d2a-0c78-4fac-aa15-515a733cc3ae/qr-codes","statusCode":200,"requestId":"c5e373b0-8a7b-492a-b57c-3a35a8d3cf0f"}

stdout | src/request-orders.integration.test.ts > request/order lifecycle operations > keeps order item and price snapshots immutable after confirmation
{"level":"info","time":"2026-07-28T08:59:45.370Z","service":"api","msg":"request.completed","method":"POST","url":"/v1/guest/sessions","statusCode":200,"requestId":"6ad09c9c-c3f7-4289-9038-cbd5b80dc610"}

stdout | src/request-orders.integration.test.ts > request/order lifecycle operations > keeps order item and price snapshots immutable after confirmation
{"level":"info","time":"2026-07-28T08:59:45.372Z","service":"api","msg":"request.completed","method":"POST","url":"/v1/guest/conversations","statusCode":200,"requestId":"694c7c25-0218-4930-8054-7c13a8ed74d2"}

stdout | src/request-orders.integration.test.ts > request/order lifecycle operations > keeps order item and price snapshots immutable after confirmation
{"level":"info","time":"2026-07-28T08:59:45.377Z","service":"api","msg":"request.completed","method":"POST","url":"/v1/guest/order-drafts","statusCode":200,"requestId":"b527078a-8411-4f64-8cb4-ede25f9761f5"}

stdout | src/request-orders.integration.test.ts > request/order lifecycle operations > keeps order item and price snapshots immutable after confirmation
{"level":"info","time":"2026-07-28T08:59:45.393Z","service":"api","msg":"request.completed","method":"POST","url":"/v1/guest/order-drafts/bec541e6-e8c4-474f-893a-8f6cd83153a1/confirm","statusCode":200,"requestId":"eab906bb-8162-47b3-8159-02156a4ec3b8"}

stdout | src/request-orders.integration.test.ts > request/order lifecycle operations > keeps order item and price snapshots immutable after confirmation
{"level":"info","time":"2026-07-28T08:59:45.400Z","service":"api","msg":"request.completed","method":"POST","url":"/v1/staff/orders/395a874f-2394-43ef-86b9-8db06aec866f/confirm","statusCode":200,"requestId":"b9d4035a-fc02-4329-b88b-5cd022f50137"}

stdout | src/request-orders.integration.test.ts > request/order lifecycle operations > keeps order item and price snapshots immutable after confirmation
{"level":"info","time":"2026-07-28T08:59:45.402Z","service":"api","msg":"request.completed","method":"POST","url":"/v1/staff/orders/395a874f-2394-43ef-86b9-8db06aec866f/ready","statusCode":409,"requestId":"32f48ec8-8ca2-4b87-98fa-b2082774a04d"}

stdout | src/request-orders.integration.test.ts > request/order lifecycle operations > claims orders once and denies cross-property staff
{"level":"info","time":"2026-07-28T08:59:45.611Z","service":"api","msg":"request.completed","method":"POST","url":"/v1/auth/login","statusCode":200,"requestId":"eb771b28-b50b-4e00-b36a-ed6afb73ae4f"}

stdout | src/request-orders.integration.test.ts > request/order lifecycle operations > claims orders once and denies cross-property staff
{"level":"info","time":"2026-07-28T08:59:45.821Z","service":"api","msg":"request.completed","method":"POST","url":"/v1/auth/login","statusCode":200,"requestId":"f6dc8044-e5b5-46a6-aedc-57f42f3a8474"}

stdout | src/request-orders.integration.test.ts > request/order lifecycle operations > claims orders once and denies cross-property staff
{"level":"info","time":"2026-07-28T08:59:46.029Z","service":"api","msg":"request.completed","method":"POST","url":"/v1/auth/login","statusCode":200,"requestId":"9e76fd15-a041-429b-97ad-523b4c776c51"}

stdout | src/request-orders.integration.test.ts > request/order lifecycle operations > claims orders once and denies cross-property staff
{"level":"info","time":"2026-07-28T08:59:46.031Z","service":"api","msg":"request.completed","method":"GET","url":"/v1/properties?organizationId=d215a186-f84d-4c7c-b75a-3189969999c2","statusCode":200,"requestId":"a09018b6-6624-47b1-9972-0c7b0e407d69"}

stdout | src/request-orders.integration.test.ts > request/order lifecycle operations > claims orders once and denies cross-property staff
{"level":"info","time":"2026-07-28T08:59:46.033Z","service":"api","msg":"request.completed","method":"GET","url":"/v1/properties/3ab87d2a-0c78-4fac-aa15-515a733cc3ae/locations","statusCode":200,"requestId":"5ea50e36-a428-42e1-aaa2-5858df524dfa"}

stdout | src/request-orders.integration.test.ts > request/order lifecycle operations > claims orders once and denies cross-property staff
{"level":"info","time":"2026-07-28T08:59:46.037Z","service":"api","msg":"request.completed","method":"POST","url":"/v1/properties/3ab87d2a-0c78-4fac-aa15-515a733cc3ae/qr-codes","statusCode":200,"requestId":"ee79e10b-87a6-4a8f-9d7b-4f51c3aa37c5"}

stdout | src/request-orders.integration.test.ts > request/order lifecycle operations > claims orders once and denies cross-property staff
{"level":"info","time":"2026-07-28T08:59:46.039Z","service":"api","msg":"request.completed","method":"POST","url":"/v1/guest/sessions","statusCode":200,"requestId":"1e06a797-fa07-415e-9d43-3c194781ca41"}

stdout | src/request-orders.integration.test.ts > request/order lifecycle operations > claims orders once and denies cross-property staff
{"level":"info","time":"2026-07-28T08:59:46.041Z","service":"api","msg":"request.completed","method":"POST","url":"/v1/guest/conversations","statusCode":200,"requestId":"64d17a66-4bb1-482b-8b93-f1d47c7b2a25"}

stdout | src/request-orders.integration.test.ts > request/order lifecycle operations > claims orders once and denies cross-property staff
{"level":"info","time":"2026-07-28T08:59:46.044Z","service":"api","msg":"request.completed","method":"POST","url":"/v1/guest/order-drafts","statusCode":200,"requestId":"65a3d19c-9c47-43dc-a429-00fb3dac9dad"}

stdout | src/request-orders.integration.test.ts > request/order lifecycle operations > claims orders once and denies cross-property staff
{"level":"info","time":"2026-07-28T08:59:46.051Z","service":"api","msg":"request.completed","method":"POST","url":"/v1/guest/order-drafts/e1c8ee04-a2ba-4db5-a83a-b84fe67ccbb2/confirm","statusCode":200,"requestId":"2bfd4671-2f15-4717-8525-f5a0adf26a4a"}

stdout | src/request-orders.integration.test.ts > request/order lifecycle operations > claims orders once and denies cross-property staff
{"level":"info","time":"2026-07-28T08:59:46.054Z","service":"api","msg":"request.completed","method":"POST","url":"/v1/staff/orders/deaf9d45-9e49-49f3-88b7-ef03594b255c/claim","statusCode":200,"requestId":"985086ba-e7f6-4a8d-9508-423b8345ccc2"}

stdout | src/request-orders.integration.test.ts > request/order lifecycle operations > claims orders once and denies cross-property staff
{"level":"info","time":"2026-07-28T08:59:46.056Z","service":"api","msg":"request.completed","method":"POST","url":"/v1/staff/orders/deaf9d45-9e49-49f3-88b7-ef03594b255c/claim","statusCode":200,"requestId":"77e50058-a888-473c-843a-5e608cc9a343"}

stdout | src/request-orders.integration.test.ts > request/order lifecycle operations > claims orders once and denies cross-property staff
{"level":"info","time":"2026-07-28T08:59:46.058Z","service":"api","msg":"request.completed","method":"POST","url":"/v1/staff/orders/deaf9d45-9e49-49f3-88b7-ef03594b255c/claim","statusCode":403,"requestId":"3f2ce20a-95f8-4fe9-a9c4-976b6f5ac34a"}

stdout | src/request-orders.integration.test.ts > request/order lifecycle operations > denies staff transitions outside assigned tenant property
{"level":"info","time":"2026-07-28T08:59:46.308Z","service":"api","msg":"request.completed","method":"POST","url":"/v1/auth/login","statusCode":200,"requestId":"0e60d819-9e27-43b7-a62a-70e8c871e455"}

stdout | src/request-orders.integration.test.ts > request/order lifecycle operations > denies staff transitions outside assigned tenant property
{"level":"info","time":"2026-07-28T08:59:46.517Z","service":"api","msg":"request.completed","method":"POST","url":"/v1/auth/login","statusCode":200,"requestId":"2ffa45d5-c75f-442a-b7dd-ed43e12482fb"}

stdout | src/request-orders.integration.test.ts > request/order lifecycle operations > denies staff transitions outside assigned tenant property
{"level":"info","time":"2026-07-28T08:59:46.519Z","service":"api","msg":"request.completed","method":"GET","url":"/v1/properties?organizationId=d215a186-f84d-4c7c-b75a-3189969999c2","statusCode":200,"requestId":"327aeae6-580c-4904-9d19-2d84352b0bb3"}

stdout | src/request-orders.integration.test.ts > request/order lifecycle operations > denies staff transitions outside assigned tenant property
{"level":"info","time":"2026-07-28T08:59:46.521Z","service":"api","msg":"request.completed","method":"GET","url":"/v1/properties/3ab87d2a-0c78-4fac-aa15-515a733cc3ae/locations","statusCode":200,"requestId":"430ccae6-f847-4b3e-8a28-cb8381c52f10"}

stdout | src/request-orders.integration.test.ts > request/order lifecycle operations > denies staff transitions outside assigned tenant property
{"level":"info","time":"2026-07-28T08:59:46.526Z","service":"api","msg":"request.completed","method":"POST","url":"/v1/properties/3ab87d2a-0c78-4fac-aa15-515a733cc3ae/qr-codes","statusCode":200,"requestId":"4e754b6e-55fd-48ef-87a6-12ea03b24e14"}

stdout | src/request-orders.integration.test.ts > request/order lifecycle operations > denies staff transitions outside assigned tenant property
{"level":"info","time":"2026-07-28T08:59:46.528Z","service":"api","msg":"request.completed","method":"POST","url":"/v1/guest/sessions","statusCode":200,"requestId":"2c4c0828-6d77-47c5-9126-7ae33510c16f"}

stdout | src/request-orders.integration.test.ts > request/order lifecycle operations > denies staff transitions outside assigned tenant property
{"level":"info","time":"2026-07-28T08:59:46.530Z","service":"api","msg":"request.completed","method":"POST","url":"/v1/guest/conversations","statusCode":200,"requestId":"404935a9-8e9c-4182-a898-438f7b7ec8ee"}

stdout | src/request-orders.integration.test.ts > request/order lifecycle operations > denies staff transitions outside assigned tenant property
{"level":"info","time":"2026-07-28T08:59:46.533Z","service":"api","msg":"request.completed","method":"POST","url":"/v1/guest/request-drafts","statusCode":200,"requestId":"8e3cc67c-0eb2-49b1-ae79-47a8719a3375"}

stdout | src/request-orders.integration.test.ts > request/order lifecycle operations > denies staff transitions outside assigned tenant property
{"level":"info","time":"2026-07-28T08:59:46.540Z","service":"api","msg":"request.completed","method":"POST","url":"/v1/guest/request-drafts/c3ff17ed-c5f6-4fe4-a13d-0c7f20207e41/confirm","statusCode":200,"requestId":"44663b72-69f1-47e8-886d-ed3accc82356"}

stdout | src/request-orders.integration.test.ts > request/order lifecycle operations > denies staff transitions outside assigned tenant property
{"level":"info","time":"2026-07-28T08:59:46.541Z","service":"api","msg":"request.completed","method":"POST","url":"/v1/staff/requests/14e5a62a-d4a6-4852-a822-75163f40ff61/accept","statusCode":403,"requestId":"706f2857-8401-4b47-812b-1569857b5ea0"}

stdout | src/request-orders.integration.test.ts > request/order lifecycle operations > lets guests list, inspect, and idempotently cancel their own submitted work
{"level":"info","time":"2026-07-28T08:59:46.752Z","service":"api","msg":"request.completed","method":"POST","url":"/v1/auth/login","statusCode":200,"requestId":"c5f144fc-b761-4fb3-9e7e-ea374ab3bc90"}

stdout | src/request-orders.integration.test.ts > request/order lifecycle operations > lets guests list, inspect, and idempotently cancel their own submitted work
{"level":"info","time":"2026-07-28T08:59:46.754Z","service":"api","msg":"request.completed","method":"GET","url":"/v1/properties?organizationId=d215a186-f84d-4c7c-b75a-3189969999c2","statusCode":200,"requestId":"be0efda2-8880-4480-a80f-4b9443ddf0c3"}

stdout | src/request-orders.integration.test.ts > request/order lifecycle operations > lets guests list, inspect, and idempotently cancel their own submitted work
{"level":"info","time":"2026-07-28T08:59:46.756Z","service":"api","msg":"request.completed","method":"GET","url":"/v1/properties/3ab87d2a-0c78-4fac-aa15-515a733cc3ae/locations","statusCode":200,"requestId":"19c755e9-b0f1-4e16-acb2-5a3c45f8dba9"}

stdout | src/request-orders.integration.test.ts > request/order lifecycle operations > lets guests list, inspect, and idempotently cancel their own submitted work
{"level":"info","time":"2026-07-28T08:59:46.760Z","service":"api","msg":"request.completed","method":"POST","url":"/v1/properties/3ab87d2a-0c78-4fac-aa15-515a733cc3ae/qr-codes","statusCode":200,"requestId":"70b9cf51-532e-4cc1-8b2c-1dc9bff026ee"}

stdout | src/request-orders.integration.test.ts > request/order lifecycle operations > lets guests list, inspect, and idempotently cancel their own submitted work
{"level":"info","time":"2026-07-28T08:59:46.762Z","service":"api","msg":"request.completed","method":"POST","url":"/v1/guest/sessions","statusCode":200,"requestId":"ec126917-cf27-433d-82ea-77a76003bc05"}

stdout | src/request-orders.integration.test.ts > request/order lifecycle operations > lets guests list, inspect, and idempotently cancel their own submitted work
{"level":"info","time":"2026-07-28T08:59:46.765Z","service":"api","msg":"request.completed","method":"POST","url":"/v1/guest/conversations","statusCode":200,"requestId":"e61fa06a-4331-4c47-a8cf-3f6ea9c61ac2"}

stdout | src/request-orders.integration.test.ts > request/order lifecycle operations > lets guests list, inspect, and idempotently cancel their own submitted work
{"level":"info","time":"2026-07-28T08:59:46.768Z","service":"api","msg":"request.completed","method":"POST","url":"/v1/guest/request-drafts","statusCode":200,"requestId":"ed443198-30f0-409d-946f-879c17086529"}

stdout | src/request-orders.integration.test.ts > request/order lifecycle operations > lets guests list, inspect, and idempotently cancel their own submitted work
{"level":"info","time":"2026-07-28T08:59:46.772Z","service":"api","msg":"request.completed","method":"POST","url":"/v1/guest/request-drafts/c8baf57a-df97-4e46-8049-7ef69f4ffc5c/confirm","statusCode":200,"requestId":"ea74f75c-f600-48d1-b045-2beb934c5ec1"}

stdout | src/request-orders.integration.test.ts > request/order lifecycle operations > lets guests list, inspect, and idempotently cancel their own submitted work
{"level":"info","time":"2026-07-28T08:59:46.774Z","service":"api","msg":"request.completed","method":"POST","url":"/v1/guest/conversations","statusCode":200,"requestId":"d966b0c5-0e57-499e-844e-bb90975ffcd5"}

stdout | src/request-orders.integration.test.ts > request/order lifecycle operations > lets guests list, inspect, and idempotently cancel their own submitted work
{"level":"info","time":"2026-07-28T08:59:46.776Z","service":"api","msg":"request.completed","method":"POST","url":"/v1/guest/order-drafts","statusCode":200,"requestId":"d50b9a93-7e19-4ec1-a9db-a654f2c1a396"}

stdout | src/request-orders.integration.test.ts > request/order lifecycle operations > lets guests list, inspect, and idempotently cancel their own submitted work
{"level":"info","time":"2026-07-28T08:59:46.781Z","service":"api","msg":"request.completed","method":"POST","url":"/v1/guest/order-drafts/99f6e51d-edc9-47e1-9e58-5ed007884b3f/confirm","statusCode":200,"requestId":"a02bab5b-6d9c-45fd-8e4c-eb7feb1399b7"}

stdout | src/request-orders.integration.test.ts > request/order lifecycle operations > lets guests list, inspect, and idempotently cancel their own submitted work
{"level":"info","time":"2026-07-28T08:59:46.783Z","service":"api","msg":"request.completed","method":"GET","url":"/v1/guest/requests","statusCode":200,"requestId":"8255cd8e-2fec-43ca-a493-4a232ad096c3"}

stdout | src/request-orders.integration.test.ts > request/order lifecycle operations > lets guests list, inspect, and idempotently cancel their own submitted work
{"level":"info","time":"2026-07-28T08:59:46.785Z","service":"api","msg":"request.completed","method":"GET","url":"/v1/guest/orders","statusCode":200,"requestId":"123e47ab-1a81-4ae0-948e-a6ce190f5989"}

stdout | src/request-orders.integration.test.ts > request/order lifecycle operations > lets guests list, inspect, and idempotently cancel their own submitted work
{"level":"info","time":"2026-07-28T08:59:46.787Z","service":"api","msg":"request.completed","method":"POST","url":"/v1/guest/sessions","statusCode":200,"requestId":"b4462114-80c4-4a31-8d50-e109b8b81725"}

stdout | src/request-orders.integration.test.ts > request/order lifecycle operations > lets guests list, inspect, and idempotently cancel their own submitted work
{"level":"info","time":"2026-07-28T08:59:46.789Z","service":"api","msg":"request.completed","method":"GET","url":"/v1/guest/requests","statusCode":200,"requestId":"2d6f4193-d131-44fd-ba1a-728104782a9c"}

stdout | src/request-orders.integration.test.ts > request/order lifecycle operations > lets guests list, inspect, and idempotently cancel their own submitted work
{"level":"info","time":"2026-07-28T08:59:46.791Z","service":"api","msg":"request.completed","method":"GET","url":"/v1/guest/requests/09e77758-c2b8-4032-a66d-a318a238dd7a","statusCode":200,"requestId":"0150150f-8626-4a94-a568-65f43c885073"}

stdout | src/request-orders.integration.test.ts > request/order lifecycle operations > lets guests list, inspect, and idempotently cancel their own submitted work
{"level":"info","time":"2026-07-28T08:59:47.000Z","service":"api","msg":"request.completed","method":"POST","url":"/v1/auth/login","statusCode":200,"requestId":"e10cbfb9-9607-4888-85e6-c952ac37c0ee"}

stdout | src/request-orders.integration.test.ts > request/order lifecycle operations > lets guests list, inspect, and idempotently cancel their own submitted work
{"level":"info","time":"2026-07-28T08:59:47.001Z","service":"api","msg":"request.completed","method":"GET","url":"/v1/properties?organizationId=d215a186-f84d-4c7c-b75a-3189969999c2","statusCode":200,"requestId":"fe2308c2-01bc-401e-b488-d5a2c9cdd28d"}

stdout | src/request-orders.integration.test.ts > request/order lifecycle operations > lets guests list, inspect, and idempotently cancel their own submitted work
{"level":"info","time":"2026-07-28T08:59:47.004Z","service":"api","msg":"request.completed","method":"GET","url":"/v1/properties/3ab87d2a-0c78-4fac-aa15-515a733cc3ae/locations","statusCode":200,"requestId":"e419e7d8-cedb-48e4-a2dd-211870c7fcb0"}

stdout | src/request-orders.integration.test.ts > request/order lifecycle operations > lets guests list, inspect, and idempotently cancel their own submitted work
{"level":"info","time":"2026-07-28T08:59:47.008Z","service":"api","msg":"request.completed","method":"POST","url":"/v1/properties/3ab87d2a-0c78-4fac-aa15-515a733cc3ae/qr-codes","statusCode":200,"requestId":"090a517b-1ac1-4817-8a0f-f76ca4493934"}

stdout | src/request-orders.integration.test.ts > request/order lifecycle operations > lets guests list, inspect, and idempotently cancel their own submitted work
{"level":"info","time":"2026-07-28T08:59:47.010Z","service":"api","msg":"request.completed","method":"POST","url":"/v1/guest/sessions","statusCode":200,"requestId":"9d514c01-9699-4231-aaa5-ebb927b362d9"}

stdout | src/request-orders.integration.test.ts > request/order lifecycle operations > lets guests list, inspect, and idempotently cancel their own submitted work
{"level":"info","time":"2026-07-28T08:59:47.011Z","service":"api","msg":"request.completed","method":"GET","url":"/v1/guest/orders/924cc5bf-6ef7-4a3b-b2c1-56c81ba81fef","statusCode":404,"requestId":"9ae6361f-3c7f-4dfe-ad04-8757ec9dcc54"}

stdout | src/request-orders.integration.test.ts > request/order lifecycle operations > lets guests list, inspect, and idempotently cancel their own submitted work
{"level":"info","time":"2026-07-28T08:59:47.015Z","service":"api","msg":"request.completed","method":"POST","url":"/v1/guest/requests/09e77758-c2b8-4032-a66d-a318a238dd7a/cancel","statusCode":200,"requestId":"583778c1-16ac-4ef1-9055-ad8c0d6f684e"}

stdout | src/request-orders.integration.test.ts > request/order lifecycle operations > lets guests list, inspect, and idempotently cancel their own submitted work
{"level":"info","time":"2026-07-28T08:59:47.017Z","service":"api","msg":"request.completed","method":"POST","url":"/v1/guest/requests/09e77758-c2b8-4032-a66d-a318a238dd7a/cancel","statusCode":200,"requestId":"303f8c35-9bb2-466c-ab27-c969b69055b6"}

stdout | src/request-orders.integration.test.ts > request/order lifecycle operations > lets guests cancel submitted orders without creating duplicate transitions
{"level":"info","time":"2026-07-28T08:59:47.228Z","service":"api","msg":"request.completed","method":"POST","url":"/v1/auth/login","statusCode":200,"requestId":"d3d6ca31-19f9-4c5b-9ad2-2a402f46a4b9"}

stdout | src/request-orders.integration.test.ts > request/order lifecycle operations > lets guests cancel submitted orders without creating duplicate transitions
{"level":"info","time":"2026-07-28T08:59:47.230Z","service":"api","msg":"request.completed","method":"GET","url":"/v1/properties?organizationId=d215a186-f84d-4c7c-b75a-3189969999c2","statusCode":200,"requestId":"d29d1638-59ed-4676-8c17-3b24a1a4d304"}

stdout | src/request-orders.integration.test.ts > request/order lifecycle operations > lets guests cancel submitted orders without creating duplicate transitions
{"level":"info","time":"2026-07-28T08:59:47.231Z","service":"api","msg":"request.completed","method":"GET","url":"/v1/properties/3ab87d2a-0c78-4fac-aa15-515a733cc3ae/locations","statusCode":200,"requestId":"984a169b-0bc0-47d7-b00b-b58ab652eff7"}

stdout | src/request-orders.integration.test.ts > request/order lifecycle operations > lets guests cancel submitted orders without creating duplicate transitions
{"level":"info","time":"2026-07-28T08:59:47.235Z","service":"api","msg":"request.completed","method":"POST","url":"/v1/properties/3ab87d2a-0c78-4fac-aa15-515a733cc3ae/qr-codes","statusCode":200,"requestId":"11a9b835-8ade-434a-9107-504ea67e5b4f"}

stdout | src/request-orders.integration.test.ts > request/order lifecycle operations > lets guests cancel submitted orders without creating duplicate transitions
{"level":"info","time":"2026-07-28T08:59:47.237Z","service":"api","msg":"request.completed","method":"POST","url":"/v1/guest/sessions","statusCode":200,"requestId":"a0bc2845-59f6-4397-bd8f-3fdd3cf44446"}

stdout | src/request-orders.integration.test.ts > request/order lifecycle operations > lets guests cancel submitted orders without creating duplicate transitions
{"level":"info","time":"2026-07-28T08:59:47.238Z","service":"api","msg":"request.completed","method":"POST","url":"/v1/guest/conversations","statusCode":200,"requestId":"570bf77b-e814-4605-b0f9-50269a53e27b"}

stdout | src/request-orders.integration.test.ts > request/order lifecycle operations > lets guests cancel submitted orders without creating duplicate transitions
{"level":"info","time":"2026-07-28T08:59:47.240Z","service":"api","msg":"request.completed","method":"POST","url":"/v1/guest/order-drafts","statusCode":200,"requestId":"6836de46-bec4-4567-9672-f9856c7dbfc5"}

stdout | src/request-orders.integration.test.ts > request/order lifecycle operations > lets guests cancel submitted orders without creating duplicate transitions
{"level":"info","time":"2026-07-28T08:59:47.245Z","service":"api","msg":"request.completed","method":"POST","url":"/v1/guest/order-drafts/1477e5c0-d261-45bb-83d3-b19096d486ef/confirm","statusCode":200,"requestId":"0554ffb2-c3b2-49a4-a27a-c480988bee87"}

stdout | src/request-orders.integration.test.ts > request/order lifecycle operations > lets guests cancel submitted orders without creating duplicate transitions
{"level":"info","time":"2026-07-28T08:59:47.247Z","service":"api","msg":"request.completed","method":"POST","url":"/v1/guest/orders/3b5245fe-3824-40d6-be50-17222b69c1df/cancel","statusCode":200,"requestId":"95942be3-f8cc-4542-96df-6bd550f26992"}

stdout | src/request-orders.integration.test.ts > request/order lifecycle operations > lets guests cancel submitted orders without creating duplicate transitions
{"level":"info","time":"2026-07-28T08:59:47.249Z","service":"api","msg":"request.completed","method":"POST","url":"/v1/guest/orders/3b5245fe-3824-40d6-be50-17222b69c1df/cancel","statusCode":200,"requestId":"6f970e2e-4396-49bc-b849-42f49569b5da"}

stdout | src/request-orders.integration.test.ts > request/order lifecycle operations > lists staff inbox items with details only for assigned properties
{"level":"info","time":"2026-07-28T08:59:47.459Z","service":"api","msg":"request.completed","method":"POST","url":"/v1/auth/login","statusCode":200,"requestId":"9048ffb3-1a69-4ab2-8329-9c4151eba5c2"}

stdout | src/request-orders.integration.test.ts > request/order lifecycle operations > lists staff inbox items with details only for assigned properties
{"level":"info","time":"2026-07-28T08:59:47.670Z","service":"api","msg":"request.completed","method":"POST","url":"/v1/auth/login","statusCode":200,"requestId":"b3c04f6f-ec15-488c-a999-e115685f3721"}

stdout | src/request-orders.integration.test.ts > request/order lifecycle operations > lists staff inbox items with details only for assigned properties
{"level":"info","time":"2026-07-28T08:59:47.884Z","service":"api","msg":"request.completed","method":"POST","url":"/v1/auth/login","statusCode":200,"requestId":"c6e4ad0c-c989-46dc-b8e1-cabbf031ff75"}

stdout | src/request-orders.integration.test.ts > request/order lifecycle operations > lists staff inbox items with details only for assigned properties
{"level":"info","time":"2026-07-28T08:59:47.886Z","service":"api","msg":"request.completed","method":"GET","url":"/v1/properties?organizationId=d215a186-f84d-4c7c-b75a-3189969999c2","statusCode":200,"requestId":"9d1e5114-2021-4125-93f1-dbf01690fcbf"}

stdout | src/request-orders.integration.test.ts > request/order lifecycle operations > lists staff inbox items with details only for assigned properties
{"level":"info","time":"2026-07-28T08:59:47.888Z","service":"api","msg":"request.completed","method":"GET","url":"/v1/properties/3ab87d2a-0c78-4fac-aa15-515a733cc3ae/locations","statusCode":200,"requestId":"068e868c-fc4b-47ad-994d-7f8ea89b8bcc"}

stdout | src/request-orders.integration.test.ts > request/order lifecycle operations > lists staff inbox items with details only for assigned properties
{"level":"info","time":"2026-07-28T08:59:47.891Z","service":"api","msg":"request.completed","method":"POST","url":"/v1/properties/3ab87d2a-0c78-4fac-aa15-515a733cc3ae/qr-codes","statusCode":200,"requestId":"2d368d13-4903-4cfd-b51a-8f5b99e2487a"}

stdout | src/request-orders.integration.test.ts > request/order lifecycle operations > lists staff inbox items with details only for assigned properties
{"level":"info","time":"2026-07-28T08:59:47.893Z","service":"api","msg":"request.completed","method":"POST","url":"/v1/guest/sessions","statusCode":200,"requestId":"92f06091-1c87-4f81-81d0-ca788fd82ebd"}

stdout | src/request-orders.integration.test.ts > request/order lifecycle operations > lists staff inbox items with details only for assigned properties
{"level":"info","time":"2026-07-28T08:59:47.895Z","service":"api","msg":"request.completed","method":"POST","url":"/v1/guest/conversations","statusCode":200,"requestId":"8ccdefe0-45d7-4829-8934-1eba72aa0f80"}

stdout | src/request-orders.integration.test.ts > request/order lifecycle operations > lists staff inbox items with details only for assigned properties
{"level":"info","time":"2026-07-28T08:59:47.915Z","service":"api","msg":"request.completed","method":"POST","url":"/v1/guest/request-drafts","statusCode":200,"requestId":"1e59bf34-79ab-4c17-8114-40920a49a309"}

stdout | src/request-orders.integration.test.ts > request/order lifecycle operations > lists staff inbox items with details only for assigned properties
{"level":"info","time":"2026-07-28T08:59:47.919Z","service":"api","msg":"request.completed","method":"POST","url":"/v1/guest/request-drafts/5c6cc870-b81f-4072-a94f-e29e03a38d09/confirm","statusCode":200,"requestId":"e390eb4c-038b-44e8-bc01-b9ecb57b0bf9"}

stdout | src/request-orders.integration.test.ts > request/order lifecycle operations > lists staff inbox items with details only for assigned properties
{"level":"info","time":"2026-07-28T08:59:47.921Z","service":"api","msg":"request.completed","method":"POST","url":"/v1/guest/conversations","statusCode":200,"requestId":"81052a12-4dfd-4d5b-ac71-f707c0b721fa"}

stdout | src/request-orders.integration.test.ts > request/order lifecycle operations > lists staff inbox items with details only for assigned properties
{"level":"info","time":"2026-07-28T08:59:47.922Z","service":"api","msg":"request.completed","method":"POST","url":"/v1/guest/order-drafts","statusCode":200,"requestId":"a69d5434-e924-4b20-8fc5-ab1eb7c2e867"}

stdout | src/request-orders.integration.test.ts > request/order lifecycle operations > lists staff inbox items with details only for assigned properties
{"level":"info","time":"2026-07-28T08:59:47.926Z","service":"api","msg":"request.completed","method":"POST","url":"/v1/guest/order-drafts/2d9f636d-63ff-4183-ae82-af61f4fba718/confirm","statusCode":200,"requestId":"02b7ec4a-89a9-4d52-b75f-a8769a997984"}

stdout | src/request-orders.integration.test.ts > request/order lifecycle operations > lists staff inbox items with details only for assigned properties
{"level":"info","time":"2026-07-28T08:59:47.933Z","service":"api","msg":"request.completed","method":"GET","url":"/v1/staff/work-items?propertyId=3ab87d2a-0c78-4fac-aa15-515a733cc3ae&queue=inbox","statusCode":200,"requestId":"0be87b36-fece-4f5b-af9c-e48a064530b2"}

stdout | src/request-orders.integration.test.ts > request/order lifecycle operations > lists staff inbox items with details only for assigned properties
{"level":"info","time":"2026-07-28T08:59:47.938Z","service":"api","msg":"request.completed","method":"GET","url":"/v1/staff/requests/990cc6ce-4965-4277-b865-6e62d9fb5027","statusCode":200,"requestId":"8c9e6da3-70b2-4a20-83a4-e314c2eae9a2"}

stdout | src/request-orders.integration.test.ts > request/order lifecycle operations > lists staff inbox items with details only for assigned properties
{"level":"info","time":"2026-07-28T08:59:47.940Z","service":"api","msg":"request.completed","method":"GET","url":"/v1/staff/orders/8bf30313-760a-498d-989c-f1573cc21246","statusCode":200,"requestId":"441e8c9c-95f0-4eb7-8303-45ac397bb068"}

stdout | src/request-orders.integration.test.ts > request/order lifecycle operations > lists staff inbox items with details only for assigned properties
{"level":"info","time":"2026-07-28T08:59:47.942Z","service":"api","msg":"request.completed","method":"GET","url":"/v1/staff/work-items?propertyId=3ab87d2a-0c78-4fac-aa15-515a733cc3ae&queue=inbox","statusCode":403,"requestId":"9ef61851-9c32-4e36-a577-9f9b957c55e6"}

stdout | src/request-orders.integration.test.ts > request/order lifecycle operations > lists admin operation queues with filters, cursor pagination, detail deep links, and permissions
{"level":"info","time":"2026-07-28T08:59:48.160Z","service":"api","msg":"request.completed","method":"POST","url":"/v1/auth/login","statusCode":200,"requestId":"f2bb6693-a0af-40df-8977-b81bcedfdc9a"}

stdout | src/request-orders.integration.test.ts > request/order lifecycle operations > lists admin operation queues with filters, cursor pagination, detail deep links, and permissions
{"level":"info","time":"2026-07-28T08:59:48.395Z","service":"api","msg":"request.completed","method":"POST","url":"/v1/auth/login","statusCode":200,"requestId":"0f30b14d-e441-4c26-99dc-3619158a88ca"}

stdout | src/request-orders.integration.test.ts > request/order lifecycle operations > lists admin operation queues with filters, cursor pagination, detail deep links, and permissions
{"level":"info","time":"2026-07-28T08:59:48.630Z","service":"api","msg":"request.completed","method":"POST","url":"/v1/auth/login","statusCode":200,"requestId":"c5be9f7a-7468-4916-96d2-61c0845a4340"}

stdout | src/request-orders.integration.test.ts > request/order lifecycle operations > lists admin operation queues with filters, cursor pagination, detail deep links, and permissions
{"level":"info","time":"2026-07-28T08:59:48.862Z","service":"api","msg":"request.completed","method":"POST","url":"/v1/auth/login","statusCode":200,"requestId":"b2b358f2-bebb-4cd6-8a70-d8e9fcce5aff"}

stdout | src/request-orders.integration.test.ts > request/order lifecycle operations > lists admin operation queues with filters, cursor pagination, detail deep links, and permissions
{"level":"info","time":"2026-07-28T08:59:48.863Z","service":"api","msg":"request.completed","method":"GET","url":"/v1/properties?organizationId=d215a186-f84d-4c7c-b75a-3189969999c2","statusCode":200,"requestId":"8e4f752d-567a-4c39-868b-d4a83a9fdb30"}

stdout | src/request-orders.integration.test.ts > request/order lifecycle operations > lists admin operation queues with filters, cursor pagination, detail deep links, and permissions
{"level":"info","time":"2026-07-28T08:59:48.866Z","service":"api","msg":"request.completed","method":"GET","url":"/v1/properties/3ab87d2a-0c78-4fac-aa15-515a733cc3ae/locations","statusCode":200,"requestId":"ac9678d5-d478-4a56-8ca5-7f1d63434df1"}

stdout | src/request-orders.integration.test.ts > request/order lifecycle operations > lists admin operation queues with filters, cursor pagination, detail deep links, and permissions
{"level":"info","time":"2026-07-28T08:59:48.871Z","service":"api","msg":"request.completed","method":"POST","url":"/v1/properties/3ab87d2a-0c78-4fac-aa15-515a733cc3ae/qr-codes","statusCode":200,"requestId":"b169f8eb-a3b8-43d2-a599-5ce6dc8b2e74"}

stdout | src/request-orders.integration.test.ts > request/order lifecycle operations > lists admin operation queues with filters, cursor pagination, detail deep links, and permissions
{"level":"info","time":"2026-07-28T08:59:48.873Z","service":"api","msg":"request.completed","method":"POST","url":"/v1/guest/sessions","statusCode":200,"requestId":"3e9235a9-a2de-4f52-aa39-612b37fd9683"}

stdout | src/request-orders.integration.test.ts > request/order lifecycle operations > lists admin operation queues with filters, cursor pagination, detail deep links, and permissions
{"level":"info","time":"2026-07-28T08:59:48.876Z","service":"api","msg":"request.completed","method":"POST","url":"/v1/guest/conversations","statusCode":200,"requestId":"caf598d8-53d7-48d7-8001-7796fd72648e"}

stdout | src/request-orders.integration.test.ts > request/order lifecycle operations > lists admin operation queues with filters, cursor pagination, detail deep links, and permissions
{"level":"info","time":"2026-07-28T08:59:48.882Z","service":"api","msg":"request.completed","method":"POST","url":"/v1/guest/request-drafts","statusCode":200,"requestId":"68d974a3-bed6-47b4-8984-df06d7416f06"}

stdout | src/request-orders.integration.test.ts > request/order lifecycle operations > lists admin operation queues with filters, cursor pagination, detail deep links, and permissions
{"level":"info","time":"2026-07-28T08:59:48.888Z","service":"api","msg":"request.completed","method":"POST","url":"/v1/guest/request-drafts/1993a120-9e98-4384-b0fd-88743097102e/confirm","statusCode":200,"requestId":"eaed6cc2-ab99-4c8e-9643-6ec0e54e817c"}

stdout | src/request-orders.integration.test.ts > request/order lifecycle operations > lists admin operation queues with filters, cursor pagination, detail deep links, and permissions
{"level":"info","time":"2026-07-28T08:59:49.138Z","service":"api","msg":"request.completed","method":"POST","url":"/v1/auth/login","statusCode":200,"requestId":"e709bd53-92b2-4d9b-9066-9f78c46ce857"}

stdout | src/request-orders.integration.test.ts > request/order lifecycle operations > lists admin operation queues with filters, cursor pagination, detail deep links, and permissions
{"level":"info","time":"2026-07-28T08:59:49.140Z","service":"api","msg":"request.completed","method":"GET","url":"/v1/properties?organizationId=d215a186-f84d-4c7c-b75a-3189969999c2","statusCode":200,"requestId":"2b7e791d-9eea-4d36-aa9d-b31366f3dd08"}

stdout | src/request-orders.integration.test.ts > request/order lifecycle operations > lists admin operation queues with filters, cursor pagination, detail deep links, and permissions
{"level":"info","time":"2026-07-28T08:59:49.142Z","service":"api","msg":"request.completed","method":"GET","url":"/v1/properties/3ab87d2a-0c78-4fac-aa15-515a733cc3ae/locations","statusCode":200,"requestId":"e43d5b35-1096-475d-b27d-195051fdf8f7"}

stdout | src/request-orders.integration.test.ts > request/order lifecycle operations > lists admin operation queues with filters, cursor pagination, detail deep links, and permissions
{"level":"info","time":"2026-07-28T08:59:49.145Z","service":"api","msg":"request.completed","method":"POST","url":"/v1/properties/3ab87d2a-0c78-4fac-aa15-515a733cc3ae/qr-codes","statusCode":200,"requestId":"7d846c95-4f98-46c4-b0ba-2438ff3d6616"}

stdout | src/request-orders.integration.test.ts > request/order lifecycle operations > lists admin operation queues with filters, cursor pagination, detail deep links, and permissions
{"level":"info","time":"2026-07-28T08:59:49.147Z","service":"api","msg":"request.completed","method":"POST","url":"/v1/guest/sessions","statusCode":200,"requestId":"30f3d1b8-28df-48cb-b4fc-f6fd1131598a"}

stdout | src/request-orders.integration.test.ts > request/order lifecycle operations > lists admin operation queues with filters, cursor pagination, detail deep links, and permissions
{"level":"info","time":"2026-07-28T08:59:49.149Z","service":"api","msg":"request.completed","method":"POST","url":"/v1/guest/conversations","statusCode":200,"requestId":"f8a3fa5f-82f1-49b7-8f90-64769adff555"}

stdout | src/request-orders.integration.test.ts > request/order lifecycle operations > lists admin operation queues with filters, cursor pagination, detail deep links, and permissions
{"level":"info","time":"2026-07-28T08:59:49.151Z","service":"api","msg":"request.completed","method":"POST","url":"/v1/guest/request-drafts","statusCode":200,"requestId":"9dfc0f2e-df4c-4b63-b822-d9f0f3517214"}

stdout | src/request-orders.integration.test.ts > request/order lifecycle operations > lists admin operation queues with filters, cursor pagination, detail deep links, and permissions
{"level":"info","time":"2026-07-28T08:59:49.156Z","service":"api","msg":"request.completed","method":"POST","url":"/v1/guest/request-drafts/f4f1eec5-70c2-4fed-bfff-1378ffea8f83/confirm","statusCode":200,"requestId":"4df74203-d55c-4373-bb25-f9993cd7fb55"}

stdout | src/request-orders.integration.test.ts > request/order lifecycle operations > lists admin operation queues with filters, cursor pagination, detail deep links, and permissions
{"level":"info","time":"2026-07-28T08:59:49.382Z","service":"api","msg":"request.completed","method":"POST","url":"/v1/auth/login","statusCode":200,"requestId":"9deab6c8-3b4c-4205-8378-a9174090687d"}

stdout | src/request-orders.integration.test.ts > request/order lifecycle operations > lists admin operation queues with filters, cursor pagination, detail deep links, and permissions
{"level":"info","time":"2026-07-28T08:59:49.384Z","service":"api","msg":"request.completed","method":"GET","url":"/v1/properties?organizationId=d215a186-f84d-4c7c-b75a-3189969999c2","statusCode":200,"requestId":"d74c9f32-49d6-4bfb-9e77-b0d4e6a9c966"}

stdout | src/request-orders.integration.test.ts > request/order lifecycle operations > lists admin operation queues with filters, cursor pagination, detail deep links, and permissions
{"level":"info","time":"2026-07-28T08:59:49.386Z","service":"api","msg":"request.completed","method":"GET","url":"/v1/properties/3ab87d2a-0c78-4fac-aa15-515a733cc3ae/locations","statusCode":200,"requestId":"2511373f-50da-40e7-a628-580e5c663c49"}

stdout | src/request-orders.integration.test.ts > request/order lifecycle operations > lists admin operation queues with filters, cursor pagination, detail deep links, and permissions
{"level":"info","time":"2026-07-28T08:59:49.391Z","service":"api","msg":"request.completed","method":"POST","url":"/v1/properties/3ab87d2a-0c78-4fac-aa15-515a733cc3ae/qr-codes","statusCode":200,"requestId":"de51d209-731c-4eaf-968f-d976b29ec022"}

stdout | src/request-orders.integration.test.ts > request/order lifecycle operations > lists admin operation queues with filters, cursor pagination, detail deep links, and permissions
{"level":"info","time":"2026-07-28T08:59:49.393Z","service":"api","msg":"request.completed","method":"POST","url":"/v1/guest/sessions","statusCode":200,"requestId":"1b55856f-c6d4-460f-bd4c-2ee9eb96e500"}

stdout | src/request-orders.integration.test.ts > request/order lifecycle operations > lists admin operation queues with filters, cursor pagination, detail deep links, and permissions
{"level":"info","time":"2026-07-28T08:59:49.395Z","service":"api","msg":"request.completed","method":"POST","url":"/v1/guest/conversations","statusCode":200,"requestId":"811ffad8-6a99-4705-8617-98a716274574"}

stdout | src/request-orders.integration.test.ts > request/order lifecycle operations > lists admin operation queues with filters, cursor pagination, detail deep links, and permissions
{"level":"info","time":"2026-07-28T08:59:49.397Z","service":"api","msg":"request.completed","method":"POST","url":"/v1/guest/request-drafts","statusCode":200,"requestId":"273c55fe-580b-4554-aa4d-71e75da27d86"}

stdout | src/request-orders.integration.test.ts > request/order lifecycle operations > lists admin operation queues with filters, cursor pagination, detail deep links, and permissions
{"level":"info","time":"2026-07-28T08:59:49.402Z","service":"api","msg":"request.completed","method":"POST","url":"/v1/guest/request-drafts/b58e3f23-dec4-43b7-bf72-9f28a0b4be94/confirm","statusCode":200,"requestId":"307decfe-bc5b-4c3d-a3af-376f58dcecb7"}

stdout | src/request-orders.integration.test.ts > request/order lifecycle operations > lists admin operation queues with filters, cursor pagination, detail deep links, and permissions
{"level":"info","time":"2026-07-28T08:59:49.627Z","service":"api","msg":"request.completed","method":"POST","url":"/v1/auth/login","statusCode":200,"requestId":"6ad2ddf9-e01f-4078-96e9-f08d02d5bc05"}

stdout | src/request-orders.integration.test.ts > request/order lifecycle operations > lists admin operation queues with filters, cursor pagination, detail deep links, and permissions
{"level":"info","time":"2026-07-28T08:59:49.629Z","service":"api","msg":"request.completed","method":"GET","url":"/v1/properties?organizationId=d215a186-f84d-4c7c-b75a-3189969999c2","statusCode":200,"requestId":"d4a6ba50-57e7-4a68-bf2b-0fd1fe1b8002"}

stdout | src/request-orders.integration.test.ts > request/order lifecycle operations > lists admin operation queues with filters, cursor pagination, detail deep links, and permissions
{"level":"info","time":"2026-07-28T08:59:49.632Z","service":"api","msg":"request.completed","method":"GET","url":"/v1/properties/3ab87d2a-0c78-4fac-aa15-515a733cc3ae/locations","statusCode":200,"requestId":"1bd585e4-394d-4e94-986f-41f772285b61"}

stdout | src/request-orders.integration.test.ts > request/order lifecycle operations > lists admin operation queues with filters, cursor pagination, detail deep links, and permissions
{"level":"info","time":"2026-07-28T08:59:49.635Z","service":"api","msg":"request.completed","method":"POST","url":"/v1/properties/3ab87d2a-0c78-4fac-aa15-515a733cc3ae/qr-codes","statusCode":200,"requestId":"618100b2-2ec1-4f52-b320-6008db69733b"}

stdout | src/request-orders.integration.test.ts > request/order lifecycle operations > lists admin operation queues with filters, cursor pagination, detail deep links, and permissions
{"level":"info","time":"2026-07-28T08:59:49.638Z","service":"api","msg":"request.completed","method":"POST","url":"/v1/guest/sessions","statusCode":200,"requestId":"7041355f-423d-4e90-a810-fd4a2e654a45"}

stdout | src/request-orders.integration.test.ts > request/order lifecycle operations > lists admin operation queues with filters, cursor pagination, detail deep links, and permissions
{"level":"info","time":"2026-07-28T08:59:49.641Z","service":"api","msg":"request.completed","method":"POST","url":"/v1/guest/conversations","statusCode":200,"requestId":"702d2ea8-db54-4275-9472-a7b192cabed2"}

stdout | src/request-orders.integration.test.ts > request/order lifecycle operations > lists admin operation queues with filters, cursor pagination, detail deep links, and permissions
{"level":"info","time":"2026-07-28T08:59:49.647Z","service":"api","msg":"request.completed","method":"POST","url":"/v1/guest/request-drafts","statusCode":200,"requestId":"cdfa05fa-b31e-4280-b2c4-15633d0c57d9"}

stdout | src/request-orders.integration.test.ts > request/order lifecycle operations > lists admin operation queues with filters, cursor pagination, detail deep links, and permissions
{"level":"info","time":"2026-07-28T08:59:49.658Z","service":"api","msg":"request.completed","method":"POST","url":"/v1/guest/request-drafts/ae605cb3-7a86-4d06-befa-604b9fb9aca0/confirm","statusCode":200,"requestId":"6fb19110-4ecb-49f9-9256-078f547750f7"}

stdout | src/request-orders.integration.test.ts > request/order lifecycle operations > lists admin operation queues with filters, cursor pagination, detail deep links, and permissions
{"level":"info","time":"2026-07-28T08:59:49.883Z","service":"api","msg":"request.completed","method":"POST","url":"/v1/auth/login","statusCode":200,"requestId":"58002828-d9f4-47f4-bfa7-f6e5a635722a"}

stdout | src/request-orders.integration.test.ts > request/order lifecycle operations > lists admin operation queues with filters, cursor pagination, detail deep links, and permissions
{"level":"info","time":"2026-07-28T08:59:49.886Z","service":"api","msg":"request.completed","method":"GET","url":"/v1/properties?organizationId=d215a186-f84d-4c7c-b75a-3189969999c2","statusCode":200,"requestId":"e950a4af-bf75-40e3-bc5d-2f1b8e64bb04"}

stdout | src/request-orders.integration.test.ts > request/order lifecycle operations > lists admin operation queues with filters, cursor pagination, detail deep links, and permissions
{"level":"info","time":"2026-07-28T08:59:49.889Z","service":"api","msg":"request.completed","method":"GET","url":"/v1/properties/3ab87d2a-0c78-4fac-aa15-515a733cc3ae/locations","statusCode":200,"requestId":"33466650-3af1-4071-9a10-3f9b0ab77c28"}

stdout | src/request-orders.integration.test.ts > request/order lifecycle operations > lists admin operation queues with filters, cursor pagination, detail deep links, and permissions
{"level":"info","time":"2026-07-28T08:59:49.895Z","service":"api","msg":"request.completed","method":"POST","url":"/v1/properties/3ab87d2a-0c78-4fac-aa15-515a733cc3ae/qr-codes","statusCode":200,"requestId":"5f8e1ed4-e419-4693-adac-3f968c0ad050"}

stdout | src/request-orders.integration.test.ts > request/order lifecycle operations > lists admin operation queues with filters, cursor pagination, detail deep links, and permissions
{"level":"info","time":"2026-07-28T08:59:49.898Z","service":"api","msg":"request.completed","method":"POST","url":"/v1/guest/sessions","statusCode":200,"requestId":"f333a10a-2283-47b7-8de2-110dbd26eef5"}

stdout | src/request-orders.integration.test.ts > request/order lifecycle operations > lists admin operation queues with filters, cursor pagination, detail deep links, and permissions
{"level":"info","time":"2026-07-28T08:59:49.900Z","service":"api","msg":"request.completed","method":"POST","url":"/v1/guest/conversations","statusCode":200,"requestId":"3f536fcb-1e5b-48c7-ba0b-c09e991f8bf5"}

stdout | src/request-orders.integration.test.ts > request/order lifecycle operations > lists admin operation queues with filters, cursor pagination, detail deep links, and permissions
{"level":"info","time":"2026-07-28T08:59:49.906Z","service":"api","msg":"request.completed","method":"POST","url":"/v1/guest/request-drafts","statusCode":200,"requestId":"b22e48da-ad51-41ec-aae0-dc29b2268694"}

stdout | src/request-orders.integration.test.ts > request/order lifecycle operations > lists admin operation queues with filters, cursor pagination, detail deep links, and permissions
{"level":"info","time":"2026-07-28T08:59:49.911Z","service":"api","msg":"request.completed","method":"POST","url":"/v1/guest/request-drafts/cb97326e-c054-40a4-9883-47d9a02064e8/confirm","statusCode":200,"requestId":"9d8385fb-c6bb-4667-80ca-2f85ab65ce56"}

stdout | src/request-orders.integration.test.ts > request/order lifecycle operations > lists admin operation queues with filters, cursor pagination, detail deep links, and permissions
{"level":"info","time":"2026-07-28T08:59:50.157Z","service":"api","msg":"request.completed","method":"POST","url":"/v1/auth/login","statusCode":200,"requestId":"7e3b667c-7562-46ac-98d5-51e58270b969"}

stdout | src/request-orders.integration.test.ts > request/order lifecycle operations > lists admin operation queues with filters, cursor pagination, detail deep links, and permissions
{"level":"info","time":"2026-07-28T08:59:50.159Z","service":"api","msg":"request.completed","method":"GET","url":"/v1/properties?organizationId=d215a186-f84d-4c7c-b75a-3189969999c2","statusCode":200,"requestId":"c67cb60b-6a09-4709-937e-2576ab6393e7"}

stdout | src/request-orders.integration.test.ts > request/order lifecycle operations > lists admin operation queues with filters, cursor pagination, detail deep links, and permissions
{"level":"info","time":"2026-07-28T08:59:50.161Z","service":"api","msg":"request.completed","method":"GET","url":"/v1/properties/3ab87d2a-0c78-4fac-aa15-515a733cc3ae/locations","statusCode":200,"requestId":"1d3ac584-920b-4e38-b86c-197ab55f616c"}

stdout | src/request-orders.integration.test.ts > request/order lifecycle operations > lists admin operation queues with filters, cursor pagination, detail deep links, and permissions
{"level":"info","time":"2026-07-28T08:59:50.165Z","service":"api","msg":"request.completed","method":"POST","url":"/v1/properties/3ab87d2a-0c78-4fac-aa15-515a733cc3ae/qr-codes","statusCode":200,"requestId":"ce5ac154-2735-44e0-974a-3bd24b0cd1b8"}

stdout | src/request-orders.integration.test.ts > request/order lifecycle operations > lists admin operation queues with filters, cursor pagination, detail deep links, and permissions
{"level":"info","time":"2026-07-28T08:59:50.167Z","service":"api","msg":"request.completed","method":"POST","url":"/v1/guest/sessions","statusCode":200,"requestId":"f457ff2c-0392-4588-a0a6-2ff68f6026fc"}

stdout | src/request-orders.integration.test.ts > request/order lifecycle operations > lists admin operation queues with filters, cursor pagination, detail deep links, and permissions
{"level":"info","time":"2026-07-28T08:59:50.169Z","service":"api","msg":"request.completed","method":"POST","url":"/v1/guest/conversations","statusCode":200,"requestId":"9a153f9d-b1fe-4bfd-a27e-c380cbdf3ee2"}

stdout | src/request-orders.integration.test.ts > request/order lifecycle operations > lists admin operation queues with filters, cursor pagination, detail deep links, and permissions
{"level":"info","time":"2026-07-28T08:59:50.171Z","service":"api","msg":"request.completed","method":"POST","url":"/v1/guest/request-drafts","statusCode":200,"requestId":"d019be2e-4e57-4798-898e-c37c34fd96b5"}

stdout | src/request-orders.integration.test.ts > request/order lifecycle operations > lists admin operation queues with filters, cursor pagination, detail deep links, and permissions
{"level":"info","time":"2026-07-28T08:59:50.176Z","service":"api","msg":"request.completed","method":"POST","url":"/v1/guest/request-drafts/ac863a47-9f00-4302-b980-08a5a9b19503/confirm","statusCode":200,"requestId":"49bde24c-208d-48ee-934c-7a809d10e26c"}

stdout | src/request-orders.integration.test.ts > request/order lifecycle operations > lists admin operation queues with filters, cursor pagination, detail deep links, and permissions
{"level":"info","time":"2026-07-28T08:59:50.180Z","service":"api","msg":"request.completed","method":"GET","url":"/v1/admin/properties/3ab87d2a-0c78-4fac-aa15-515a733cc3ae/operations/requests?status=submitted&limit=5&dateFrom=2026-07-28T08%3A59%3A48.630Z&dateTo=2026-07-28T09%3A00%3A50.176Z","statusCode":200,"requestId":"669e0048-9b56-4212-88e1-76d4cf6b88bc"}

stdout | src/request-orders.integration.test.ts > request/order lifecycle operations > lists admin operation queues with filters, cursor pagination, detail deep links, and permissions
{"level":"info","time":"2026-07-28T08:59:50.184Z","service":"api","msg":"request.completed","method":"GET","url":"/v1/admin/properties/3ab87d2a-0c78-4fac-aa15-515a733cc3ae/operations/requests?status=submitted&limit=5&cursor=eyJzdWJtaXR0ZWRBdCI6IjIwMjYtMDctMjhUMDg6NTk6NDkuMTUyWiIsImlkIjoiMzlmYjY1MjktMTMxNy00NDg1LTkyYWYtMjQzOTc1MDg1YjVlIn0","statusCode":200,"requestId":"d8440800-0924-4d48-a077-f8eed4c9a309"}

stdout | src/request-orders.integration.test.ts > request/order lifecycle operations > lists admin operation queues with filters, cursor pagination, detail deep links, and permissions
{"level":"info","time":"2026-07-28T08:59:50.187Z","service":"api","msg":"request.completed","method":"GET","url":"/v1/admin/properties/3ab87d2a-0c78-4fac-aa15-515a733cc3ae/operations/requests/93170fad-a177-4eec-95d3-2e19a8e5b535","statusCode":200,"requestId":"81a8b2c0-c43f-43e1-a970-f896497a0147"}

stdout | src/request-orders.integration.test.ts > request/order lifecycle operations > lists admin operation queues with filters, cursor pagination, detail deep links, and permissions
{"level":"info","time":"2026-07-28T08:59:50.432Z","service":"api","msg":"request.completed","method":"POST","url":"/v1/auth/login","statusCode":200,"requestId":"ab052816-559f-4eae-a4d0-0231da336eef"}

stdout | src/request-orders.integration.test.ts > request/order lifecycle operations > lists admin operation queues with filters, cursor pagination, detail deep links, and permissions
{"level":"info","time":"2026-07-28T08:59:50.434Z","service":"api","msg":"request.completed","method":"GET","url":"/v1/properties?organizationId=d215a186-f84d-4c7c-b75a-3189969999c2","statusCode":200,"requestId":"1791b1f1-c095-486d-929a-ee48902efcdd"}

stdout | src/request-orders.integration.test.ts > request/order lifecycle operations > lists admin operation queues with filters, cursor pagination, detail deep links, and permissions
{"level":"info","time":"2026-07-28T08:59:50.436Z","service":"api","msg":"request.completed","method":"GET","url":"/v1/properties/3ab87d2a-0c78-4fac-aa15-515a733cc3ae/locations","statusCode":200,"requestId":"4a187742-b8be-4d9c-b3a7-18d673946013"}

stdout | src/request-orders.integration.test.ts > request/order lifecycle operations > lists admin operation queues with filters, cursor pagination, detail deep links, and permissions
{"level":"info","time":"2026-07-28T08:59:50.440Z","service":"api","msg":"request.completed","method":"POST","url":"/v1/properties/3ab87d2a-0c78-4fac-aa15-515a733cc3ae/qr-codes","statusCode":200,"requestId":"cc16094b-1374-4743-b1df-9163dd4b1c01"}

stdout | src/request-orders.integration.test.ts > request/order lifecycle operations > lists admin operation queues with filters, cursor pagination, detail deep links, and permissions
{"level":"info","time":"2026-07-28T08:59:50.442Z","service":"api","msg":"request.completed","method":"POST","url":"/v1/guest/sessions","statusCode":200,"requestId":"8706e3ba-be02-4293-88c8-807e6f055563"}

stdout | src/request-orders.integration.test.ts > request/order lifecycle operations > lists admin operation queues with filters, cursor pagination, detail deep links, and permissions
{"level":"info","time":"2026-07-28T08:59:50.444Z","service":"api","msg":"request.completed","method":"POST","url":"/v1/guest/conversations","statusCode":200,"requestId":"902578fd-f9bc-402e-b84f-ca951cab0128"}

stdout | src/request-orders.integration.test.ts > request/order lifecycle operations > lists admin operation queues with filters, cursor pagination, detail deep links, and permissions
{"level":"info","time":"2026-07-28T08:59:50.446Z","service":"api","msg":"request.completed","method":"POST","url":"/v1/guest/order-drafts","statusCode":200,"requestId":"5b400c1f-5a7c-4aab-8503-41167ff0a9a2"}

stdout | src/request-orders.integration.test.ts > request/order lifecycle operations > lists admin operation queues with filters, cursor pagination, detail deep links, and permissions
{"level":"info","time":"2026-07-28T08:59:50.451Z","service":"api","msg":"request.completed","method":"POST","url":"/v1/guest/order-drafts/c35070cf-ed10-419a-97b1-3bb21847e111/confirm","statusCode":200,"requestId":"7865e279-bb25-41cf-b50a-ea30148929e7"}

stdout | src/request-orders.integration.test.ts > request/order lifecycle operations > lists admin operation queues with filters, cursor pagination, detail deep links, and permissions
{"level":"info","time":"2026-07-28T08:59:50.455Z","service":"api","msg":"request.completed","method":"GET","url":"/v1/admin/properties/3ab87d2a-0c78-4fac-aa15-515a733cc3ae/operations/orders?status=submitted&limit=5","statusCode":200,"requestId":"bb2bebd5-e53d-4dce-872c-308c4fae90f0"}

stdout | src/request-orders.integration.test.ts > request/order lifecycle operations > lists admin operation queues with filters, cursor pagination, detail deep links, and permissions
{"level":"info","time":"2026-07-28T08:59:50.457Z","service":"api","msg":"request.completed","method":"GET","url":"/v1/admin/properties/3ab87d2a-0c78-4fac-aa15-515a733cc3ae/operations/requests?status=submitted","statusCode":403,"requestId":"54aa9e7b-027f-40c0-8b61-1a8452b9d8b0"}

stdout | src/request-orders.integration.test.ts > request/order lifecycle operations > lists admin operation queues with filters, cursor pagination, detail deep links, and permissions
{"level":"info","time":"2026-07-28T08:59:50.459Z","service":"api","msg":"request.completed","method":"GET","url":"/v1/admin/properties/3ab87d2a-0c78-4fac-aa15-515a733cc3ae/operations/orders?status=submitted","statusCode":403,"requestId":"3703cb97-f6f5-441e-bf19-12fc666a2c7a"}

stdout | src/request-orders.integration.test.ts > request/order lifecycle operations > lists admin operation queues with filters, cursor pagination, detail deep links, and permissions
{"level":"info","time":"2026-07-28T08:59:50.460Z","service":"api","msg":"request.completed","method":"GET","url":"/v1/admin/properties/3ab87d2a-0c78-4fac-aa15-515a733cc3ae/operations/requests?cursor=not-a-cursor","statusCode":400,"requestId":"9b53da67-4fbf-43f9-98af-84e7ce8c6ca5"}

 ✓ src/request-orders.integration.test.ts (9 tests) 7066ms
   ✓ request/order lifecycle operations > transitions requests with optimistic versioning, history, outbox, and audit  581ms
   ✓ request/order lifecycle operations > atomically claims requests with race safety, optimistic concurrency, permissions, and audit  904ms
   ✓ request/order lifecycle operations > keeps order item and price snapshots immutable after confirmation  468ms
   ✓ request/order lifecycle operations > claims orders once and denies cross-property staff  656ms
   ✓ request/order lifecycle operations > denies staff transitions outside assigned tenant property  483ms
   ✓ request/order lifecycle operations > lets guests list, inspect, and idempotently cancel their own submitted work  477ms
   ✓ request/order lifecycle operations > lists staff inbox items with details only for assigned properties  693ms
   ✓ request/order lifecycle operations > lists admin operation queues with filters, cursor pagination, detail deep links, and permissions  2518ms
stdout | src/conversations.integration.test.ts > guest conversations > persists guest messages in stable conversation order and deduplicates retry ids
{"level":"info","time":"2026-07-28T08:59:51.337Z","service":"api","msg":"request.completed","method":"POST","url":"/v1/auth/login","statusCode":200,"requestId":"606d056c-9568-49b0-a5be-52668de2c1ac"}

stdout | src/conversations.integration.test.ts > guest conversations > persists guest messages in stable conversation order and deduplicates retry ids
{"level":"info","time":"2026-07-28T08:59:51.342Z","service":"api","msg":"request.completed","method":"GET","url":"/v1/properties?organizationId=d215a186-f84d-4c7c-b75a-3189969999c2","statusCode":200,"requestId":"bcb4c07b-683f-4755-b028-0d6244d12995"}

stdout | src/conversations.integration.test.ts > guest conversations > persists guest messages in stable conversation order and deduplicates retry ids
{"level":"info","time":"2026-07-28T08:59:51.345Z","service":"api","msg":"request.completed","method":"GET","url":"/v1/properties/8d283b2a-6ccd-4ab9-99be-79604deac640/locations","statusCode":200,"requestId":"3754be68-1763-45d0-ac0a-b456a88cda21"}

stdout | src/conversations.integration.test.ts > guest conversations > persists guest messages in stable conversation order and deduplicates retry ids
{"level":"info","time":"2026-07-28T08:59:51.350Z","service":"api","msg":"request.completed","method":"POST","url":"/v1/properties/8d283b2a-6ccd-4ab9-99be-79604deac640/qr-codes","statusCode":200,"requestId":"f93d813e-3f61-45e5-8afa-6db7bad5f1ec"}

stdout | src/conversations.integration.test.ts > guest conversations > persists guest messages in stable conversation order and deduplicates retry ids
{"level":"info","time":"2026-07-28T08:59:51.354Z","service":"api","msg":"request.completed","method":"POST","url":"/v1/guest/sessions","statusCode":200,"requestId":"a4dfd83b-1deb-4581-840d-5de0898504e3"}

stdout | src/conversations.integration.test.ts > guest conversations > persists guest messages in stable conversation order and deduplicates retry ids
{"level":"info","time":"2026-07-28T08:59:51.360Z","service":"api","msg":"request.completed","method":"POST","url":"/v1/guest/conversations","statusCode":200,"requestId":"02e63dcc-487c-43d3-8a0c-653edc05e4ab"}

stdout | src/conversations.integration.test.ts > guest conversations > persists guest messages in stable conversation order and deduplicates retry ids
{"level":"info","time":"2026-07-28T08:59:51.370Z","service":"api","msg":"request.completed","method":"POST","url":"/v1/guest/conversations/37b97063-b5d1-4ddd-812c-b7f0b072f70b/messages","statusCode":200,"requestId":"e9578b0b-4605-4bb7-a61c-049a79c37c2a"}

stdout | src/conversations.integration.test.ts > guest conversations > persists guest messages in stable conversation order and deduplicates retry ids
{"level":"info","time":"2026-07-28T08:59:51.378Z","service":"api","msg":"request.completed","method":"POST","url":"/v1/guest/conversations/37b97063-b5d1-4ddd-812c-b7f0b072f70b/messages","statusCode":200,"requestId":"dd50230a-1123-493b-97cd-973aa3168756"}

stdout | src/conversations.integration.test.ts > guest conversations > persists guest messages in stable conversation order and deduplicates retry ids
{"level":"info","time":"2026-07-28T08:59:51.382Z","service":"api","msg":"request.completed","method":"POST","url":"/v1/guest/conversations/37b97063-b5d1-4ddd-812c-b7f0b072f70b/messages","statusCode":200,"requestId":"dec0f3ae-5bc3-404c-840b-8bce7031fe13"}

stdout | src/conversations.integration.test.ts > guest conversations > persists guest messages in stable conversation order and deduplicates retry ids
{"level":"info","time":"2026-07-28T08:59:51.385Z","service":"api","msg":"request.completed","method":"GET","url":"/v1/guest/conversations/37b97063-b5d1-4ddd-812c-b7f0b072f70b","statusCode":200,"requestId":"275bcfca-3132-4f2e-866e-7cd4e145453f"}

stdout | src/conversations.integration.test.ts > guest conversations > isolates conversations by guest session and tenant scope
{"level":"info","time":"2026-07-28T08:59:51.623Z","service":"api","msg":"request.completed","method":"POST","url":"/v1/auth/login","statusCode":200,"requestId":"cbcc1f42-bd3a-4784-81e9-ca4881b77fe7"}

stdout | src/conversations.integration.test.ts > guest conversations > isolates conversations by guest session and tenant scope
{"level":"info","time":"2026-07-28T08:59:51.625Z","service":"api","msg":"request.completed","method":"GET","url":"/v1/properties?organizationId=d215a186-f84d-4c7c-b75a-3189969999c2","statusCode":200,"requestId":"9884e470-f1e8-44c6-afab-0b97a25d8f4a"}

stdout | src/conversations.integration.test.ts > guest conversations > isolates conversations by guest session and tenant scope
{"level":"info","time":"2026-07-28T08:59:51.627Z","service":"api","msg":"request.completed","method":"GET","url":"/v1/properties/8d283b2a-6ccd-4ab9-99be-79604deac640/locations","statusCode":200,"requestId":"e82bceb8-3bdc-4ddf-8c9e-3b40bf44b10e"}

stdout | src/conversations.integration.test.ts > guest conversations > isolates conversations by guest session and tenant scope
{"level":"info","time":"2026-07-28T08:59:51.632Z","service":"api","msg":"request.completed","method":"POST","url":"/v1/properties/8d283b2a-6ccd-4ab9-99be-79604deac640/qr-codes","statusCode":200,"requestId":"cb87134b-1d02-4a70-872e-ca0e1d86fecf"}

stdout | src/conversations.integration.test.ts > guest conversations > isolates conversations by guest session and tenant scope
{"level":"info","time":"2026-07-28T08:59:51.634Z","service":"api","msg":"request.completed","method":"POST","url":"/v1/guest/sessions","statusCode":200,"requestId":"65e29e70-0487-4b31-adcc-28de1f0291cf"}

stdout | src/conversations.integration.test.ts > guest conversations > isolates conversations by guest session and tenant scope
{"level":"info","time":"2026-07-28T08:59:51.878Z","service":"api","msg":"request.completed","method":"POST","url":"/v1/auth/login","statusCode":200,"requestId":"74876894-141b-4a49-b27c-fee9c27f8a1f"}

stdout | src/conversations.integration.test.ts > guest conversations > isolates conversations by guest session and tenant scope
{"level":"info","time":"2026-07-28T08:59:51.882Z","service":"api","msg":"request.completed","method":"GET","url":"/v1/properties?organizationId=d215a186-f84d-4c7c-b75a-3189969999c2","statusCode":200,"requestId":"1f7e3cde-4631-4936-a8be-b7c80fe133c9"}

stdout | src/conversations.integration.test.ts > guest conversations > isolates conversations by guest session and tenant scope
{"level":"info","time":"2026-07-28T08:59:51.884Z","service":"api","msg":"request.completed","method":"GET","url":"/v1/properties/8d283b2a-6ccd-4ab9-99be-79604deac640/locations","statusCode":200,"requestId":"d925b975-b74a-47c9-8943-f2b425408b78"}

stdout | src/conversations.integration.test.ts > guest conversations > isolates conversations by guest session and tenant scope
{"level":"info","time":"2026-07-28T08:59:51.888Z","service":"api","msg":"request.completed","method":"POST","url":"/v1/properties/8d283b2a-6ccd-4ab9-99be-79604deac640/qr-codes","statusCode":200,"requestId":"4b17bab0-0411-4445-90e1-9f93c61e0eea"}

stdout | src/conversations.integration.test.ts > guest conversations > isolates conversations by guest session and tenant scope
{"level":"info","time":"2026-07-28T08:59:51.890Z","service":"api","msg":"request.completed","method":"POST","url":"/v1/guest/sessions","statusCode":200,"requestId":"e70e6abd-a522-48e3-8055-38bda58cba07"}

stdout | src/conversations.integration.test.ts > guest conversations > isolates conversations by guest session and tenant scope
{"level":"info","time":"2026-07-28T08:59:52.130Z","service":"api","msg":"request.completed","method":"POST","url":"/v1/auth/login","statusCode":200,"requestId":"8b091eaa-0ea8-43b5-88e7-43bc2f1091b8"}

stdout | src/conversations.integration.test.ts > guest conversations > isolates conversations by guest session and tenant scope
{"level":"info","time":"2026-07-28T08:59:52.132Z","service":"api","msg":"request.completed","method":"GET","url":"/v1/properties?organizationId=67e4e9e6-f0b4-4e7f-a247-674a503d4ba6","statusCode":200,"requestId":"27aac70c-484d-44ac-9af0-604ea8ca0d08"}

stdout | src/conversations.integration.test.ts > guest conversations > isolates conversations by guest session and tenant scope
{"level":"info","time":"2026-07-28T08:59:52.135Z","service":"api","msg":"request.completed","method":"GET","url":"/v1/properties/8efde0b2-790a-49cd-8a14-20be5b6b29b1/locations","statusCode":200,"requestId":"08504b44-0f1f-4cd4-a7b5-cb6332e945c8"}

stdout | src/conversations.integration.test.ts > guest conversations > isolates conversations by guest session and tenant scope
{"level":"info","time":"2026-07-28T08:59:52.140Z","service":"api","msg":"request.completed","method":"POST","url":"/v1/properties/8efde0b2-790a-49cd-8a14-20be5b6b29b1/qr-codes","statusCode":200,"requestId":"40842952-574d-4608-92cb-be2c5c96cb50"}

stdout | src/conversations.integration.test.ts > guest conversations > isolates conversations by guest session and tenant scope
{"level":"info","time":"2026-07-28T08:59:52.141Z","service":"api","msg":"request.completed","method":"POST","url":"/v1/guest/sessions","statusCode":200,"requestId":"cbeeb843-0f31-4281-8c79-ff45c32b1638"}

stdout | src/conversations.integration.test.ts > guest conversations > isolates conversations by guest session and tenant scope
{"level":"info","time":"2026-07-28T08:59:52.144Z","service":"api","msg":"request.completed","method":"POST","url":"/v1/guest/conversations","statusCode":200,"requestId":"b2dd4bc2-b3aa-4656-89db-c61ac5c84b7c"}

stdout | src/conversations.integration.test.ts > guest conversations > isolates conversations by guest session and tenant scope
{"level":"info","time":"2026-07-28T08:59:52.146Z","service":"api","msg":"request.completed","method":"GET","url":"/v1/guest/conversations/03b27269-3a47-4a2e-9efe-3006a255e6b6","statusCode":404,"requestId":"f8d85b1e-58a2-4db8-a986-a68aa49b9635"}

stdout | src/conversations.integration.test.ts > guest conversations > isolates conversations by guest session and tenant scope
{"level":"info","time":"2026-07-28T08:59:52.149Z","service":"api","msg":"request.completed","method":"POST","url":"/v1/guest/conversations/03b27269-3a47-4a2e-9efe-3006a255e6b6/messages","statusCode":404,"requestId":"e69943d0-07f6-4a14-b80e-0939a1362a1b"}

stdout | src/conversations.integration.test.ts > guest conversations > enforces explicit transcript retention expiry
{"level":"info","time":"2026-07-28T08:59:52.375Z","service":"api","msg":"request.completed","method":"POST","url":"/v1/auth/login","statusCode":200,"requestId":"420a13f1-99fc-441e-a146-3117b160cf31"}

stdout | src/conversations.integration.test.ts > guest conversations > enforces explicit transcript retention expiry
{"level":"info","time":"2026-07-28T08:59:52.377Z","service":"api","msg":"request.completed","method":"GET","url":"/v1/properties?organizationId=d215a186-f84d-4c7c-b75a-3189969999c2","statusCode":200,"requestId":"be248b59-8d78-4f39-ba8c-218809e53e45"}

stdout | src/conversations.integration.test.ts > guest conversations > enforces explicit transcript retention expiry
{"level":"info","time":"2026-07-28T08:59:52.380Z","service":"api","msg":"request.completed","method":"GET","url":"/v1/properties/8d283b2a-6ccd-4ab9-99be-79604deac640/locations","statusCode":200,"requestId":"fda34e83-9df6-43e4-8381-9ad993ab0893"}

stdout | src/conversations.integration.test.ts > guest conversations > enforces explicit transcript retention expiry
{"level":"info","time":"2026-07-28T08:59:52.384Z","service":"api","msg":"request.completed","method":"POST","url":"/v1/properties/8d283b2a-6ccd-4ab9-99be-79604deac640/qr-codes","statusCode":200,"requestId":"9458f5f8-40d1-46b7-b71a-0f7741f44549"}

stdout | src/conversations.integration.test.ts > guest conversations > enforces explicit transcript retention expiry
{"level":"info","time":"2026-07-28T08:59:52.388Z","service":"api","msg":"request.completed","method":"POST","url":"/v1/guest/sessions","statusCode":200,"requestId":"9578f000-a779-46ea-a5e3-95e5963456c5"}

stdout | src/conversations.integration.test.ts > guest conversations > enforces explicit transcript retention expiry
{"level":"info","time":"2026-07-28T08:59:52.391Z","service":"api","msg":"request.completed","method":"POST","url":"/v1/guest/conversations","statusCode":200,"requestId":"95afe7cf-2ffe-4fe3-82cf-91b89b1573fb"}

stdout | src/conversations.integration.test.ts > guest conversations > enforces explicit transcript retention expiry
{"level":"info","time":"2026-07-28T08:59:52.404Z","service":"api","msg":"request.completed","method":"GET","url":"/v1/guest/conversations/08fb3b7e-a05a-4f84-9e66-02d4b5543b0f","statusCode":410,"requestId":"330cbaf3-86b7-4459-a068-7a2bbbfb0815"}

stdout | src/conversations.integration.test.ts > guest conversations > requests human handoff honestly, idempotently, and blocks further automation
{"level":"info","time":"2026-07-28T08:59:52.620Z","service":"api","msg":"request.completed","method":"POST","url":"/v1/auth/login","statusCode":200,"requestId":"7407ccb6-df67-478b-83fe-de0263eda46e"}

stdout | src/conversations.integration.test.ts > guest conversations > requests human handoff honestly, idempotently, and blocks further automation
{"level":"info","time":"2026-07-28T08:59:52.623Z","service":"api","msg":"request.completed","method":"GET","url":"/v1/properties?organizationId=d215a186-f84d-4c7c-b75a-3189969999c2","statusCode":200,"requestId":"a09e8708-b0af-4c0d-9230-267578ae8dbd"}

stdout | src/conversations.integration.test.ts > guest conversations > requests human handoff honestly, idempotently, and blocks further automation
{"level":"info","time":"2026-07-28T08:59:52.625Z","service":"api","msg":"request.completed","method":"GET","url":"/v1/properties/8d283b2a-6ccd-4ab9-99be-79604deac640/locations","statusCode":200,"requestId":"fb8dfb8b-a559-467c-8d5d-80a8814733ee"}

stdout | src/conversations.integration.test.ts > guest conversations > requests human handoff honestly, idempotently, and blocks further automation
{"level":"info","time":"2026-07-28T08:59:52.637Z","service":"api","msg":"request.completed","method":"POST","url":"/v1/properties/8d283b2a-6ccd-4ab9-99be-79604deac640/qr-codes","statusCode":200,"requestId":"a896b9a9-7e31-4efb-8f2b-0f74d6a7e873"}

stdout | src/conversations.integration.test.ts > guest conversations > requests human handoff honestly, idempotently, and blocks further automation
{"level":"info","time":"2026-07-28T08:59:52.641Z","service":"api","msg":"request.completed","method":"POST","url":"/v1/guest/sessions","statusCode":200,"requestId":"5d467289-5321-4853-8cab-0ba8e1006367"}

stdout | src/conversations.integration.test.ts > guest conversations > requests human handoff honestly, idempotently, and blocks further automation
{"level":"info","time":"2026-07-28T08:59:52.649Z","service":"api","msg":"request.completed","method":"POST","url":"/v1/guest/conversations","statusCode":200,"requestId":"81bdf8d0-e891-4c74-8ad3-d6735e85edfb"}

stdout | src/conversations.integration.test.ts > guest conversations > requests human handoff honestly, idempotently, and blocks further automation
{"level":"info","time":"2026-07-28T08:59:52.653Z","service":"api","msg":"request.completed","method":"POST","url":"/v1/guest/request-drafts","statusCode":200,"requestId":"ae3300ae-31f2-4439-8e5e-895321e480ea"}

stdout | src/conversations.integration.test.ts > guest conversations > requests human handoff honestly, idempotently, and blocks further automation
{"level":"info","time":"2026-07-28T08:59:52.659Z","service":"api","msg":"request.completed","method":"POST","url":"/v1/guest/conversations/3781a1ca-fe59-45af-b259-c51071b4aa43/handoff","statusCode":200,"requestId":"5b238d26-07f0-42ad-affb-5b0613d5b834"}

stdout | src/conversations.integration.test.ts > guest conversations > requests human handoff honestly, idempotently, and blocks further automation
{"level":"info","time":"2026-07-28T08:59:52.661Z","service":"api","msg":"request.completed","method":"POST","url":"/v1/guest/conversations/3781a1ca-fe59-45af-b259-c51071b4aa43/handoff","statusCode":200,"requestId":"730b04db-1ec4-4cf2-bc3f-7aae7a807174"}

stdout | src/conversations.integration.test.ts > guest conversations > requests human handoff honestly, idempotently, and blocks further automation
{"level":"info","time":"2026-07-28T08:59:52.663Z","service":"api","msg":"request.completed","method":"POST","url":"/v1/guest/conversations/3781a1ca-fe59-45af-b259-c51071b4aa43/messages","statusCode":409,"requestId":"6c673553-698c-4f3b-98a4-35508e107875"}

stdout | src/conversations.integration.test.ts > guest conversations > requests human handoff honestly, idempotently, and blocks further automation
{"level":"info","time":"2026-07-28T08:59:52.665Z","service":"api","msg":"request.completed","method":"POST","url":"/v1/guest/conversations/3781a1ca-fe59-45af-b259-c51071b4aa43/tool-results","statusCode":409,"requestId":"29727abb-6381-4061-80fa-3b991178aba4"}

stdout | src/conversations.integration.test.ts > guest conversations > requests human handoff honestly, idempotently, and blocks further automation
{"level":"info","time":"2026-07-28T08:59:52.669Z","service":"api","msg":"request.completed","method":"POST","url":"/v1/guest/request-drafts/0156e621-58d5-4c6f-8f4d-16f968054fdf/confirm","statusCode":409,"requestId":"01314068-b6e2-45de-83d6-de620da2ff21"}

stdout | src/conversations.integration.test.ts > guest conversations > requests human handoff honestly, idempotently, and blocks further automation
{"level":"info","time":"2026-07-28T08:59:52.672Z","service":"api","msg":"request.completed","method":"GET","url":"/v1/guest/conversations/3781a1ca-fe59-45af-b259-c51071b4aa43","statusCode":200,"requestId":"86c6b759-e4ff-45c1-84bd-921d63e8cc6f"}

stdout | src/conversations.integration.test.ts > guest conversations > executes scoped read-only AI tools and persists validated tool output
{"level":"info","time":"2026-07-28T08:59:52.933Z","service":"api","msg":"request.completed","method":"POST","url":"/v1/auth/login","statusCode":200,"requestId":"6a1435a6-e8d9-4dc9-b7e5-ad452ac461fc"}

stdout | src/conversations.integration.test.ts > guest conversations > executes scoped read-only AI tools and persists validated tool output
{"level":"info","time":"2026-07-28T08:59:52.935Z","service":"api","msg":"request.completed","method":"GET","url":"/v1/properties?organizationId=d215a186-f84d-4c7c-b75a-3189969999c2","statusCode":200,"requestId":"287b7782-4e15-42b5-8122-d3761c48dc71"}

stdout | src/conversations.integration.test.ts > guest conversations > executes scoped read-only AI tools and persists validated tool output
{"level":"info","time":"2026-07-28T08:59:52.937Z","service":"api","msg":"request.completed","method":"GET","url":"/v1/properties/8d283b2a-6ccd-4ab9-99be-79604deac640/locations","statusCode":200,"requestId":"3ee84199-3238-4d98-b4ec-c59cf439d1d6"}

stdout | src/conversations.integration.test.ts > guest conversations > executes scoped read-only AI tools and persists validated tool output
{"level":"info","time":"2026-07-28T08:59:52.941Z","service":"api","msg":"request.completed","method":"POST","url":"/v1/properties/8d283b2a-6ccd-4ab9-99be-79604deac640/qr-codes","statusCode":200,"requestId":"2dec1213-7eac-43b7-bc76-da454012fb99"}

stdout | src/conversations.integration.test.ts > guest conversations > executes scoped read-only AI tools and persists validated tool output
{"level":"info","time":"2026-07-28T08:59:52.943Z","service":"api","msg":"request.completed","method":"POST","url":"/v1/guest/sessions","statusCode":200,"requestId":"694615f7-2c3f-4f92-9c25-9623406c0bbe"}

stdout | src/conversations.integration.test.ts > guest conversations > executes scoped read-only AI tools and persists validated tool output
{"level":"info","time":"2026-07-28T08:59:52.945Z","service":"api","msg":"request.completed","method":"POST","url":"/v1/guest/conversations","statusCode":200,"requestId":"08999bc8-6cb3-40bf-a5af-a5bfb2397e4f"}

stdout | src/conversations.integration.test.ts > guest conversations > executes scoped read-only AI tools and persists validated tool output
{"level":"info","time":"2026-07-28T08:59:52.988Z","service":"api","msg":"request.completed","method":"POST","url":"/v1/guest/conversations/cbf84775-7d62-4f1c-9941-5a89850b6225/tool-results","statusCode":200,"requestId":"5773ebff-d238-4803-beb1-0433e7839d3a"}

stdout | src/conversations.integration.test.ts > guest conversations > executes scoped read-only AI tools and persists validated tool output
{"level":"info","time":"2026-07-28T08:59:52.990Z","service":"api","msg":"request.completed","method":"GET","url":"/v1/guest/conversations/cbf84775-7d62-4f1c-9941-5a89850b6225","statusCode":200,"requestId":"80b8b240-6ff3-4d96-adc0-aef0d8d4c6bf"}

stdout | src/conversations.integration.test.ts > guest conversations > validates AI tool input and denies unscoped tool calls
{"level":"info","time":"2026-07-28T08:59:53.223Z","service":"api","msg":"request.completed","method":"POST","url":"/v1/auth/login","statusCode":200,"requestId":"10ee9e63-633b-4279-b602-a0a48dd114f6"}

stdout | src/conversations.integration.test.ts > guest conversations > validates AI tool input and denies unscoped tool calls
{"level":"info","time":"2026-07-28T08:59:53.225Z","service":"api","msg":"request.completed","method":"GET","url":"/v1/properties?organizationId=d215a186-f84d-4c7c-b75a-3189969999c2","statusCode":200,"requestId":"c323b34c-26a4-4fca-889c-4246a1f6481c"}

stdout | src/conversations.integration.test.ts > guest conversations > validates AI tool input and denies unscoped tool calls
{"level":"info","time":"2026-07-28T08:59:53.227Z","service":"api","msg":"request.completed","method":"GET","url":"/v1/properties/8d283b2a-6ccd-4ab9-99be-79604deac640/locations","statusCode":200,"requestId":"4580e8a7-5038-4508-a28e-1a166fd2c956"}

stdout | src/conversations.integration.test.ts > guest conversations > validates AI tool input and denies unscoped tool calls
{"level":"info","time":"2026-07-28T08:59:53.231Z","service":"api","msg":"request.completed","method":"POST","url":"/v1/properties/8d283b2a-6ccd-4ab9-99be-79604deac640/qr-codes","statusCode":200,"requestId":"9978133c-fe42-42da-87e5-ae7b04b3e7fd"}

stdout | src/conversations.integration.test.ts > guest conversations > validates AI tool input and denies unscoped tool calls
{"level":"info","time":"2026-07-28T08:59:53.233Z","service":"api","msg":"request.completed","method":"POST","url":"/v1/guest/sessions","statusCode":200,"requestId":"2b3ceb6e-cfa6-4ef5-8b5f-86f697e93240"}

stdout | src/conversations.integration.test.ts > guest conversations > validates AI tool input and denies unscoped tool calls
{"level":"info","time":"2026-07-28T08:59:53.470Z","service":"api","msg":"request.completed","method":"POST","url":"/v1/auth/login","statusCode":200,"requestId":"6efa7edc-57b6-444d-8e27-63e342dc8a04"}

stdout | src/conversations.integration.test.ts > guest conversations > validates AI tool input and denies unscoped tool calls
{"level":"info","time":"2026-07-28T08:59:53.472Z","service":"api","msg":"request.completed","method":"GET","url":"/v1/properties?organizationId=d215a186-f84d-4c7c-b75a-3189969999c2","statusCode":200,"requestId":"4f6fe9fc-d93e-43f6-aa19-14a528449551"}

stdout | src/conversations.integration.test.ts > guest conversations > validates AI tool input and denies unscoped tool calls
{"level":"info","time":"2026-07-28T08:59:53.474Z","service":"api","msg":"request.completed","method":"GET","url":"/v1/properties/8d283b2a-6ccd-4ab9-99be-79604deac640/locations","statusCode":200,"requestId":"92f77820-8f1c-46f5-bd30-dc82864ecce5"}

stdout | src/conversations.integration.test.ts > guest conversations > validates AI tool input and denies unscoped tool calls
{"level":"info","time":"2026-07-28T08:59:53.478Z","service":"api","msg":"request.completed","method":"POST","url":"/v1/properties/8d283b2a-6ccd-4ab9-99be-79604deac640/qr-codes","statusCode":200,"requestId":"f884c32d-8e4d-4fae-88d6-66a184b3984e"}

stdout | src/conversations.integration.test.ts > guest conversations > validates AI tool input and denies unscoped tool calls
{"level":"info","time":"2026-07-28T08:59:53.480Z","service":"api","msg":"request.completed","method":"POST","url":"/v1/guest/sessions","statusCode":200,"requestId":"788cafbe-c7c5-416b-8a46-974d60f066af"}

stdout | src/conversations.integration.test.ts > guest conversations > validates AI tool input and denies unscoped tool calls
{"level":"info","time":"2026-07-28T08:59:53.482Z","service":"api","msg":"request.completed","method":"POST","url":"/v1/guest/conversations","statusCode":200,"requestId":"50d1a2d5-a870-46bd-baab-1b963961a4e9"}

stdout | src/conversations.integration.test.ts > guest conversations > validates AI tool input and denies unscoped tool calls
{"level":"info","time":"2026-07-28T08:59:53.483Z","service":"api","msg":"request.completed","method":"POST","url":"/v1/guest/conversations/0d134b54-a0c2-4e72-bf9e-c461677936bd/tool-results","statusCode":401,"requestId":"c349380b-2684-45e3-8a08-de847b3eb7fc"}

stdout | src/conversations.integration.test.ts > guest conversations > validates AI tool input and denies unscoped tool calls
{"level":"info","time":"2026-07-28T08:59:53.484Z","service":"api","msg":"request.completed","method":"POST","url":"/v1/guest/conversations/0d134b54-a0c2-4e72-bf9e-c461677936bd/tool-results","statusCode":404,"requestId":"86d08aab-dfe3-4781-ba68-d17c09e265c8"}

stdout | src/conversations.integration.test.ts > guest conversations > validates AI tool input and denies unscoped tool calls
{"level":"info","time":"2026-07-28T08:59:53.487Z","service":"api","msg":"request.completed","method":"POST","url":"/v1/guest/conversations/0d134b54-a0c2-4e72-bf9e-c461677936bd/tool-results","statusCode":400,"requestId":"3a5db521-0ddf-47d0-903a-ad8cdf2db1ae"}

stdout | src/conversations.integration.test.ts > guest conversations > fails closed when prompt injection asks a read-only tool to bypass confirmation
{"level":"info","time":"2026-07-28T08:59:53.723Z","service":"api","msg":"request.completed","method":"POST","url":"/v1/auth/login","statusCode":200,"requestId":"2b4d3e24-682f-4c6b-829b-ffc3fed2269c"}

stdout | src/conversations.integration.test.ts > guest conversations > fails closed when prompt injection asks a read-only tool to bypass confirmation
{"level":"info","time":"2026-07-28T08:59:53.725Z","service":"api","msg":"request.completed","method":"GET","url":"/v1/properties?organizationId=d215a186-f84d-4c7c-b75a-3189969999c2","statusCode":200,"requestId":"f6d332c6-b4c3-4a52-89f9-0f9e06729b5c"}

stdout | src/conversations.integration.test.ts > guest conversations > fails closed when prompt injection asks a read-only tool to bypass confirmation
{"level":"info","time":"2026-07-28T08:59:53.727Z","service":"api","msg":"request.completed","method":"GET","url":"/v1/properties/8d283b2a-6ccd-4ab9-99be-79604deac640/locations","statusCode":200,"requestId":"23aab524-3c2c-4916-9280-7f8b929e4426"}

stdout | src/conversations.integration.test.ts > guest conversations > fails closed when prompt injection asks a read-only tool to bypass confirmation
{"level":"info","time":"2026-07-28T08:59:53.733Z","service":"api","msg":"request.completed","method":"POST","url":"/v1/properties/8d283b2a-6ccd-4ab9-99be-79604deac640/qr-codes","statusCode":200,"requestId":"8e092104-5fbd-4c92-a86c-1cc042cfd9f7"}

stdout | src/conversations.integration.test.ts > guest conversations > fails closed when prompt injection asks a read-only tool to bypass confirmation
{"level":"info","time":"2026-07-28T08:59:53.734Z","service":"api","msg":"request.completed","method":"POST","url":"/v1/guest/sessions","statusCode":200,"requestId":"fad07302-f469-4e26-ab57-af6975ae29c9"}

stdout | src/conversations.integration.test.ts > guest conversations > fails closed when prompt injection asks a read-only tool to bypass confirmation
{"level":"info","time":"2026-07-28T08:59:53.737Z","service":"api","msg":"request.completed","method":"POST","url":"/v1/guest/conversations","statusCode":200,"requestId":"bda32a02-e0fa-4750-88f2-18b2055c6bfd"}

stdout | src/conversations.integration.test.ts > guest conversations > fails closed when prompt injection asks a read-only tool to bypass confirmation
{"level":"info","time":"2026-07-28T08:59:53.743Z","service":"api","msg":"request.completed","method":"POST","url":"/v1/guest/conversations/7990cc22-021b-4a6a-a818-2a34388bd36b/tool-results","statusCode":200,"requestId":"6a67858c-b13b-4c70-9573-efb177789598"}

stdout | src/conversations.integration.test.ts > guest conversations > reads catalog tool output only from the scoped published portal
{"level":"info","time":"2026-07-28T08:59:53.982Z","service":"api","msg":"request.completed","method":"POST","url":"/v1/auth/login","statusCode":200,"requestId":"87d803f3-4c11-4cf6-92ff-2544fb7f83e2"}

stdout | src/conversations.integration.test.ts > guest conversations > reads catalog tool output only from the scoped published portal
{"level":"info","time":"2026-07-28T08:59:53.984Z","service":"api","msg":"request.completed","method":"GET","url":"/v1/properties?organizationId=d215a186-f84d-4c7c-b75a-3189969999c2","statusCode":200,"requestId":"bf0b8160-6c27-472f-80e5-2e19432439ff"}

stdout | src/conversations.integration.test.ts > guest conversations > reads catalog tool output only from the scoped published portal
{"level":"info","time":"2026-07-28T08:59:53.986Z","service":"api","msg":"request.completed","method":"GET","url":"/v1/properties/8d283b2a-6ccd-4ab9-99be-79604deac640/locations","statusCode":200,"requestId":"14706131-0a91-46e0-89bf-af1d97527ce2"}

stdout | src/conversations.integration.test.ts > guest conversations > reads catalog tool output only from the scoped published portal
{"level":"info","time":"2026-07-28T08:59:53.991Z","service":"api","msg":"request.completed","method":"POST","url":"/v1/properties/8d283b2a-6ccd-4ab9-99be-79604deac640/qr-codes","statusCode":200,"requestId":"908b0d9d-33a4-4ec2-8eda-31d7030fb203"}

stdout | src/conversations.integration.test.ts > guest conversations > reads catalog tool output only from the scoped published portal
{"level":"info","time":"2026-07-28T08:59:53.993Z","service":"api","msg":"request.completed","method":"POST","url":"/v1/guest/sessions","statusCode":200,"requestId":"3845f52a-b568-4e70-a8d2-0b4c9787314c"}

stdout | src/conversations.integration.test.ts > guest conversations > reads catalog tool output only from the scoped published portal
{"level":"info","time":"2026-07-28T08:59:53.998Z","service":"api","msg":"request.completed","method":"GET","url":"/v1/properties/8d283b2a-6ccd-4ab9-99be-79604deac640/portal/draft","statusCode":200,"requestId":"e98a012f-a477-4a11-b8ae-f5951e599e70"}

stdout | src/conversations.integration.test.ts > guest conversations > reads catalog tool output only from the scoped published portal
{"level":"info","time":"2026-07-28T08:59:54.001Z","service":"api","msg":"request.completed","method":"POST","url":"/v1/properties/8d283b2a-6ccd-4ab9-99be-79604deac640/portal/publish","statusCode":200,"requestId":"4bef8707-bdaf-4c60-8d17-80d4797640e8"}

stdout | src/conversations.integration.test.ts > guest conversations > reads catalog tool output only from the scoped published portal
{"level":"info","time":"2026-07-28T08:59:54.003Z","service":"api","msg":"request.completed","method":"POST","url":"/v1/guest/conversations","statusCode":200,"requestId":"f56aedd4-eda3-48cd-b5bc-c247ad0b07a1"}

stdout | src/conversations.integration.test.ts > guest conversations > reads catalog tool output only from the scoped published portal
{"level":"info","time":"2026-07-28T08:59:54.011Z","service":"api","msg":"request.completed","method":"POST","url":"/v1/guest/conversations/926a2e5c-b16a-4437-badf-b4fcf18fa7d0/tool-results","statusCode":200,"requestId":"d23d784d-b340-4d52-a123-a58a96ea73af"}

stdout | src/conversations.integration.test.ts > guest conversations > keeps voice request draft tools behind idempotent guest confirmation
{"level":"info","time":"2026-07-28T08:59:54.238Z","service":"api","msg":"request.completed","method":"POST","url":"/v1/auth/login","statusCode":200,"requestId":"829bea40-4b12-4525-925e-d3cafbaa97ff"}

stdout | src/conversations.integration.test.ts > guest conversations > keeps voice request draft tools behind idempotent guest confirmation
{"level":"info","time":"2026-07-28T08:59:54.240Z","service":"api","msg":"request.completed","method":"GET","url":"/v1/properties?organizationId=d215a186-f84d-4c7c-b75a-3189969999c2","statusCode":200,"requestId":"e9ccffa1-c422-4e06-8e3c-ef50b15cb945"}

stdout | src/conversations.integration.test.ts > guest conversations > keeps voice request draft tools behind idempotent guest confirmation
{"level":"info","time":"2026-07-28T08:59:54.242Z","service":"api","msg":"request.completed","method":"GET","url":"/v1/properties/8d283b2a-6ccd-4ab9-99be-79604deac640/locations","statusCode":200,"requestId":"46e6db70-2d1f-457b-bd2d-115df7b15f27"}

stdout | src/conversations.integration.test.ts > guest conversations > keeps voice request draft tools behind idempotent guest confirmation
{"level":"info","time":"2026-07-28T08:59:54.244Z","service":"api","msg":"request.completed","method":"POST","url":"/v1/properties/8d283b2a-6ccd-4ab9-99be-79604deac640/qr-codes","statusCode":200,"requestId":"77b91a38-d825-4a83-b95a-19de0383212e"}

stdout | src/conversations.integration.test.ts > guest conversations > keeps voice request draft tools behind idempotent guest confirmation
{"level":"info","time":"2026-07-28T08:59:54.246Z","service":"api","msg":"request.completed","method":"POST","url":"/v1/guest/sessions","statusCode":200,"requestId":"6e7753a9-7293-4cd5-9e0a-db4e35e9176a"}

stdout | src/conversations.integration.test.ts > guest conversations > keeps voice request draft tools behind idempotent guest confirmation
{"level":"info","time":"2026-07-28T08:59:54.249Z","service":"api","msg":"request.completed","method":"POST","url":"/v1/guest/conversations","statusCode":200,"requestId":"e3fb572a-6ccd-46f9-8ff6-85b93a745d23"}

stdout | src/conversations.integration.test.ts > guest conversations > keeps voice request draft tools behind idempotent guest confirmation
{"level":"info","time":"2026-07-28T08:59:54.254Z","service":"api","msg":"request.completed","method":"POST","url":"/v1/guest/conversations/eb6527cb-d2f0-4c03-934f-db4c8e417b80/tool-results","statusCode":200,"requestId":"48fa5fe2-b5bd-4b29-915d-b8988fd87094"}

stdout | src/conversations.integration.test.ts > guest conversations > keeps voice request draft tools behind idempotent guest confirmation
{"level":"info","time":"2026-07-28T08:59:54.260Z","service":"api","msg":"request.completed","method":"POST","url":"/v1/guest/request-drafts/e382838e-3c24-4153-9b04-44c288715372/confirm","statusCode":200,"requestId":"1817a288-6810-4db2-8207-6ee025497973"}

stdout | src/conversations.integration.test.ts > guest conversations > keeps voice request draft tools behind idempotent guest confirmation
{"level":"info","time":"2026-07-28T08:59:54.263Z","service":"api","msg":"request.completed","method":"POST","url":"/v1/guest/request-drafts/e382838e-3c24-4153-9b04-44c288715372/confirm","statusCode":200,"requestId":"4895aa07-f7a6-4e42-86b4-ac1940d5625d"}

stdout | src/conversations.integration.test.ts > guest conversations > keeps voice request draft tools behind idempotent guest confirmation
{"level":"info","time":"2026-07-28T08:59:54.267Z","service":"api","msg":"request.completed","method":"GET","url":"/v1/guest/conversations/eb6527cb-d2f0-4c03-934f-db4c8e417b80","statusCode":200,"requestId":"bdd9b8be-cd8c-44e7-9b08-ba7191716800"}

stdout | src/conversations.integration.test.ts > guest conversations > accepts tenant-scoped voice metrics and denies cross-session metrics
{"level":"info","time":"2026-07-28T08:59:54.494Z","service":"api","msg":"request.completed","method":"POST","url":"/v1/auth/login","statusCode":200,"requestId":"3e32ea98-e180-4890-9429-8fbb57a1f7a8"}

stdout | src/conversations.integration.test.ts > guest conversations > accepts tenant-scoped voice metrics and denies cross-session metrics
{"level":"info","time":"2026-07-28T08:59:54.496Z","service":"api","msg":"request.completed","method":"GET","url":"/v1/properties?organizationId=d215a186-f84d-4c7c-b75a-3189969999c2","statusCode":200,"requestId":"e9d50a6a-3d0e-4198-be61-9a4da729171e"}

stdout | src/conversations.integration.test.ts > guest conversations > accepts tenant-scoped voice metrics and denies cross-session metrics
{"level":"info","time":"2026-07-28T08:59:54.498Z","service":"api","msg":"request.completed","method":"GET","url":"/v1/properties/8d283b2a-6ccd-4ab9-99be-79604deac640/locations","statusCode":200,"requestId":"a6fc94bc-4811-40bc-a55d-375a804fe6d8"}

stdout | src/conversations.integration.test.ts > guest conversations > accepts tenant-scoped voice metrics and denies cross-session metrics
{"level":"info","time":"2026-07-28T08:59:54.502Z","service":"api","msg":"request.completed","method":"POST","url":"/v1/properties/8d283b2a-6ccd-4ab9-99be-79604deac640/qr-codes","statusCode":200,"requestId":"13dc4ff2-d95a-4602-9808-61bbd496a6f1"}

stdout | src/conversations.integration.test.ts > guest conversations > accepts tenant-scoped voice metrics and denies cross-session metrics
{"level":"info","time":"2026-07-28T08:59:54.503Z","service":"api","msg":"request.completed","method":"POST","url":"/v1/guest/sessions","statusCode":200,"requestId":"ce66f53a-67b1-4c4d-af60-cbd6f8486c5a"}

stdout | src/conversations.integration.test.ts > guest conversations > accepts tenant-scoped voice metrics and denies cross-session metrics
{"level":"info","time":"2026-07-28T08:59:54.724Z","service":"api","msg":"request.completed","method":"POST","url":"/v1/auth/login","statusCode":200,"requestId":"79bc6d91-3af0-483d-998d-f782f266097c"}

stdout | src/conversations.integration.test.ts > guest conversations > accepts tenant-scoped voice metrics and denies cross-session metrics
{"level":"info","time":"2026-07-28T08:59:54.726Z","service":"api","msg":"request.completed","method":"GET","url":"/v1/properties?organizationId=d215a186-f84d-4c7c-b75a-3189969999c2","statusCode":200,"requestId":"9721b4c4-a500-47cd-852f-921200cb38d4"}

stdout | src/conversations.integration.test.ts > guest conversations > accepts tenant-scoped voice metrics and denies cross-session metrics
{"level":"info","time":"2026-07-28T08:59:54.728Z","service":"api","msg":"request.completed","method":"GET","url":"/v1/properties/8d283b2a-6ccd-4ab9-99be-79604deac640/locations","statusCode":200,"requestId":"354248de-813d-488d-ae14-8ac1b8bb8a34"}

stdout | src/conversations.integration.test.ts > guest conversations > accepts tenant-scoped voice metrics and denies cross-session metrics
{"level":"info","time":"2026-07-28T08:59:54.732Z","service":"api","msg":"request.completed","method":"POST","url":"/v1/properties/8d283b2a-6ccd-4ab9-99be-79604deac640/qr-codes","statusCode":200,"requestId":"a0a51b56-2613-4b7e-b6dd-7a5014da7f72"}

stdout | src/conversations.integration.test.ts > guest conversations > accepts tenant-scoped voice metrics and denies cross-session metrics
{"level":"info","time":"2026-07-28T08:59:54.734Z","service":"api","msg":"request.completed","method":"POST","url":"/v1/guest/sessions","statusCode":200,"requestId":"60a7b2ac-e047-4f24-9cb0-90ea517155e4"}

stdout | src/conversations.integration.test.ts > guest conversations > accepts tenant-scoped voice metrics and denies cross-session metrics
{"level":"info","time":"2026-07-28T08:59:54.736Z","service":"api","msg":"request.completed","method":"POST","url":"/v1/guest/conversations","statusCode":200,"requestId":"b6bf8796-2457-4f0b-ba66-87fa95d6c094"}

stdout | src/conversations.integration.test.ts > guest conversations > accepts tenant-scoped voice metrics and denies cross-session metrics
{"level":"info","time":"2026-07-28T08:59:54.738Z","service":"api","msg":"request.completed","method":"POST","url":"/v1/guest/conversations/e58b60cc-f6e1-4787-b1c6-827deb347b4d/voice-metrics","statusCode":200,"requestId":"e3e65e5e-dfcb-43e3-9fb2-0f603dc0a71e"}

stdout | src/conversations.integration.test.ts > guest conversations > accepts tenant-scoped voice metrics and denies cross-session metrics
{"level":"info","time":"2026-07-28T08:59:54.739Z","service":"api","msg":"request.completed","method":"POST","url":"/v1/guest/conversations/e58b60cc-f6e1-4787-b1c6-827deb347b4d/voice-metrics","statusCode":404,"requestId":"85201e1f-dce2-4dfb-b5dc-913097754561"}

stdout | src/conversations.integration.test.ts > guest conversations > accepts tenant-scoped voice metrics and denies cross-session metrics
{"level":"info","time":"2026-07-28T08:59:54.742Z","service":"api","msg":"request.completed","method":"POST","url":"/v1/guest/conversations/e58b60cc-f6e1-4787-b1c6-827deb347b4d/handoff","statusCode":200,"requestId":"a18add90-e7a0-40f0-827c-751c4a116adf"}

stdout | src/conversations.integration.test.ts > guest conversations > accepts tenant-scoped voice metrics and denies cross-session metrics
{"level":"info","time":"2026-07-28T08:59:54.743Z","service":"api","msg":"request.completed","method":"POST","url":"/v1/guest/conversations/e58b60cc-f6e1-4787-b1c6-827deb347b4d/voice-metrics","statusCode":409,"requestId":"f7aba08a-1788-4849-82dc-e2a882b19df7"}

stdout | src/conversations.integration.test.ts > guest conversations > requires explicit idempotent guest confirmation for request drafts
{"level":"info","time":"2026-07-28T08:59:54.965Z","service":"api","msg":"request.completed","method":"POST","url":"/v1/auth/login","statusCode":200,"requestId":"01d29066-ac39-4ae4-957d-ce839c29db6d"}

stdout | src/conversations.integration.test.ts > guest conversations > requires explicit idempotent guest confirmation for request drafts
{"level":"info","time":"2026-07-28T08:59:54.967Z","service":"api","msg":"request.completed","method":"GET","url":"/v1/properties?organizationId=d215a186-f84d-4c7c-b75a-3189969999c2","statusCode":200,"requestId":"647e4594-04f7-43a0-b606-3e6aed4d275a"}

stdout | src/conversations.integration.test.ts > guest conversations > requires explicit idempotent guest confirmation for request drafts
{"level":"info","time":"2026-07-28T08:59:54.969Z","service":"api","msg":"request.completed","method":"GET","url":"/v1/properties/8d283b2a-6ccd-4ab9-99be-79604deac640/locations","statusCode":200,"requestId":"3fe2e601-d8ac-4f7f-829e-493407daf5b7"}

stdout | src/conversations.integration.test.ts > guest conversations > requires explicit idempotent guest confirmation for request drafts
{"level":"info","time":"2026-07-28T08:59:54.972Z","service":"api","msg":"request.completed","method":"POST","url":"/v1/properties/8d283b2a-6ccd-4ab9-99be-79604deac640/qr-codes","statusCode":200,"requestId":"ab0e7923-3af6-4657-ab33-69d385b344ef"}

stdout | src/conversations.integration.test.ts > guest conversations > requires explicit idempotent guest confirmation for request drafts
{"level":"info","time":"2026-07-28T08:59:54.973Z","service":"api","msg":"request.completed","method":"POST","url":"/v1/guest/sessions","statusCode":200,"requestId":"4d1ad560-ad61-414f-b994-97cc03de46b0"}

stdout | src/conversations.integration.test.ts > guest conversations > requires explicit idempotent guest confirmation for request drafts
{"level":"info","time":"2026-07-28T08:59:54.975Z","service":"api","msg":"request.completed","method":"POST","url":"/v1/guest/conversations","statusCode":200,"requestId":"84ea447b-cb5b-4098-91a4-6a0d17e34239"}

stdout | src/conversations.integration.test.ts > guest conversations > requires explicit idempotent guest confirmation for request drafts
{"level":"info","time":"2026-07-28T08:59:54.976Z","service":"api","msg":"request.completed","method":"POST","url":"/v1/guest/request-drafts","statusCode":200,"requestId":"af0f1753-6397-45d6-8dc5-3432379074b1"}

stdout | src/conversations.integration.test.ts > guest conversations > requires explicit idempotent guest confirmation for request drafts
{"level":"info","time":"2026-07-28T08:59:54.981Z","service":"api","msg":"request.completed","method":"POST","url":"/v1/guest/request-drafts/a0d634ed-7bba-4f22-bafb-5903677d16de/confirm","statusCode":200,"requestId":"f592bb11-88ae-4b1f-9c98-5f73f585703f"}

stdout | src/conversations.integration.test.ts > guest conversations > requires explicit idempotent guest confirmation for request drafts
{"level":"info","time":"2026-07-28T08:59:54.984Z","service":"api","msg":"request.completed","method":"POST","url":"/v1/guest/request-drafts/a0d634ed-7bba-4f22-bafb-5903677d16de/confirm","statusCode":200,"requestId":"d782dbff-dccf-4094-bb79-1839224a8cbd"}

stdout | src/conversations.integration.test.ts > guest conversations > requires explicit idempotent guest confirmation for request drafts
{"level":"info","time":"2026-07-28T08:59:54.987Z","service":"api","msg":"request.completed","method":"GET","url":"/v1/guest/conversations/1d2c285c-3832-41f7-8730-b62acdf006b9","statusCode":200,"requestId":"d108d7fb-599b-44ec-9c3f-4eb9d4406c4f"}

stdout | src/conversations.integration.test.ts > guest conversations > rejects expired drafts without committing a request
{"level":"info","time":"2026-07-28T08:59:55.203Z","service":"api","msg":"request.completed","method":"POST","url":"/v1/auth/login","statusCode":200,"requestId":"812f6a0a-dc20-4947-bf4b-2fe586647225"}

stdout | src/conversations.integration.test.ts > guest conversations > rejects expired drafts without committing a request
{"level":"info","time":"2026-07-28T08:59:55.206Z","service":"api","msg":"request.completed","method":"GET","url":"/v1/properties?organizationId=d215a186-f84d-4c7c-b75a-3189969999c2","statusCode":200,"requestId":"a7dc3ce6-7ac9-4000-bc79-2244ae3b3066"}

stdout | src/conversations.integration.test.ts > guest conversations > rejects expired drafts without committing a request
{"level":"info","time":"2026-07-28T08:59:55.208Z","service":"api","msg":"request.completed","method":"GET","url":"/v1/properties/8d283b2a-6ccd-4ab9-99be-79604deac640/locations","statusCode":200,"requestId":"c93cfe78-1994-4b55-9dce-bbb4d3936625"}

stdout | src/conversations.integration.test.ts > guest conversations > rejects expired drafts without committing a request
{"level":"info","time":"2026-07-28T08:59:55.211Z","service":"api","msg":"request.completed","method":"POST","url":"/v1/properties/8d283b2a-6ccd-4ab9-99be-79604deac640/qr-codes","statusCode":200,"requestId":"cd3fdff4-5e04-4bd8-bebc-70a94d41ffb4"}

stdout | src/conversations.integration.test.ts > guest conversations > rejects expired drafts without committing a request
{"level":"info","time":"2026-07-28T08:59:55.213Z","service":"api","msg":"request.completed","method":"POST","url":"/v1/guest/sessions","statusCode":200,"requestId":"e21aa4a9-6b11-440c-85eb-a9d13de3fd6f"}

stdout | src/conversations.integration.test.ts > guest conversations > rejects expired drafts without committing a request
{"level":"info","time":"2026-07-28T08:59:55.215Z","service":"api","msg":"request.completed","method":"POST","url":"/v1/guest/conversations","statusCode":200,"requestId":"3e1f0fa5-6e3d-4300-9965-e8cb9de4bab7"}

stdout | src/conversations.integration.test.ts > guest conversations > rejects expired drafts without committing a request
{"level":"info","time":"2026-07-28T08:59:55.218Z","service":"api","msg":"request.completed","method":"POST","url":"/v1/guest/request-drafts","statusCode":200,"requestId":"8b41cdf2-bf92-4c74-aba4-f3d290572819"}

stdout | src/conversations.integration.test.ts > guest conversations > rejects expired drafts without committing a request
{"level":"info","time":"2026-07-28T08:59:55.221Z","service":"api","msg":"request.completed","method":"POST","url":"/v1/guest/request-drafts/ca82b7b2-a737-407f-88c7-f3608587b6af/confirm","statusCode":410,"requestId":"55b5af45-2e97-4de9-90df-5d4a6d58e2ca"}

stdout | src/conversations.integration.test.ts > guest conversations > denies unauthorized draft commits across guest sessions
{"level":"info","time":"2026-07-28T08:59:55.445Z","service":"api","msg":"request.completed","method":"POST","url":"/v1/auth/login","statusCode":200,"requestId":"4595355b-28ff-4e92-8ae4-7fb3f5f552ae"}

stdout | src/conversations.integration.test.ts > guest conversations > denies unauthorized draft commits across guest sessions
{"level":"info","time":"2026-07-28T08:59:55.446Z","service":"api","msg":"request.completed","method":"GET","url":"/v1/properties?organizationId=d215a186-f84d-4c7c-b75a-3189969999c2","statusCode":200,"requestId":"b4125487-e8fe-4f85-968e-246b7a5bb360"}

stdout | src/conversations.integration.test.ts > guest conversations > denies unauthorized draft commits across guest sessions
{"level":"info","time":"2026-07-28T08:59:55.448Z","service":"api","msg":"request.completed","method":"GET","url":"/v1/properties/8d283b2a-6ccd-4ab9-99be-79604deac640/locations","statusCode":200,"requestId":"60c41fea-28e5-4ab4-b1b3-8fb6118e0cec"}

stdout | src/conversations.integration.test.ts > guest conversations > denies unauthorized draft commits across guest sessions
{"level":"info","time":"2026-07-28T08:59:55.451Z","service":"api","msg":"request.completed","method":"POST","url":"/v1/properties/8d283b2a-6ccd-4ab9-99be-79604deac640/qr-codes","statusCode":200,"requestId":"587b95f5-76c3-4f80-b844-10646c03e877"}

stdout | src/conversations.integration.test.ts > guest conversations > denies unauthorized draft commits across guest sessions
{"level":"info","time":"2026-07-28T08:59:55.453Z","service":"api","msg":"request.completed","method":"POST","url":"/v1/guest/sessions","statusCode":200,"requestId":"5fe13a09-7730-4ee0-b85d-2ffa618778f7"}

stdout | src/conversations.integration.test.ts > guest conversations > denies unauthorized draft commits across guest sessions
{"level":"info","time":"2026-07-28T08:59:55.675Z","service":"api","msg":"request.completed","method":"POST","url":"/v1/auth/login","statusCode":200,"requestId":"87f55e44-80a3-4503-97d8-4c3a6b97b03a"}

stdout | src/conversations.integration.test.ts > guest conversations > denies unauthorized draft commits across guest sessions
{"level":"info","time":"2026-07-28T08:59:55.676Z","service":"api","msg":"request.completed","method":"GET","url":"/v1/properties?organizationId=d215a186-f84d-4c7c-b75a-3189969999c2","statusCode":200,"requestId":"0536b79e-7157-4b5f-b895-0de8fd4a2f23"}

stdout | src/conversations.integration.test.ts > guest conversations > denies unauthorized draft commits across guest sessions
{"level":"info","time":"2026-07-28T08:59:55.679Z","service":"api","msg":"request.completed","method":"GET","url":"/v1/properties/8d283b2a-6ccd-4ab9-99be-79604deac640/locations","statusCode":200,"requestId":"54784fed-196a-4830-b2f3-cfdb03b8d866"}

stdout | src/conversations.integration.test.ts > guest conversations > denies unauthorized draft commits across guest sessions
{"level":"info","time":"2026-07-28T08:59:55.682Z","service":"api","msg":"request.completed","method":"POST","url":"/v1/properties/8d283b2a-6ccd-4ab9-99be-79604deac640/qr-codes","statusCode":200,"requestId":"e9b5147a-4df0-4129-afe3-f27595179777"}

stdout | src/conversations.integration.test.ts > guest conversations > denies unauthorized draft commits across guest sessions
{"level":"info","time":"2026-07-28T08:59:55.684Z","service":"api","msg":"request.completed","method":"POST","url":"/v1/guest/sessions","statusCode":200,"requestId":"7fe445a7-4066-411a-b1a7-4f61c7bb3c19"}

stdout | src/conversations.integration.test.ts > guest conversations > denies unauthorized draft commits across guest sessions
{"level":"info","time":"2026-07-28T08:59:55.686Z","service":"api","msg":"request.completed","method":"POST","url":"/v1/guest/conversations","statusCode":200,"requestId":"e81352a6-15a7-45e5-b4a6-d5e82a62bb29"}

stdout | src/conversations.integration.test.ts > guest conversations > denies unauthorized draft commits across guest sessions
{"level":"info","time":"2026-07-28T08:59:55.689Z","service":"api","msg":"request.completed","method":"POST","url":"/v1/guest/request-drafts","statusCode":200,"requestId":"f3b0475a-750c-4b0b-9b1e-ffb34bc44ccb"}

stdout | src/conversations.integration.test.ts > guest conversations > denies unauthorized draft commits across guest sessions
{"level":"info","time":"2026-07-28T08:59:55.691Z","service":"api","msg":"request.completed","method":"POST","url":"/v1/guest/request-drafts/baca7d0b-210c-44c2-94a3-849a64a32912/confirm","statusCode":404,"requestId":"d611f849-2e89-47e3-be64-8fa086880a23"}

stdout | src/conversations.integration.test.ts > guest conversations > creates order drafts through AI tools and commits only after guest confirmation
{"level":"info","time":"2026-07-28T08:59:56.181Z","service":"api","msg":"request.completed","method":"POST","url":"/v1/auth/login","statusCode":200,"requestId":"caf926e2-6de2-4572-a1e0-61a0d08b3637"}

stdout | src/conversations.integration.test.ts > guest conversations > creates order drafts through AI tools and commits only after guest confirmation
{"level":"info","time":"2026-07-28T08:59:56.186Z","service":"api","msg":"request.completed","method":"GET","url":"/v1/properties?organizationId=d215a186-f84d-4c7c-b75a-3189969999c2","statusCode":200,"requestId":"12172377-04e9-4b3d-aab7-de7602a1fa54"}

stdout | src/conversations.integration.test.ts > guest conversations > creates order drafts through AI tools and commits only after guest confirmation
{"level":"info","time":"2026-07-28T08:59:56.189Z","service":"api","msg":"request.completed","method":"GET","url":"/v1/properties/8d283b2a-6ccd-4ab9-99be-79604deac640/locations","statusCode":200,"requestId":"a38295a0-8284-41b5-a0d2-832b6d2ff2b5"}

stdout | src/conversations.integration.test.ts > guest conversations > creates order drafts through AI tools and commits only after guest confirmation
{"level":"info","time":"2026-07-28T08:59:56.195Z","service":"api","msg":"request.completed","method":"POST","url":"/v1/properties/8d283b2a-6ccd-4ab9-99be-79604deac640/qr-codes","statusCode":200,"requestId":"5ab969ef-1190-45a3-b2e6-9d592c6259fe"}

stdout | src/conversations.integration.test.ts > guest conversations > creates order drafts through AI tools and commits only after guest confirmation
{"level":"info","time":"2026-07-28T08:59:56.199Z","service":"api","msg":"request.completed","method":"POST","url":"/v1/guest/sessions","statusCode":200,"requestId":"f4214a6a-c575-4edc-9046-88843a0a21dc"}

stdout | src/conversations.integration.test.ts > guest conversations > creates order drafts through AI tools and commits only after guest confirmation
{"level":"info","time":"2026-07-28T08:59:56.202Z","service":"api","msg":"request.completed","method":"POST","url":"/v1/guest/conversations","statusCode":200,"requestId":"85ff0540-e61a-40ea-9fee-152523bee166"}

stdout | src/conversations.integration.test.ts > guest conversations > creates order drafts through AI tools and commits only after guest confirmation
{"level":"info","time":"2026-07-28T08:59:56.219Z","service":"api","msg":"request.completed","method":"POST","url":"/v1/guest/conversations/933f50b4-4ddc-40c6-b6ef-473f07830a62/tool-results","statusCode":200,"requestId":"06afcf79-8df8-4b40-87f4-f55f6b55e6d4"}

stdout | src/conversations.integration.test.ts > guest conversations > creates order drafts through AI tools and commits only after guest confirmation
{"level":"info","time":"2026-07-28T08:59:56.222Z","service":"api","msg":"request.completed","method":"POST","url":"/v1/guest/conversations/933f50b4-4ddc-40c6-b6ef-473f07830a62/tool-results","statusCode":400,"requestId":"a0aadfa1-2d27-4b90-b2c1-3679852ab0a6"}

stdout | src/conversations.integration.test.ts > guest conversations > creates order drafts through AI tools and commits only after guest confirmation
{"level":"info","time":"2026-07-28T08:59:56.232Z","service":"api","msg":"request.completed","method":"POST","url":"/v1/guest/order-drafts/c04f4184-246c-417b-b3b5-061321b05d7c/confirm","statusCode":200,"requestId":"ed1e73b1-7c7e-4d09-89ed-5041306e7c7e"}

 ✓ src/conversations.integration.test.ts (14 tests) 5175ms
   ✓ guest conversations > isolates conversations by guest session and tenant scope  763ms
   ✓ guest conversations > executes scoped read-only AI tools and persists validated tool output  318ms
   ✓ guest conversations > validates AI tool input and denies unscoped tool calls  497ms
   ✓ guest conversations > accepts tenant-scoped voice metrics and denies cross-session metrics  476ms
   ✓ guest conversations > denies unauthorized draft commits across guest sessions  470ms
   ✓ guest conversations > creates order drafts through AI tools and commits only after guest confirmation  542ms
stdout | src/uploads.integration.test.ts > uploads and assets (R2 REAL_STAGING) > rejects unauthorized and invalid content-type/size
{"level":"info","time":"2026-07-28T08:59:56.924Z","service":"api","msg":"request.completed","method":"POST","url":"/v1/uploads/presign","statusCode":401,"requestId":"b40ea59a-3059-44c2-b935-eca2fc31c3ff"}

stdout | src/uploads.integration.test.ts > uploads and assets (R2 REAL_STAGING) > rejects unauthorized and invalid content-type/size
{"level":"info","time":"2026-07-28T08:59:57.167Z","service":"api","msg":"request.completed","method":"POST","url":"/v1/auth/login","statusCode":200,"requestId":"50600d30-4b0c-4cbb-a2b0-e12ef02de3eb"}

stdout | src/uploads.integration.test.ts > uploads and assets (R2 REAL_STAGING) > rejects unauthorized and invalid content-type/size
{"level":"info","time":"2026-07-28T08:59:57.172Z","service":"api","msg":"request.completed","method":"GET","url":"/v1/properties?organizationId=d215a186-f84d-4c7c-b75a-3189969999c2","statusCode":200,"requestId":"e70f5d37-fd77-4620-abfe-a9adace8de04"}

stdout | src/uploads.integration.test.ts > uploads and assets (R2 REAL_STAGING) > rejects unauthorized and invalid content-type/size
{"level":"info","time":"2026-07-28T08:59:57.175Z","service":"api","msg":"request.completed","method":"POST","url":"/v1/uploads/presign","statusCode":400,"requestId":"f19cc506-4ad0-4fb4-b74b-0a366edda798"}

stdout | src/uploads.integration.test.ts > uploads and assets (R2 REAL_STAGING) > rejects unauthorized and invalid content-type/size
{"level":"info","time":"2026-07-28T08:59:57.178Z","service":"api","msg":"request.completed","method":"POST","url":"/v1/uploads/presign","statusCode":400,"requestId":"50c523d9-08c6-4764-a9cc-c0a796a5fbdf"}

stdout | src/uploads.integration.test.ts > uploads and assets (R2 REAL_STAGING) > rejects unauthorized and invalid content-type/size
{"level":"info","time":"2026-07-28T08:59:57.403Z","service":"api","msg":"request.completed","method":"POST","url":"/v1/auth/login","statusCode":200,"requestId":"e0794168-c58f-4cc9-9c6f-020c4a4dab03"}

stdout | src/uploads.integration.test.ts > uploads and assets (R2 REAL_STAGING) > rejects unauthorized and invalid content-type/size
{"level":"info","time":"2026-07-28T08:59:57.407Z","service":"api","msg":"request.completed","method":"POST","url":"/v1/uploads/presign","statusCode":403,"requestId":"2d4a0a88-1f22-4a76-b223-5c356951b6b1"}

stdout | src/uploads.integration.test.ts > uploads and assets (R2 REAL_STAGING) > presigns, uploads to R2, completes, reads, and deletes
{"level":"info","time":"2026-07-28T08:59:57.633Z","service":"api","msg":"request.completed","method":"POST","url":"/v1/auth/login","statusCode":200,"requestId":"093c32dc-2d8f-4bc0-8d76-44cbedd1ba78"}

stdout | src/uploads.integration.test.ts > uploads and assets (R2 REAL_STAGING) > presigns, uploads to R2, completes, reads, and deletes
{"level":"info","time":"2026-07-28T08:59:57.636Z","service":"api","msg":"request.completed","method":"GET","url":"/v1/properties?organizationId=d215a186-f84d-4c7c-b75a-3189969999c2","statusCode":200,"requestId":"5440cbe3-20ad-420a-88ae-cc4837050c15"}

stdout | src/uploads.integration.test.ts > uploads and assets (R2 REAL_STAGING) > presigns, uploads to R2, completes, reads, and deletes
{"level":"info","time":"2026-07-28T08:59:57.880Z","service":"api","msg":"request.completed","method":"POST","url":"/v1/uploads/presign","statusCode":200,"requestId":"9ceb9680-aed2-4c22-8d60-322144e714cb"}

stdout | src/uploads.integration.test.ts > uploads and assets (R2 REAL_STAGING) > presigns, uploads to R2, completes, reads, and deletes
{"level":"info","time":"2026-07-28T08:59:58.440Z","service":"api","msg":"request.completed","method":"POST","url":"/v1/uploads/complete","statusCode":200,"requestId":"594f6047-e0b2-43f4-bdbd-ae46351de221"}

stdout | src/uploads.integration.test.ts > uploads and assets (R2 REAL_STAGING) > presigns, uploads to R2, completes, reads, and deletes
{"level":"info","time":"2026-07-28T08:59:58.443Z","service":"api","msg":"request.completed","method":"GET","url":"/v1/assets/e0c006bb-9257-448f-8b14-50243fedb4e2","statusCode":200,"requestId":"813ede60-4459-4b49-9fd5-8e35bef5f648"}

stdout | src/uploads.integration.test.ts > uploads and assets (R2 REAL_STAGING) > presigns, uploads to R2, completes, reads, and deletes
{"level":"info","time":"2026-07-28T08:59:58.670Z","service":"api","msg":"request.completed","method":"POST","url":"/v1/auth/login","statusCode":200,"requestId":"78fd4b9e-6a9d-44d2-8d79-58052e92264f"}

stdout | src/uploads.integration.test.ts > uploads and assets (R2 REAL_STAGING) > presigns, uploads to R2, completes, reads, and deletes
{"level":"info","time":"2026-07-28T08:59:58.892Z","service":"api","msg":"request.completed","method":"POST","url":"/v1/auth/login","statusCode":200,"requestId":"fd88058b-225b-4d6a-b06a-94fc141094dd"}

stdout | src/uploads.integration.test.ts > uploads and assets (R2 REAL_STAGING) > presigns, uploads to R2, completes, reads, and deletes
{"level":"info","time":"2026-07-28T08:59:58.901Z","service":"api","msg":"request.completed","method":"GET","url":"/v1/assets/e0c006bb-9257-448f-8b14-50243fedb4e2","statusCode":403,"requestId":"ab9fde12-ba24-4d20-9e5f-c2d144a7110f"}

stdout | src/uploads.integration.test.ts > uploads and assets (R2 REAL_STAGING) > presigns, uploads to R2, completes, reads, and deletes
{"level":"info","time":"2026-07-28T08:59:59.075Z","service":"api","msg":"request.completed","method":"DELETE","url":"/v1/assets/e0c006bb-9257-448f-8b14-50243fedb4e2","statusCode":200,"requestId":"9983b9c2-ead3-4465-ae6b-db7ef6199296"}

stdout | src/uploads.integration.test.ts > uploads and assets (R2 REAL_STAGING) > presigns, uploads to R2, completes, reads, and deletes
{"level":"info","time":"2026-07-28T08:59:59.078Z","service":"api","msg":"request.completed","method":"GET","url":"/v1/assets/e0c006bb-9257-448f-8b14-50243fedb4e2","statusCode":404,"requestId":"2c6c0c7f-ac2c-44e8-bb83-75323a65b0c0"}

 ✓ src/uploads.integration.test.ts (2 tests) 2210ms
   ✓ uploads and assets (R2 REAL_STAGING) > rejects unauthorized and invalid content-type/size  492ms
   ✓ uploads and assets (R2 REAL_STAGING) > presigns, uploads to R2, completes, reads, and deletes  1670ms
stdout | src/analytics.integration.test.ts > admin analytics dashboard > aggregates QR, sessions, requests, orders and top services from tenant data
{"level":"info","time":"2026-07-28T08:59:59.842Z","service":"api","msg":"request.completed","method":"POST","url":"/v1/auth/login","statusCode":200,"requestId":"4f104477-4fb8-42e6-9c20-f4ee2fe0c74e"}

stdout | src/analytics.integration.test.ts > admin analytics dashboard > aggregates QR, sessions, requests, orders and top services from tenant data
{"level":"info","time":"2026-07-28T08:59:59.847Z","service":"api","msg":"request.completed","method":"GET","url":"/v1/properties?organizationId=d215a186-f84d-4c7c-b75a-3189969999c2","statusCode":200,"requestId":"33571323-b06f-4aa2-8874-1dda24e9b9ff"}

stdout | src/analytics.integration.test.ts > admin analytics dashboard > aggregates QR, sessions, requests, orders and top services from tenant data
{"level":"info","time":"2026-07-28T08:59:59.874Z","service":"api","msg":"request.completed","method":"GET","url":"/v1/admin/properties/3ab87d2a-0c78-4fac-aa15-515a733cc3ae/analytics?dateFrom=2026-02-14T00:00:00.000Z&dateTo=2026-02-15T00:00:00.000Z","statusCode":200,"requestId":"8bd2949a-a593-4ff7-b6e3-e56e616b693f"}

stdout | src/analytics.integration.test.ts > admin analytics dashboard > respects property timezone day boundaries
{"level":"info","time":"2026-07-28T09:00:00.137Z","service":"api","msg":"request.completed","method":"POST","url":"/v1/auth/login","statusCode":200,"requestId":"dc21730f-2daf-4715-a91c-97c30585ff45"}

stdout | src/analytics.integration.test.ts > admin analytics dashboard > respects property timezone day boundaries
{"level":"info","time":"2026-07-28T09:00:00.141Z","service":"api","msg":"request.completed","method":"GET","url":"/v1/properties?organizationId=d215a186-f84d-4c7c-b75a-3189969999c2","statusCode":200,"requestId":"3fc2ad53-b47b-45fb-a0e8-9e5b0527b10e"}

stdout | src/analytics.integration.test.ts > admin analytics dashboard > respects property timezone day boundaries
{"level":"info","time":"2026-07-28T09:00:00.163Z","service":"api","msg":"request.completed","method":"GET","url":"/v1/admin/properties/3ab87d2a-0c78-4fac-aa15-515a733cc3ae/analytics?dateFrom=2026-02-13T17:00:00.000Z&dateTo=2026-02-14T17:00:00.000Z&timezone=Asia%2FHo_Chi_Minh","statusCode":200,"requestId":"8c3638e4-912c-43fc-8d61-3568d17479a1"}

stdout | src/analytics.integration.test.ts > admin analytics dashboard > prevents tenant leakage and enforces analytics permission
{"level":"info","time":"2026-07-28T09:00:00.606Z","service":"api","msg":"request.completed","method":"POST","url":"/v1/auth/login","statusCode":200,"requestId":"e2310f3a-dc6c-43dd-8f1a-25289b5f7520"}

stdout | src/analytics.integration.test.ts > admin analytics dashboard > prevents tenant leakage and enforces analytics permission
{"level":"info","time":"2026-07-28T09:00:00.837Z","service":"api","msg":"request.completed","method":"POST","url":"/v1/auth/login","statusCode":200,"requestId":"d39a4a5b-e4cf-45c3-8f2f-e7ea00e323e7"}

stdout | src/analytics.integration.test.ts > admin analytics dashboard > prevents tenant leakage and enforces analytics permission
{"level":"info","time":"2026-07-28T09:00:01.071Z","service":"api","msg":"request.completed","method":"POST","url":"/v1/auth/login","statusCode":200,"requestId":"f4cc8fb3-2c91-434e-95d8-3c4beb7fbe29"}

stdout | src/analytics.integration.test.ts > admin analytics dashboard > prevents tenant leakage and enforces analytics permission
{"level":"info","time":"2026-07-28T09:00:01.074Z","service":"api","msg":"request.completed","method":"GET","url":"/v1/properties?organizationId=d215a186-f84d-4c7c-b75a-3189969999c2","statusCode":200,"requestId":"788d3558-6f56-4caf-9676-5f862f325c19"}

stdout | src/analytics.integration.test.ts > admin analytics dashboard > prevents tenant leakage and enforces analytics permission
{"level":"info","time":"2026-07-28T09:00:01.092Z","service":"api","msg":"request.completed","method":"GET","url":"/v1/properties?organizationId=67e4e9e6-f0b4-4e7f-a247-674a503d4ba6","statusCode":200,"requestId":"68cab3f4-1378-4455-8529-708d3f1a5693"}

stdout | src/analytics.integration.test.ts > admin analytics dashboard > prevents tenant leakage and enforces analytics permission
{"level":"info","time":"2026-07-28T09:00:01.104Z","service":"api","msg":"request.completed","method":"GET","url":"/v1/admin/properties/3ab87d2a-0c78-4fac-aa15-515a733cc3ae/analytics?dateFrom=2026-02-14T00:00:00.000Z&dateTo=2026-02-15T00:00:00.000Z","statusCode":403,"requestId":"ed635902-0f11-41da-80ad-38a81c3d7015"}

stdout | src/analytics.integration.test.ts > admin analytics dashboard > prevents tenant leakage and enforces analytics permission
{"level":"info","time":"2026-07-28T09:00:01.109Z","service":"api","msg":"request.completed","method":"GET","url":"/v1/admin/properties/8efde0b2-790a-49cd-8a14-20be5b6b29b1/analytics?dateFrom=2026-02-14T00:00:00.000Z&dateTo=2026-02-15T00:00:00.000Z","statusCode":403,"requestId":"02cb53b0-3cb0-488d-839c-28af5f5db0fc"}

stdout | src/analytics.integration.test.ts > admin analytics dashboard > prevents tenant leakage and enforces analytics permission
{"level":"info","time":"2026-07-28T09:00:01.116Z","service":"api","msg":"request.completed","method":"GET","url":"/v1/admin/properties/3ab87d2a-0c78-4fac-aa15-515a733cc3ae/analytics?dateFrom=2026-02-14T00:00:00.000Z&dateTo=2026-02-15T00:00:00.000Z","statusCode":200,"requestId":"f0ec42df-16ef-46b0-af80-5d9972ad2532"}

 ✓ src/analytics.integration.test.ts (4 tests) 1560ms
   ✓ admin analytics dashboard > prevents tenant leakage and enforces analytics permission  952ms
stdout | src/admin-operations.integration.test.ts > admin staff settings and knowledge operations > lists team members by permission scope and protects the last active owner
{"level":"info","time":"2026-07-28T09:00:01.955Z","service":"api","msg":"request.completed","method":"POST","url":"/v1/auth/login","statusCode":200,"requestId":"9630fa3f-1b9b-49fe-9d96-84646ba0af3a"}

stdout | src/admin-operations.integration.test.ts > admin staff settings and knowledge operations > lists team members by permission scope and protects the last active owner
{"level":"info","time":"2026-07-28T09:00:02.202Z","service":"api","msg":"request.completed","method":"POST","url":"/v1/auth/login","statusCode":200,"requestId":"c8f079a7-920e-4e66-83eb-f8e980e74040"}

stdout | src/admin-operations.integration.test.ts > admin staff settings and knowledge operations > lists team members by permission scope and protects the last active owner
{"level":"info","time":"2026-07-28T09:00:02.225Z","service":"api","msg":"request.completed","method":"GET","url":"/v1/organizations/d215a186-f84d-4c7c-b75a-3189969999c2/team/members","statusCode":200,"requestId":"e6c82ba3-6f89-401f-a8d0-2623c451a083"}

stdout | src/admin-operations.integration.test.ts > admin staff settings and knowledge operations > lists team members by permission scope and protects the last active owner
{"level":"info","time":"2026-07-28T09:00:02.249Z","service":"api","msg":"request.completed","method":"GET","url":"/v1/organizations/d215a186-f84d-4c7c-b75a-3189969999c2/team/members","statusCode":200,"requestId":"232fb4ae-8ef1-49e7-ae40-da65fe42d3b0"}

stdout | src/admin-operations.integration.test.ts > admin staff settings and knowledge operations > lists team members by permission scope and protects the last active owner
{"level":"info","time":"2026-07-28T09:00:02.253Z","service":"api","msg":"request.completed","method":"PATCH","url":"/v1/organizations/d215a186-f84d-4c7c-b75a-3189969999c2/team/members/399cea8c-e5e2-4230-9332-a2ad163f7120","statusCode":400,"requestId":"dd0af113-fb78-4e54-8d8a-1b37375bc16b"}

stdout | src/admin-operations.integration.test.ts > admin staff settings and knowledge operations > updates team assignments with audit and denies unauthorized managers
{"level":"info","time":"2026-07-28T09:00:02.467Z","service":"api","msg":"request.completed","method":"POST","url":"/v1/auth/login","statusCode":200,"requestId":"c1abbb0b-35a6-4ce6-8aa4-b35aa1a4ad05"}

stdout | src/admin-operations.integration.test.ts > admin staff settings and knowledge operations > updates team assignments with audit and denies unauthorized managers
{"level":"info","time":"2026-07-28T09:00:02.700Z","service":"api","msg":"request.completed","method":"POST","url":"/v1/auth/login","statusCode":200,"requestId":"897d8fb9-7b77-4d6e-87a9-75113942ef84"}

stdout | src/admin-operations.integration.test.ts > admin staff settings and knowledge operations > updates team assignments with audit and denies unauthorized managers
{"level":"info","time":"2026-07-28T09:00:02.703Z","service":"api","msg":"request.completed","method":"PATCH","url":"/v1/organizations/d215a186-f84d-4c7c-b75a-3189969999c2/team/members/213cffce-2982-468c-aeea-4ab7890c98df","statusCode":403,"requestId":"ad77ae57-c8a5-4ada-bac6-b99eb45623dc"}

stdout | src/admin-operations.integration.test.ts > admin staff settings and knowledge operations > updates team assignments with audit and denies unauthorized managers
{"level":"info","time":"2026-07-28T09:00:02.706Z","service":"api","msg":"request.completed","method":"GET","url":"/v1/properties?organizationId=d215a186-f84d-4c7c-b75a-3189969999c2","statusCode":200,"requestId":"f1b46152-8a37-48bf-94d8-e8111ebdfa73"}

stdout | src/admin-operations.integration.test.ts > admin staff settings and knowledge operations > updates team assignments with audit and denies unauthorized managers
{"level":"info","time":"2026-07-28T09:00:02.723Z","service":"api","msg":"request.completed","method":"PATCH","url":"/v1/organizations/d215a186-f84d-4c7c-b75a-3189969999c2/team/members/213cffce-2982-468c-aeea-4ab7890c98df","statusCode":200,"requestId":"12b5bfe6-5a6f-4350-a243-857218ef743c"}

stdout | src/admin-operations.integration.test.ts > admin staff settings and knowledge operations > validates organization settings and exposes security settings by permission
{"level":"info","time":"2026-07-28T09:00:02.934Z","service":"api","msg":"request.completed","method":"POST","url":"/v1/auth/login","statusCode":200,"requestId":"e36c70ee-1c35-4ae8-8eb4-d9f1a9df1081"}

stdout | src/admin-operations.integration.test.ts > admin staff settings and knowledge operations > validates organization settings and exposes security settings by permission
{"level":"info","time":"2026-07-28T09:00:03.143Z","service":"api","msg":"request.completed","method":"POST","url":"/v1/auth/login","statusCode":200,"requestId":"0d43c28e-3c8f-49dd-80ce-1a3b8adae346"}

stdout | src/admin-operations.integration.test.ts > admin staff settings and knowledge operations > validates organization settings and exposes security settings by permission
{"level":"info","time":"2026-07-28T09:00:03.145Z","service":"api","msg":"request.completed","method":"PATCH","url":"/v1/organizations/d215a186-f84d-4c7c-b75a-3189969999c2","statusCode":400,"requestId":"dd151a37-bc0a-47f2-9797-0c6c847621b8"}

stdout | src/admin-operations.integration.test.ts > admin staff settings and knowledge operations > validates organization settings and exposes security settings by permission
{"level":"info","time":"2026-07-28T09:00:03.147Z","service":"api","msg":"request.completed","method":"GET","url":"/v1/organizations/d215a186-f84d-4c7c-b75a-3189969999c2/security-settings","statusCode":200,"requestId":"a39a468d-956f-4ac3-8bbb-83527e1b040e"}

stdout | src/admin-operations.integration.test.ts > admin staff settings and knowledge operations > validates organization settings and exposes security settings by permission
{"level":"info","time":"2026-07-28T09:00:03.149Z","service":"api","msg":"request.completed","method":"GET","url":"/v1/organizations/d215a186-f84d-4c7c-b75a-3189969999c2/security-settings","statusCode":403,"requestId":"9a42a047-492f-4509-a868-5db3feacc21c"}

stdout | src/admin-operations.integration.test.ts > admin staff settings and knowledge operations > publishes, unpublishes and deletes knowledge with confirmation and tenant checks
{"level":"info","time":"2026-07-28T09:00:03.362Z","service":"api","msg":"request.completed","method":"POST","url":"/v1/auth/login","statusCode":200,"requestId":"6b548750-26ae-4a14-ba8e-a7f0ed468763"}

stdout | src/admin-operations.integration.test.ts > admin staff settings and knowledge operations > publishes, unpublishes and deletes knowledge with confirmation and tenant checks
{"level":"info","time":"2026-07-28T09:00:03.571Z","service":"api","msg":"request.completed","method":"POST","url":"/v1/auth/login","statusCode":200,"requestId":"a10ae5b1-1103-40a7-9e26-607f26a9d82e"}

stdout | src/admin-operations.integration.test.ts > admin staff settings and knowledge operations > publishes, unpublishes and deletes knowledge with confirmation and tenant checks
{"level":"info","time":"2026-07-28T09:00:03.573Z","service":"api","msg":"request.completed","method":"GET","url":"/v1/properties?organizationId=d215a186-f84d-4c7c-b75a-3189969999c2","statusCode":200,"requestId":"8ff8f09f-44f4-4a07-bb9c-0edad4a29b0d"}

stdout | src/admin-operations.integration.test.ts > admin staff settings and knowledge operations > publishes, unpublishes and deletes knowledge with confirmation and tenant checks
{"level":"info","time":"2026-07-28T09:00:03.576Z","service":"api","msg":"request.completed","method":"POST","url":"/v1/properties/8d283b2a-6ccd-4ab9-99be-79604deac640/knowledge-sources","statusCode":200,"requestId":"651c1ee2-f176-43af-b15a-8a8979a1e2f6"}

stdout | src/admin-operations.integration.test.ts > admin staff settings and knowledge operations > publishes, unpublishes and deletes knowledge with confirmation and tenant checks
{"level":"info","time":"2026-07-28T09:00:03.579Z","service":"api","msg":"request.completed","method":"DELETE","url":"/v1/properties/8d283b2a-6ccd-4ab9-99be-79604deac640/knowledge-sources/0423adc4-6db9-4be0-85a7-6877ec1e4275","statusCode":403,"requestId":"2420db7f-9992-4842-906f-d3c5c6048e22"}

stdout | src/admin-operations.integration.test.ts > admin staff settings and knowledge operations > publishes, unpublishes and deletes knowledge with confirmation and tenant checks
{"level":"info","time":"2026-07-28T09:00:03.581Z","service":"api","msg":"request.completed","method":"POST","url":"/v1/properties/8d283b2a-6ccd-4ab9-99be-79604deac640/knowledge-sources/0423adc4-6db9-4be0-85a7-6877ec1e4275/publish","statusCode":200,"requestId":"254723c5-1be3-48a6-909e-4089159a5ba6"}

stdout | src/admin-operations.integration.test.ts > admin staff settings and knowledge operations > publishes, unpublishes and deletes knowledge with confirmation and tenant checks
{"level":"info","time":"2026-07-28T09:00:03.583Z","service":"api","msg":"request.completed","method":"POST","url":"/v1/properties/8d283b2a-6ccd-4ab9-99be-79604deac640/knowledge-sources/0423adc4-6db9-4be0-85a7-6877ec1e4275/unpublish","statusCode":400,"requestId":"16856a88-4e28-4faa-b7a1-87348ea0944e"}

stdout | src/admin-operations.integration.test.ts > admin staff settings and knowledge operations > publishes, unpublishes and deletes knowledge with confirmation and tenant checks
{"level":"info","time":"2026-07-28T09:00:03.584Z","service":"api","msg":"request.completed","method":"POST","url":"/v1/properties/8d283b2a-6ccd-4ab9-99be-79604deac640/knowledge-sources/0423adc4-6db9-4be0-85a7-6877ec1e4275/unpublish","statusCode":200,"requestId":"1a176e71-ba7b-4c84-b8b4-da3c2baf7c29"}

stdout | src/admin-operations.integration.test.ts > admin staff settings and knowledge operations > publishes, unpublishes and deletes knowledge with confirmation and tenant checks
{"level":"info","time":"2026-07-28T09:00:03.586Z","service":"api","msg":"request.completed","method":"DELETE","url":"/v1/properties/8d283b2a-6ccd-4ab9-99be-79604deac640/knowledge-sources/0423adc4-6db9-4be0-85a7-6877ec1e4275","statusCode":400,"requestId":"5d82407a-0e58-42d1-a783-3feed910c973"}

stdout | src/admin-operations.integration.test.ts > admin staff settings and knowledge operations > publishes, unpublishes and deletes knowledge with confirmation and tenant checks
{"level":"info","time":"2026-07-28T09:00:03.591Z","service":"api","msg":"request.completed","method":"DELETE","url":"/v1/properties/8d283b2a-6ccd-4ab9-99be-79604deac640/knowledge-sources/0423adc4-6db9-4be0-85a7-6877ec1e4275","statusCode":200,"requestId":"400b0f74-40fd-4281-b5c4-a052b5fcc735"}

 ✓ src/admin-operations.integration.test.ts (4 tests) 1933ms
   ✓ admin staff settings and knowledge operations > lists team members by permission scope and protects the last active owner  561ms
   ✓ admin staff settings and knowledge operations > updates team assignments with audit and denies unauthorized managers  471ms
   ✓ admin staff settings and knowledge operations > validates organization settings and exposes security settings by permission  424ms
   ✓ admin staff settings and knowledge operations > publishes, unpublishes and deletes knowledge with confirmation and tenant checks  442ms
stdout | src/tenant.integration.test.ts > tenant isolation integration > prevents aurora owner from listing nomad properties
{"level":"info","time":"2026-07-28T09:00:04.391Z","service":"api","msg":"request.completed","method":"POST","url":"/v1/auth/login","statusCode":200,"requestId":"5f3b3146-8731-4631-93cc-e8c11ea7da63"}

stdout | src/tenant.integration.test.ts > tenant isolation integration > prevents aurora owner from listing nomad properties
{"level":"info","time":"2026-07-28T09:00:04.606Z","service":"api","msg":"request.completed","method":"POST","url":"/v1/auth/login","statusCode":200,"requestId":"434096e0-5177-4d82-a2a1-a2b316102702"}

stdout | src/tenant.integration.test.ts > tenant isolation integration > prevents aurora owner from listing nomad properties
{"level":"info","time":"2026-07-28T09:00:04.610Z","service":"api","msg":"request.completed","method":"GET","url":"/v1/properties?organizationId=67e4e9e6-f0b4-4e7f-a247-674a503d4ba6","statusCode":403,"requestId":"f9c8febd-6a7f-4de3-b7de-cc93ba5aa9c4"}

stdout | src/tenant.integration.test.ts > tenant isolation integration > scopes property manager to assigned properties only
{"level":"info","time":"2026-07-28T09:00:04.831Z","service":"api","msg":"request.completed","method":"POST","url":"/v1/auth/login","statusCode":200,"requestId":"14663a06-c5e4-4257-b6d0-677b2e076203"}

stdout | src/tenant.integration.test.ts > tenant isolation integration > scopes property manager to assigned properties only
{"level":"info","time":"2026-07-28T09:00:04.834Z","service":"api","msg":"request.completed","method":"GET","url":"/v1/properties?organizationId=d215a186-f84d-4c7c-b75a-3189969999c2","statusCode":200,"requestId":"5f697e29-3cf5-4348-b679-8e2ea3609a5f"}

stdout | src/tenant.integration.test.ts > tenant isolation integration > supports logout and session revocation
{"level":"info","time":"2026-07-28T09:00:05.046Z","service":"api","msg":"request.completed","method":"POST","url":"/v1/auth/login","statusCode":200,"requestId":"2d06334c-1319-48dd-a25e-8dde7468a3cd"}

stdout | src/tenant.integration.test.ts > tenant isolation integration > supports logout and session revocation
{"level":"info","time":"2026-07-28T09:00:05.047Z","service":"api","msg":"request.completed","method":"GET","url":"/v1/me","statusCode":200,"requestId":"1902958d-4fe6-47ee-8415-a2b3267191cf"}

stdout | src/tenant.integration.test.ts > tenant isolation integration > supports logout and session revocation
{"level":"info","time":"2026-07-28T09:00:05.050Z","service":"api","msg":"request.completed","method":"POST","url":"/v1/auth/logout","statusCode":200,"requestId":"88062be7-1c42-4c94-8e5f-2c9bf3bfd484"}

stdout | src/tenant.integration.test.ts > tenant isolation integration > supports logout and session revocation
{"level":"info","time":"2026-07-28T09:00:05.051Z","service":"api","msg":"request.completed","method":"GET","url":"/v1/me","statusCode":401,"requestId":"def226e5-9ebb-401c-83b0-6fce1dcbc11e"}

stdout | src/tenant.integration.test.ts > tenant isolation integration > blocks IDOR property fetch across tenants
{"level":"info","time":"2026-07-28T09:00:05.265Z","service":"api","msg":"request.completed","method":"POST","url":"/v1/auth/login","statusCode":200,"requestId":"ac0d1bc7-670b-46ef-b80d-914c12b93a07"}

stdout | src/tenant.integration.test.ts > tenant isolation integration > blocks IDOR property fetch across tenants
{"level":"info","time":"2026-07-28T09:00:05.478Z","service":"api","msg":"request.completed","method":"POST","url":"/v1/auth/login","statusCode":200,"requestId":"f90129af-3c92-4315-bc7d-27eceaebc374"}

stdout | src/tenant.integration.test.ts > tenant isolation integration > blocks IDOR property fetch across tenants
{"level":"info","time":"2026-07-28T09:00:05.480Z","service":"api","msg":"request.completed","method":"GET","url":"/v1/properties?organizationId=67e4e9e6-f0b4-4e7f-a247-674a503d4ba6","statusCode":200,"requestId":"ff53594f-fcee-4b0b-9ef4-db6cb8b6cfc2"}

stdout | src/tenant.integration.test.ts > tenant isolation integration > blocks IDOR property fetch across tenants
{"level":"info","time":"2026-07-28T09:00:05.482Z","service":"api","msg":"request.completed","method":"GET","url":"/v1/properties/8efde0b2-790a-49cd-8a14-20be5b6b29b1","statusCode":403,"requestId":"e4c3168e-8721-477b-956c-5e2eb75cd2bd"}

 ✓ src/tenant.integration.test.ts (5 tests) 1358ms
   ✓ tenant isolation integration > prevents aurora owner from listing nomad properties  458ms
   ✓ tenant isolation integration > blocks IDOR property fetch across tenants  429ms
stdout | src/knowledge.integration.test.ts > knowledge source upload lifecycle > uploads a real text file, tracks status, and denies cross-tenant access
{"level":"info","time":"2026-07-28T09:00:06.355Z","service":"api","msg":"request.completed","method":"POST","url":"/v1/auth/login","statusCode":200,"requestId":"d29c9859-5a6f-438a-bf9b-e5fafc9f4495"}

stdout | src/knowledge.integration.test.ts > knowledge source upload lifecycle > uploads a real text file, tracks status, and denies cross-tenant access
{"level":"info","time":"2026-07-28T09:00:06.360Z","service":"api","msg":"request.completed","method":"GET","url":"/v1/properties?organizationId=d215a186-f84d-4c7c-b75a-3189969999c2","statusCode":200,"requestId":"621bcf6f-f2b5-4fb4-acd7-dc2abbb6d5e1"}

stdout | src/knowledge.integration.test.ts > knowledge source upload lifecycle > uploads a real text file, tracks status, and denies cross-tenant access
{"level":"info","time":"2026-07-28T09:00:06.489Z","service":"api","msg":"request.completed","method":"POST","url":"/v1/uploads/presign","statusCode":200,"requestId":"c7f3cb18-b268-44e1-9c8d-ff4a84b92cb9"}

stdout | src/knowledge.integration.test.ts > knowledge source upload lifecycle > uploads a real text file, tracks status, and denies cross-tenant access
{"level":"info","time":"2026-07-28T09:00:07.089Z","service":"api","msg":"request.completed","method":"POST","url":"/v1/uploads/complete","statusCode":200,"requestId":"02b9babf-3384-4170-a9fc-d704d123b3dd"}

stdout | src/knowledge.integration.test.ts > knowledge source upload lifecycle > uploads a real text file, tracks status, and denies cross-tenant access
{"level":"info","time":"2026-07-28T09:00:07.097Z","service":"api","msg":"request.completed","method":"POST","url":"/v1/properties/8d283b2a-6ccd-4ab9-99be-79604deac640/knowledge-sources","statusCode":200,"requestId":"9cdfb728-c7f1-4489-9ac3-3005f99d6223"}

stdout | src/knowledge.integration.test.ts > knowledge source upload lifecycle > uploads a real text file, tracks status, and denies cross-tenant access
{"level":"info","time":"2026-07-28T09:00:07.102Z","service":"api","msg":"request.completed","method":"GET","url":"/v1/properties/8d283b2a-6ccd-4ab9-99be-79604deac640/knowledge-sources/4632a563-b0b4-49fe-aa1f-418973ebb04d","statusCode":200,"requestId":"e310838d-07b2-42b1-92d3-128ea995bdaa"}

stdout | src/knowledge.integration.test.ts > knowledge source upload lifecycle > uploads a real text file, tracks status, and denies cross-tenant access
{"level":"info","time":"2026-07-28T09:00:07.107Z","service":"api","msg":"request.completed","method":"POST","url":"/v1/uploads/presign","statusCode":400,"requestId":"cf19bb2b-1e20-464e-bd17-cab36a4e50fc"}

stdout | src/knowledge.integration.test.ts > knowledge source upload lifecycle > uploads a real text file, tracks status, and denies cross-tenant access
{"level":"info","time":"2026-07-28T09:00:07.345Z","service":"api","msg":"request.completed","method":"POST","url":"/v1/auth/login","statusCode":200,"requestId":"af3c256b-3da4-4610-aed8-6d4c6fe9dfae"}

stdout | src/knowledge.integration.test.ts > knowledge source upload lifecycle > uploads a real text file, tracks status, and denies cross-tenant access
{"level":"info","time":"2026-07-28T09:00:07.349Z","service":"api","msg":"request.completed","method":"POST","url":"/v1/properties/8d283b2a-6ccd-4ab9-99be-79604deac640/knowledge-sources","statusCode":403,"requestId":"e16550af-f1f6-4819-9b91-1c0189969394"}

stdout | src/knowledge.integration.test.ts > knowledge source upload lifecycle > uploads a real text file, tracks status, and denies cross-tenant access
{"level":"info","time":"2026-07-28T09:00:07.682Z","service":"api","msg":"request.completed","method":"POST","url":"/v1/auth/login","statusCode":200,"requestId":"4c8d0843-466a-4cf4-b8bc-b977e1025508"}

stdout | src/knowledge.integration.test.ts > knowledge source upload lifecycle > uploads a real text file, tracks status, and denies cross-tenant access
{"level":"info","time":"2026-07-28T09:00:07.686Z","service":"api","msg":"request.completed","method":"GET","url":"/v1/properties/8d283b2a-6ccd-4ab9-99be-79604deac640/knowledge-sources","statusCode":403,"requestId":"fca6f65b-9b78-4122-af49-5998e88ecf51"}

 ✓ src/knowledge.integration.test.ts (1 test) 2313ms
   ✓ knowledge source upload lifecycle > uploads a real text file, tracks status, and denies cross-tenant access  1594ms
stdout | src/phase10-load.integration.test.ts > phase 10.2 performance and load qualification > records API load, realtime load, and DB query profiles against Phase 10 targets
{"level":"info","time":"2026-07-28T09:00:09.300Z","service":"api","msg":"request.completed","method":"POST","url":"/v1/auth/login","statusCode":200,"requestId":"66082aef-e9a9-4b93-bbef-c711b7884a6c"}

stdout | src/phase10-load.integration.test.ts > phase 10.2 performance and load qualification > records API load, realtime load, and DB query profiles against Phase 10 targets
{"level":"info","time":"2026-07-28T09:00:09.567Z","service":"api","msg":"request.completed","method":"POST","url":"/v1/auth/login","statusCode":200,"requestId":"131adbff-3144-40db-91ef-b678057a6d7a"}

stdout | src/phase10-load.integration.test.ts > phase 10.2 performance and load qualification > records API load, realtime load, and DB query profiles against Phase 10 targets
{"level":"info","time":"2026-07-28T09:00:09.571Z","service":"api","msg":"request.completed","method":"GET","url":"/v1/properties?organizationId=d215a186-f84d-4c7c-b75a-3189969999c2","statusCode":200,"requestId":"f0d20f78-b9c1-40b9-901a-99b217270056"}

stdout | src/phase10-load.integration.test.ts > phase 10.2 performance and load qualification > records API load, realtime load, and DB query profiles against Phase 10 targets
{"level":"info","time":"2026-07-28T09:00:09.574Z","service":"api","msg":"request.completed","method":"GET","url":"/v1/properties/3ab87d2a-0c78-4fac-aa15-515a733cc3ae/locations","statusCode":200,"requestId":"7f95c707-0ba5-492d-b6d2-3d023768a3c5"}

stdout | src/phase10-load.integration.test.ts > phase 10.2 performance and load qualification > records API load, realtime load, and DB query profiles against Phase 10 targets
{"level":"info","time":"2026-07-28T09:00:09.578Z","service":"api","msg":"request.completed","method":"POST","url":"/v1/properties/3ab87d2a-0c78-4fac-aa15-515a733cc3ae/qr-codes","statusCode":200,"requestId":"6ea6636f-6604-4f95-94ae-6d55f3e3a736"}

stdout | src/phase10-load.integration.test.ts > phase 10.2 performance and load qualification > records API load, realtime load, and DB query profiles against Phase 10 targets
{"level":"info","time":"2026-07-28T09:00:09.581Z","service":"api","msg":"request.completed","method":"POST","url":"/v1/guest/sessions","statusCode":200,"requestId":"bfbc8208-5f89-4c62-a061-760d6322a3cc"}

stdout | src/phase10-load.integration.test.ts > phase 10.2 performance and load qualification > records API load, realtime load, and DB query profiles against Phase 10 targets
{"level":"info","time":"2026-07-28T09:00:09.614Z","service":"api","msg":"request.completed","method":"GET","url":"/v1/properties?organizationId=d215a186-f84d-4c7c-b75a-3189969999c2","statusCode":200,"requestId":"a8bf78af-c075-4c1e-93f5-c1a18f59e47f"}

stdout | src/phase10-load.integration.test.ts > phase 10.2 performance and load qualification > records API load, realtime load, and DB query profiles against Phase 10 targets
{"level":"info","time":"2026-07-28T09:00:09.615Z","service":"api","msg":"request.completed","method":"GET","url":"/v1/guest/realtime/events?limit=20","statusCode":200,"requestId":"f83757e2-7aa5-4e9b-900e-9b06c04320bd"}

stdout | src/phase10-load.integration.test.ts > phase 10.2 performance and load qualification > records API load, realtime load, and DB query profiles against Phase 10 targets
{"level":"info","time":"2026-07-28T09:00:09.616Z","service":"api","msg":"request.completed","method":"GET","url":"/v1/guest/realtime/events?limit=20","statusCode":200,"requestId":"3c76e233-4fb0-4294-b969-0dc897975bf3"}

stdout | src/phase10-load.integration.test.ts > phase 10.2 performance and load qualification > records API load, realtime load, and DB query profiles against Phase 10 targets
{"level":"info","time":"2026-07-28T09:00:09.616Z","service":"api","msg":"request.completed","method":"GET","url":"/v1/guest/realtime/events?limit=20","statusCode":200,"requestId":"cbc58d4a-50e8-4867-8c15-ae0e8402462c"}

stdout | src/phase10-load.integration.test.ts > phase 10.2 performance and load qualification > records API load, realtime load, and DB query profiles against Phase 10 targets
{"level":"info","time":"2026-07-28T09:00:09.617Z","service":"api","msg":"request.completed","method":"GET","url":"/v1/guest/realtime/events?limit=20","statusCode":200,"requestId":"2b57a47a-14fd-421d-9847-7bc10ee44385"}

stdout | src/phase10-load.integration.test.ts > phase 10.2 performance and load qualification > records API load, realtime load, and DB query profiles against Phase 10 targets
{"level":"info","time":"2026-07-28T09:00:09.617Z","service":"api","msg":"request.completed","method":"GET","url":"/v1/guest/realtime/events?limit=20","statusCode":200,"requestId":"5368a9f9-20ba-4dcc-8222-cc74acfb0644"}

stdout | src/phase10-load.integration.test.ts > phase 10.2 performance and load qualification > records API load, realtime load, and DB query profiles against Phase 10 targets
{"level":"info","time":"2026-07-28T09:00:09.618Z","service":"api","msg":"request.completed","method":"GET","url":"/v1/guest/realtime/events?limit=20","statusCode":200,"requestId":"3ea8afea-8c79-463a-82cd-61a04acd00f1"}

stdout | src/phase10-load.integration.test.ts > phase 10.2 performance and load qualification > records API load, realtime load, and DB query profiles against Phase 10 targets
{"level":"info","time":"2026-07-28T09:00:09.618Z","service":"api","msg":"request.completed","method":"GET","url":"/v1/guest/realtime/events?limit=20","statusCode":200,"requestId":"453a232d-08fb-4f55-815a-d9b3d51f8db3"}

stdout | src/phase10-load.integration.test.ts > phase 10.2 performance and load qualification > records API load, realtime load, and DB query profiles against Phase 10 targets
{"level":"info","time":"2026-07-28T09:00:09.618Z","service":"api","msg":"request.completed","method":"GET","url":"/v1/guest/realtime/events?limit=20","statusCode":200,"requestId":"01510876-31e5-43c6-81bb-8964040e4996"}

stdout | src/phase10-load.integration.test.ts > phase 10.2 performance and load qualification > records API load, realtime load, and DB query profiles against Phase 10 targets
{"level":"info","time":"2026-07-28T09:00:09.618Z","service":"api","msg":"request.completed","method":"GET","url":"/v1/guest/realtime/events?limit=20","statusCode":200,"requestId":"fe01a040-0358-4632-9996-02c1efdcfe6e"}

stdout | src/phase10-load.integration.test.ts > phase 10.2 performance and load qualification > records API load, realtime load, and DB query profiles against Phase 10 targets
{"level":"info","time":"2026-07-28T09:00:09.619Z","service":"api","msg":"request.completed","method":"GET","url":"/v1/properties?organizationId=d215a186-f84d-4c7c-b75a-3189969999c2","statusCode":200,"requestId":"22942952-9933-49da-857a-8e4db7250f46"}

stdout | src/phase10-load.integration.test.ts > phase 10.2 performance and load qualification > records API load, realtime load, and DB query profiles against Phase 10 targets
{"level":"info","time":"2026-07-28T09:00:09.620Z","service":"api","msg":"request.completed","method":"GET","url":"/v1/guest/realtime/events?limit=20","statusCode":200,"requestId":"865da909-a375-4f3e-901d-1af99f622ff6"}

stdout | src/phase10-load.integration.test.ts > phase 10.2 performance and load qualification > records API load, realtime load, and DB query profiles against Phase 10 targets
{"level":"info","time":"2026-07-28T09:00:09.620Z","service":"api","msg":"request.completed","method":"GET","url":"/v1/properties?organizationId=d215a186-f84d-4c7c-b75a-3189969999c2","statusCode":200,"requestId":"5238a7ec-96b7-4dbe-ae7f-ff70a15bcc4c"}

stdout | src/phase10-load.integration.test.ts > phase 10.2 performance and load qualification > records API load, realtime load, and DB query profiles against Phase 10 targets
{"level":"info","time":"2026-07-28T09:00:09.621Z","service":"api","msg":"request.completed","method":"GET","url":"/v1/properties?organizationId=d215a186-f84d-4c7c-b75a-3189969999c2","statusCode":200,"requestId":"574da9ea-f66d-43ac-a6b5-4e568170e9c7"}

stdout | src/phase10-load.integration.test.ts > phase 10.2 performance and load qualification > records API load, realtime load, and DB query profiles against Phase 10 targets
{"level":"info","time":"2026-07-28T09:00:09.621Z","service":"api","msg":"request.completed","method":"GET","url":"/v1/properties?organizationId=d215a186-f84d-4c7c-b75a-3189969999c2","statusCode":200,"requestId":"2ed5c83d-f9d0-45f3-b556-89e55a43399a"}

stdout | src/phase10-load.integration.test.ts > phase 10.2 performance and load qualification > records API load, realtime load, and DB query profiles against Phase 10 targets
{"level":"info","time":"2026-07-28T09:00:09.622Z","service":"api","msg":"request.completed","method":"GET","url":"/v1/properties?organizationId=d215a186-f84d-4c7c-b75a-3189969999c2","statusCode":200,"requestId":"81cc3f93-bff6-4cab-867b-aed5e16f089a"}

stdout | src/phase10-load.integration.test.ts > phase 10.2 performance and load qualification > records API load, realtime load, and DB query profiles against Phase 10 targets
{"level":"info","time":"2026-07-28T09:00:09.622Z","service":"api","msg":"request.completed","method":"GET","url":"/v1/properties?organizationId=d215a186-f84d-4c7c-b75a-3189969999c2","statusCode":200,"requestId":"156579cf-23a6-4c0f-9d49-0bb3b53e0987"}

stdout | src/phase10-load.integration.test.ts > phase 10.2 performance and load qualification > records API load, realtime load, and DB query profiles against Phase 10 targets
{"level":"info","time":"2026-07-28T09:00:09.623Z","service":"api","msg":"request.completed","method":"GET","url":"/v1/properties?organizationId=d215a186-f84d-4c7c-b75a-3189969999c2","statusCode":200,"requestId":"ba478a29-6319-483b-acb3-493e7178cca0"}

stdout | src/phase10-load.integration.test.ts > phase 10.2 performance and load qualification > records API load, realtime load, and DB query profiles against Phase 10 targets
{"level":"info","time":"2026-07-28T09:00:09.623Z","service":"api","msg":"request.completed","method":"GET","url":"/v1/properties?organizationId=d215a186-f84d-4c7c-b75a-3189969999c2","statusCode":200,"requestId":"e3c917b8-b77d-4eb0-9d37-0537413541a7"}

stdout | src/phase10-load.integration.test.ts > phase 10.2 performance and load qualification > records API load, realtime load, and DB query profiles against Phase 10 targets
{"level":"info","time":"2026-07-28T09:00:09.624Z","service":"api","msg":"request.completed","method":"GET","url":"/v1/properties?organizationId=d215a186-f84d-4c7c-b75a-3189969999c2","statusCode":200,"requestId":"62147248-e37f-4f73-ae7d-bd5a4133c44a"}

stdout | src/phase10-load.integration.test.ts > phase 10.2 performance and load qualification > records API load, realtime load, and DB query profiles against Phase 10 targets
{"level":"info","time":"2026-07-28T09:00:09.624Z","service":"api","msg":"request.completed","method":"GET","url":"/v1/properties?organizationId=d215a186-f84d-4c7c-b75a-3189969999c2","statusCode":200,"requestId":"fb585bbe-17e5-45a6-876e-6c10e63c8f17"}

stdout | src/phase10-load.integration.test.ts > phase 10.2 performance and load qualification > records API load, realtime load, and DB query profiles against Phase 10 targets
{"level":"info","time":"2026-07-28T09:00:09.624Z","service":"api","msg":"request.completed","method":"GET","url":"/v1/properties?organizationId=d215a186-f84d-4c7c-b75a-3189969999c2","statusCode":200,"requestId":"aaff8d4f-44a4-474f-a10d-d8d8a1565c35"}

stdout | src/phase10-load.integration.test.ts > phase 10.2 performance and load qualification > records API load, realtime load, and DB query profiles against Phase 10 targets
{"level":"info","time":"2026-07-28T09:00:09.630Z","service":"api","msg":"request.completed","method":"GET","url":"/v1/admin/properties/3ab87d2a-0c78-4fac-aa15-515a733cc3ae/analytics?timezone=Asia/Ho_Chi_Minh","statusCode":200,"requestId":"b75215ee-539c-4987-b857-47de0afa6e9b"}

stdout | src/phase10-load.integration.test.ts > phase 10.2 performance and load qualification > records API load, realtime load, and DB query profiles against Phase 10 targets
{"level":"info","time":"2026-07-28T09:00:09.631Z","service":"api","msg":"request.completed","method":"GET","url":"/v1/admin/properties/3ab87d2a-0c78-4fac-aa15-515a733cc3ae/analytics?timezone=Asia/Ho_Chi_Minh","statusCode":200,"requestId":"67977523-d796-4112-a66c-2e5fcee18400"}

stdout | src/phase10-load.integration.test.ts > phase 10.2 performance and load qualification > records API load, realtime load, and DB query profiles against Phase 10 targets
{"level":"info","time":"2026-07-28T09:00:09.634Z","service":"api","msg":"request.completed","method":"GET","url":"/v1/admin/properties/3ab87d2a-0c78-4fac-aa15-515a733cc3ae/analytics?timezone=Asia/Ho_Chi_Minh","statusCode":200,"requestId":"8a922893-9c71-4336-afd1-c41de1673eb6"}

stdout | src/phase10-load.integration.test.ts > phase 10.2 performance and load qualification > records API load, realtime load, and DB query profiles against Phase 10 targets
{"level":"info","time":"2026-07-28T09:00:09.634Z","service":"api","msg":"request.completed","method":"GET","url":"/v1/admin/properties/3ab87d2a-0c78-4fac-aa15-515a733cc3ae/analytics?timezone=Asia/Ho_Chi_Minh","statusCode":200,"requestId":"285d60e8-61df-487f-9aa4-9e88d2b3962d"}

stdout | src/phase10-load.integration.test.ts > phase 10.2 performance and load qualification > records API load, realtime load, and DB query profiles against Phase 10 targets
{"level":"info","time":"2026-07-28T09:00:09.637Z","service":"api","msg":"request.completed","method":"GET","url":"/v1/admin/properties/3ab87d2a-0c78-4fac-aa15-515a733cc3ae/analytics?timezone=Asia/Ho_Chi_Minh","statusCode":200,"requestId":"a6dd526d-55d1-4532-99a5-49eb4358cc9a"}

stdout | src/phase10-load.integration.test.ts > phase 10.2 performance and load qualification > records API load, realtime load, and DB query profiles against Phase 10 targets
{"level":"info","time":"2026-07-28T09:00:09.644Z","service":"api","msg":"request.completed","method":"GET","url":"/v1/admin/properties/3ab87d2a-0c78-4fac-aa15-515a733cc3ae/analytics?timezone=Asia/Ho_Chi_Minh","statusCode":200,"requestId":"f235c103-4c22-4630-8afb-0ea83dcedf31"}

stdout | src/phase10-load.integration.test.ts > phase 10.2 performance and load qualification > records API load, realtime load, and DB query profiles against Phase 10 targets
{"level":"info","time":"2026-07-28T09:00:09.678Z","service":"api","msg":"request.completed","method":"GET","url":"/v1/admin/properties/3ab87d2a-0c78-4fac-aa15-515a733cc3ae/analytics?timezone=Asia/Ho_Chi_Minh","statusCode":200,"requestId":"47e94d94-a6b8-40e3-8ebd-aa3f07c0332a"}

stdout | src/phase10-load.integration.test.ts > phase 10.2 performance and load qualification > records API load, realtime load, and DB query profiles against Phase 10 targets
{"level":"info","time":"2026-07-28T09:00:09.686Z","service":"api","msg":"request.completed","method":"GET","url":"/v1/admin/properties/3ab87d2a-0c78-4fac-aa15-515a733cc3ae/analytics?timezone=Asia/Ho_Chi_Minh","statusCode":200,"requestId":"1c6ae3b3-26b3-4c63-b264-7ec0f3247847"}

stdout | src/phase10-load.integration.test.ts > phase 10.2 performance and load qualification > records API load, realtime load, and DB query profiles against Phase 10 targets
{"level":"info","time":"2026-07-28T09:00:09.708Z","service":"api","msg":"request.completed","method":"GET","url":"/v1/staff/work-items?propertyId=3ab87d2a-0c78-4fac-aa15-515a733cc3ae&queue=inbox","statusCode":200,"requestId":"9cae2554-5643-43a1-938a-1d14a8f70249"}

stdout | src/phase10-load.integration.test.ts > phase 10.2 performance and load qualification > records API load, realtime load, and DB query profiles against Phase 10 targets
{"level":"info","time":"2026-07-28T09:00:09.709Z","service":"api","msg":"request.completed","method":"GET","url":"/v1/staff/work-items?propertyId=3ab87d2a-0c78-4fac-aa15-515a733cc3ae&queue=inbox","statusCode":200,"requestId":"f10eb0ea-4d4e-4b1b-9c08-ad9543db29bc"}

stdout | src/phase10-load.integration.test.ts > phase 10.2 performance and load qualification > records API load, realtime load, and DB query profiles against Phase 10 targets
{"level":"info","time":"2026-07-28T09:00:09.710Z","service":"api","msg":"request.completed","method":"GET","url":"/v1/staff/work-items?propertyId=3ab87d2a-0c78-4fac-aa15-515a733cc3ae&queue=inbox","statusCode":200,"requestId":"a6235d67-fed9-4edf-97c6-3cf5979f4b6f"}

stdout | src/phase10-load.integration.test.ts > phase 10.2 performance and load qualification > records API load, realtime load, and DB query profiles against Phase 10 targets
{"level":"info","time":"2026-07-28T09:00:09.711Z","service":"api","msg":"request.completed","method":"GET","url":"/v1/staff/work-items?propertyId=3ab87d2a-0c78-4fac-aa15-515a733cc3ae&queue=inbox","statusCode":200,"requestId":"35f08fa0-a519-4276-8966-4af126fe78ba"}

stdout | src/phase10-load.integration.test.ts > phase 10.2 performance and load qualification > records API load, realtime load, and DB query profiles against Phase 10 targets
{"level":"info","time":"2026-07-28T09:00:09.712Z","service":"api","msg":"request.completed","method":"GET","url":"/v1/staff/work-items?propertyId=3ab87d2a-0c78-4fac-aa15-515a733cc3ae&queue=inbox","statusCode":200,"requestId":"797d4990-faf1-46c5-9c0c-27e8aa4abdd4"}

stdout | src/phase10-load.integration.test.ts > phase 10.2 performance and load qualification > records API load, realtime load, and DB query profiles against Phase 10 targets
{"level":"info","time":"2026-07-28T09:00:09.713Z","service":"api","msg":"request.completed","method":"GET","url":"/v1/staff/work-items?propertyId=3ab87d2a-0c78-4fac-aa15-515a733cc3ae&queue=inbox","statusCode":200,"requestId":"9ca8e97c-d36c-4968-a095-7c8cd1e34285"}

stdout | src/phase10-load.integration.test.ts > phase 10.2 performance and load qualification > records API load, realtime load, and DB query profiles against Phase 10 targets
{"level":"info","time":"2026-07-28T09:00:09.715Z","service":"api","msg":"request.completed","method":"GET","url":"/v1/staff/work-items?propertyId=3ab87d2a-0c78-4fac-aa15-515a733cc3ae&queue=inbox","statusCode":200,"requestId":"9dd22d32-91da-4031-a884-0c6847a38689"}

stdout | src/phase10-load.integration.test.ts > phase 10.2 performance and load qualification > records API load, realtime load, and DB query profiles against Phase 10 targets
{"level":"info","time":"2026-07-28T09:00:09.716Z","service":"api","msg":"request.completed","method":"GET","url":"/v1/staff/work-items?propertyId=3ab87d2a-0c78-4fac-aa15-515a733cc3ae&queue=inbox","statusCode":200,"requestId":"1998c456-d14e-4d04-aa88-1d3451904ed7"}

stdout | src/phase10-load.integration.test.ts > phase 10.2 performance and load qualification > records API load, realtime load, and DB query profiles against Phase 10 targets
{"level":"info","time":"2026-07-28T09:00:09.720Z","service":"api","msg":"request.completed","method":"GET","url":"/v1/staff/work-items?propertyId=3ab87d2a-0c78-4fac-aa15-515a733cc3ae&queue=inbox","statusCode":200,"requestId":"74f933b6-1842-41eb-84de-86f4a9b6a296"}

stdout | src/phase10-load.integration.test.ts > phase 10.2 performance and load qualification > records API load, realtime load, and DB query profiles against Phase 10 targets
{"level":"info","time":"2026-07-28T09:00:09.722Z","service":"api","msg":"request.completed","method":"GET","url":"/v1/staff/work-items?propertyId=3ab87d2a-0c78-4fac-aa15-515a733cc3ae&queue=inbox","statusCode":200,"requestId":"232c6307-1727-4cf0-8b55-4c8f2a6bd71c"}

stdout | src/phase10-load.integration.test.ts > phase 10.2 performance and load qualification > records API load, realtime load, and DB query profiles against Phase 10 targets
{"level":"info","time":"2026-07-28T09:00:09.723Z","service":"api","msg":"request.completed","method":"GET","url":"/v1/guest/realtime/events?limit=20","statusCode":200,"requestId":"5360ef8c-9a58-4bfd-a26a-2f791a3167ff"}

stdout | src/phase10-load.integration.test.ts > phase 10.2 performance and load qualification > records API load, realtime load, and DB query profiles against Phase 10 targets
{"level":"info","time":"2026-07-28T09:00:09.723Z","service":"api","msg":"request.completed","method":"GET","url":"/v1/guest/realtime/events?limit=20","statusCode":200,"requestId":"b2535a6e-3f04-48ce-ba60-69a96c2186ef"}

stdout | src/phase10-load.integration.test.ts > phase 10.2 performance and load qualification > records API load, realtime load, and DB query profiles against Phase 10 targets
{"level":"info","time":"2026-07-28T09:00:09.724Z","service":"api","msg":"request.completed","method":"GET","url":"/v1/guest/realtime/events?limit=20","statusCode":200,"requestId":"17f4a22e-a5c4-42a8-beb7-2bf79f82d84c"}

stdout | src/phase10-load.integration.test.ts > phase 10.2 performance and load qualification > records API load, realtime load, and DB query profiles against Phase 10 targets
{"level":"info","time":"2026-07-28T09:00:09.724Z","service":"api","msg":"request.completed","method":"GET","url":"/v1/guest/realtime/events?limit=20","statusCode":200,"requestId":"9b84222d-5a69-46e0-adcc-96605f70dd8a"}

stdout | src/phase10-load.integration.test.ts > phase 10.2 performance and load qualification > records API load, realtime load, and DB query profiles against Phase 10 targets
{"level":"info","time":"2026-07-28T09:00:09.725Z","service":"api","msg":"request.completed","method":"GET","url":"/v1/guest/realtime/events?limit=20","statusCode":200,"requestId":"c2dc61d8-d2e4-49a4-a8fe-854639867a95"}

stdout | src/phase10-load.integration.test.ts > phase 10.2 performance and load qualification > records API load, realtime load, and DB query profiles against Phase 10 targets
{"level":"info","time":"2026-07-28T09:00:09.725Z","service":"api","msg":"request.completed","method":"GET","url":"/v1/guest/realtime/events?limit=20","statusCode":200,"requestId":"2fe1fcfb-c88c-47cb-a546-b189e30fd142"}

stdout | src/phase10-load.integration.test.ts > phase 10.2 performance and load qualification > records API load, realtime load, and DB query profiles against Phase 10 targets
{"level":"info","time":"2026-07-28T09:00:09.725Z","service":"api","msg":"request.completed","method":"GET","url":"/v1/guest/realtime/events?limit=20","statusCode":200,"requestId":"1fdefde0-e1d1-4ff4-8bcf-8d4a772c37fe"}

stdout | src/phase10-load.integration.test.ts > phase 10.2 performance and load qualification > records API load, realtime load, and DB query profiles against Phase 10 targets
{"level":"info","time":"2026-07-28T09:00:09.726Z","service":"api","msg":"request.completed","method":"GET","url":"/v1/guest/realtime/events?limit=20","statusCode":200,"requestId":"d66957d0-818b-45f1-a6d0-73511a31e46b"}

stdout | src/phase10-load.integration.test.ts > phase 10.2 performance and load qualification > records API load, realtime load, and DB query profiles against Phase 10 targets
{"level":"info","time":"2026-07-28T09:00:09.727Z","service":"api","msg":"request.completed","method":"GET","url":"/v1/staff/work-items?propertyId=3ab87d2a-0c78-4fac-aa15-515a733cc3ae&queue=inbox","statusCode":200,"requestId":"ee15202b-b419-4572-86a1-a54cd223971a"}

stdout | src/phase10-load.integration.test.ts > phase 10.2 performance and load qualification > records API load, realtime load, and DB query profiles against Phase 10 targets
{"level":"info","time":"2026-07-28T09:00:09.727Z","service":"api","msg":"request.completed","method":"GET","url":"/v1/guest/realtime/events?limit=20","statusCode":200,"requestId":"110c2c81-9681-4420-9ee6-8ae5a6a022fb"}

stdout | src/phase10-load.integration.test.ts > phase 10.2 performance and load qualification > records API load, realtime load, and DB query profiles against Phase 10 targets
{"level":"info","time":"2026-07-28T09:00:09.728Z","service":"api","msg":"request.completed","method":"GET","url":"/v1/guest/realtime/events?limit=20","statusCode":200,"requestId":"53ed2dd2-3e88-44f3-8e2f-f0694b508de6"}

stdout | src/phase10-load.integration.test.ts > phase 10.2 performance and load qualification > records API load, realtime load, and DB query profiles against Phase 10 targets
{"level":"info","time":"2026-07-28T09:00:09.729Z","service":"api","msg":"request.completed","method":"GET","url":"/v1/properties?organizationId=d215a186-f84d-4c7c-b75a-3189969999c2","statusCode":200,"requestId":"e14fed9c-ccc5-4439-a16a-9f9917b4852e"}

stdout | src/phase10-load.integration.test.ts > phase 10.2 performance and load qualification > records API load, realtime load, and DB query profiles against Phase 10 targets
{"level":"info","time":"2026-07-28T09:00:09.730Z","service":"api","msg":"request.completed","method":"GET","url":"/v1/staff/work-items?propertyId=3ab87d2a-0c78-4fac-aa15-515a733cc3ae&queue=inbox","statusCode":200,"requestId":"582afa4d-fe2a-4751-9ec9-a6ca02f2f3e9"}

stdout | src/phase10-load.integration.test.ts > phase 10.2 performance and load qualification > records API load, realtime load, and DB query profiles against Phase 10 targets
{"level":"info","time":"2026-07-28T09:00:09.731Z","service":"api","msg":"request.completed","method":"GET","url":"/v1/properties?organizationId=d215a186-f84d-4c7c-b75a-3189969999c2","statusCode":200,"requestId":"1bd96caa-3a20-4db8-9eb6-5be16fb52555"}

stdout | src/phase10-load.integration.test.ts > phase 10.2 performance and load qualification > records API load, realtime load, and DB query profiles against Phase 10 targets
{"level":"info","time":"2026-07-28T09:00:09.732Z","service":"api","msg":"request.completed","method":"GET","url":"/v1/properties?organizationId=d215a186-f84d-4c7c-b75a-3189969999c2","statusCode":200,"requestId":"10d8e096-4b0d-4202-9002-2b61004e1b90"}

stdout | src/phase10-load.integration.test.ts > phase 10.2 performance and load qualification > records API load, realtime load, and DB query profiles against Phase 10 targets
{"level":"info","time":"2026-07-28T09:00:09.732Z","service":"api","msg":"request.completed","method":"GET","url":"/v1/properties?organizationId=d215a186-f84d-4c7c-b75a-3189969999c2","statusCode":200,"requestId":"ce727c64-5fd8-4d5d-be6f-927cb9727f4a"}

stdout | src/phase10-load.integration.test.ts > phase 10.2 performance and load qualification > records API load, realtime load, and DB query profiles against Phase 10 targets
{"level":"info","time":"2026-07-28T09:00:09.732Z","service":"api","msg":"request.completed","method":"GET","url":"/v1/properties?organizationId=d215a186-f84d-4c7c-b75a-3189969999c2","statusCode":200,"requestId":"d73eb038-4218-4407-80fd-9a5785187f71"}

stdout | src/phase10-load.integration.test.ts > phase 10.2 performance and load qualification > records API load, realtime load, and DB query profiles against Phase 10 targets
{"level":"info","time":"2026-07-28T09:00:09.733Z","service":"api","msg":"request.completed","method":"GET","url":"/v1/properties?organizationId=d215a186-f84d-4c7c-b75a-3189969999c2","statusCode":200,"requestId":"debe4b56-62d8-42a6-985a-0406f9e24c25"}

stdout | src/phase10-load.integration.test.ts > phase 10.2 performance and load qualification > records API load, realtime load, and DB query profiles against Phase 10 targets
{"level":"info","time":"2026-07-28T09:00:09.733Z","service":"api","msg":"request.completed","method":"GET","url":"/v1/properties?organizationId=d215a186-f84d-4c7c-b75a-3189969999c2","statusCode":200,"requestId":"11aaadd8-ae10-4702-ae18-9e0e1ed82418"}

stdout | src/phase10-load.integration.test.ts > phase 10.2 performance and load qualification > records API load, realtime load, and DB query profiles against Phase 10 targets
{"level":"info","time":"2026-07-28T09:00:09.734Z","service":"api","msg":"request.completed","method":"GET","url":"/v1/properties?organizationId=d215a186-f84d-4c7c-b75a-3189969999c2","statusCode":200,"requestId":"beda0bf9-1ff2-4773-8a16-4cc9ae4cbba4"}

stdout | src/phase10-load.integration.test.ts > phase 10.2 performance and load qualification > records API load, realtime load, and DB query profiles against Phase 10 targets
{"level":"info","time":"2026-07-28T09:00:09.735Z","service":"api","msg":"request.completed","method":"GET","url":"/v1/properties?organizationId=d215a186-f84d-4c7c-b75a-3189969999c2","statusCode":200,"requestId":"3001b1e6-cc30-44a1-a9d0-202158b7ae50"}

stdout | src/phase10-load.integration.test.ts > phase 10.2 performance and load qualification > records API load, realtime load, and DB query profiles against Phase 10 targets
{"level":"info","time":"2026-07-28T09:00:09.735Z","service":"api","msg":"request.completed","method":"GET","url":"/v1/properties?organizationId=d215a186-f84d-4c7c-b75a-3189969999c2","statusCode":200,"requestId":"87e85ed7-3e08-48b5-89a2-4be0b7d77159"}

stdout | src/phase10-load.integration.test.ts > phase 10.2 performance and load qualification > records API load, realtime load, and DB query profiles against Phase 10 targets
{"level":"info","time":"2026-07-28T09:00:09.735Z","service":"api","msg":"request.completed","method":"GET","url":"/v1/properties?organizationId=d215a186-f84d-4c7c-b75a-3189969999c2","statusCode":200,"requestId":"f6ced6a6-a656-4981-b7fc-d5f77f1c1872"}

stdout | src/phase10-load.integration.test.ts > phase 10.2 performance and load qualification > records API load, realtime load, and DB query profiles against Phase 10 targets
{"level":"info","time":"2026-07-28T09:00:09.736Z","service":"api","msg":"request.completed","method":"GET","url":"/v1/properties?organizationId=d215a186-f84d-4c7c-b75a-3189969999c2","statusCode":200,"requestId":"3525509a-2e4f-4077-a6f1-6cfc5e56392b"}

stdout | src/phase10-load.integration.test.ts > phase 10.2 performance and load qualification > records API load, realtime load, and DB query profiles against Phase 10 targets
{"level":"info","time":"2026-07-28T09:00:09.746Z","service":"api","msg":"request.completed","method":"GET","url":"/v1/admin/properties/3ab87d2a-0c78-4fac-aa15-515a733cc3ae/analytics?timezone=Asia/Ho_Chi_Minh","statusCode":200,"requestId":"a15797a7-f344-4261-9b75-257dd155deb8"}

stdout | src/phase10-load.integration.test.ts > phase 10.2 performance and load qualification > records API load, realtime load, and DB query profiles against Phase 10 targets
{"level":"info","time":"2026-07-28T09:00:09.747Z","service":"api","msg":"request.completed","method":"GET","url":"/v1/admin/properties/3ab87d2a-0c78-4fac-aa15-515a733cc3ae/analytics?timezone=Asia/Ho_Chi_Minh","statusCode":200,"requestId":"626945b8-ec6b-42d0-8219-586c76efa0ff"}

stdout | src/phase10-load.integration.test.ts > phase 10.2 performance and load qualification > records API load, realtime load, and DB query profiles against Phase 10 targets
{"level":"info","time":"2026-07-28T09:00:09.748Z","service":"api","msg":"request.completed","method":"GET","url":"/v1/admin/properties/3ab87d2a-0c78-4fac-aa15-515a733cc3ae/analytics?timezone=Asia/Ho_Chi_Minh","statusCode":200,"requestId":"cc2dbac6-6d3d-49aa-ac45-b44576ea92ae"}

stdout | src/phase10-load.integration.test.ts > phase 10.2 performance and load qualification > records API load, realtime load, and DB query profiles against Phase 10 targets
{"level":"info","time":"2026-07-28T09:00:09.749Z","service":"api","msg":"request.completed","method":"GET","url":"/v1/admin/properties/3ab87d2a-0c78-4fac-aa15-515a733cc3ae/analytics?timezone=Asia/Ho_Chi_Minh","statusCode":200,"requestId":"def18b41-1220-4bd6-8f7e-6db716b59883"}

stdout | src/phase10-load.integration.test.ts > phase 10.2 performance and load qualification > records API load, realtime load, and DB query profiles against Phase 10 targets
{"level":"info","time":"2026-07-28T09:00:09.750Z","service":"api","msg":"request.completed","method":"GET","url":"/v1/admin/properties/3ab87d2a-0c78-4fac-aa15-515a733cc3ae/analytics?timezone=Asia/Ho_Chi_Minh","statusCode":200,"requestId":"6e6d05af-d0b9-49ef-b06a-22c9eb90decf"}

stdout | src/phase10-load.integration.test.ts > phase 10.2 performance and load qualification > records API load, realtime load, and DB query profiles against Phase 10 targets
{"level":"info","time":"2026-07-28T09:00:09.752Z","service":"api","msg":"request.completed","method":"GET","url":"/v1/admin/properties/3ab87d2a-0c78-4fac-aa15-515a733cc3ae/analytics?timezone=Asia/Ho_Chi_Minh","statusCode":200,"requestId":"a2c41f91-1b82-4f9d-8aaa-c58305dbd8e4"}

stdout | src/phase10-load.integration.test.ts > phase 10.2 performance and load qualification > records API load, realtime load, and DB query profiles against Phase 10 targets
{"level":"info","time":"2026-07-28T09:00:09.753Z","service":"api","msg":"request.completed","method":"GET","url":"/v1/admin/properties/3ab87d2a-0c78-4fac-aa15-515a733cc3ae/analytics?timezone=Asia/Ho_Chi_Minh","statusCode":200,"requestId":"353f0669-ddd4-4d69-b9e1-26b70cb7af25"}

stdout | src/phase10-load.integration.test.ts > phase 10.2 performance and load qualification > records API load, realtime load, and DB query profiles against Phase 10 targets
{"level":"info","time":"2026-07-28T09:00:09.754Z","service":"api","msg":"request.completed","method":"GET","url":"/v1/guest/realtime/events?limit=20","statusCode":200,"requestId":"a5dc6a9b-8ef8-46f0-aa67-077517efe863"}

stdout | src/phase10-load.integration.test.ts > phase 10.2 performance and load qualification > records API load, realtime load, and DB query profiles against Phase 10 targets
{"level":"info","time":"2026-07-28T09:00:09.754Z","service":"api","msg":"request.completed","method":"GET","url":"/v1/guest/realtime/events?limit=20","statusCode":200,"requestId":"10125aa0-603b-4978-b1df-872f1f386eac"}

stdout | src/phase10-load.integration.test.ts > phase 10.2 performance and load qualification > records API load, realtime load, and DB query profiles against Phase 10 targets
{"level":"info","time":"2026-07-28T09:00:09.755Z","service":"api","msg":"request.completed","method":"GET","url":"/v1/guest/realtime/events?limit=20","statusCode":200,"requestId":"a1073367-4344-4cba-9f2e-2e147ac8ce66"}

stdout | src/phase10-load.integration.test.ts > phase 10.2 performance and load qualification > records API load, realtime load, and DB query profiles against Phase 10 targets
{"level":"info","time":"2026-07-28T09:00:09.755Z","service":"api","msg":"request.completed","method":"GET","url":"/v1/guest/realtime/events?limit=20","statusCode":200,"requestId":"66b71897-7c95-40e8-8846-bc6660881478"}

stdout | src/phase10-load.integration.test.ts > phase 10.2 performance and load qualification > records API load, realtime load, and DB query profiles against Phase 10 targets
{"level":"info","time":"2026-07-28T09:00:09.755Z","service":"api","msg":"request.completed","method":"GET","url":"/v1/guest/realtime/events?limit=20","statusCode":200,"requestId":"9a1083bc-804a-4f5c-a5f2-efcd420c41ec"}

stdout | src/phase10-load.integration.test.ts > phase 10.2 performance and load qualification > records API load, realtime load, and DB query profiles against Phase 10 targets
{"level":"info","time":"2026-07-28T09:00:09.755Z","service":"api","msg":"request.completed","method":"GET","url":"/v1/admin/properties/3ab87d2a-0c78-4fac-aa15-515a733cc3ae/analytics?timezone=Asia/Ho_Chi_Minh","statusCode":200,"requestId":"e64b066e-9f48-4b21-adae-8a9010c3b82d"}

stdout | src/phase10-load.integration.test.ts > phase 10.2 performance and load qualification > records API load, realtime load, and DB query profiles against Phase 10 targets
{"level":"info","time":"2026-07-28T09:00:09.755Z","service":"api","msg":"request.completed","method":"GET","url":"/v1/guest/realtime/events?limit=20","statusCode":200,"requestId":"5651f76d-cd38-4f45-9748-861e9f68373f"}

stdout | src/phase10-load.integration.test.ts > phase 10.2 performance and load qualification > records API load, realtime load, and DB query profiles against Phase 10 targets
{"level":"info","time":"2026-07-28T09:00:09.756Z","service":"api","msg":"request.completed","method":"GET","url":"/v1/guest/realtime/events?limit=20","statusCode":200,"requestId":"e5231ba9-bbac-41fe-a901-7d0572ee506e"}

stdout | src/phase10-load.integration.test.ts > phase 10.2 performance and load qualification > records API load, realtime load, and DB query profiles against Phase 10 targets
{"level":"info","time":"2026-07-28T09:00:09.756Z","service":"api","msg":"request.completed","method":"GET","url":"/v1/guest/realtime/events?limit=20","statusCode":200,"requestId":"8ce25a8e-0a70-42e6-9929-c7286cf3119c"}

stdout | src/phase10-load.integration.test.ts > phase 10.2 performance and load qualification > records API load, realtime load, and DB query profiles against Phase 10 targets
{"level":"info","time":"2026-07-28T09:00:09.757Z","service":"api","msg":"request.completed","method":"GET","url":"/v1/guest/realtime/events?limit=20","statusCode":200,"requestId":"de8ffce1-2c97-43bf-9cad-7ac0bd8c445b"}

stdout | src/phase10-load.integration.test.ts > phase 10.2 performance and load qualification > records API load, realtime load, and DB query profiles against Phase 10 targets
{"level":"info","time":"2026-07-28T09:00:09.758Z","service":"api","msg":"request.completed","method":"GET","url":"/v1/guest/realtime/events?limit=20","statusCode":200,"requestId":"6e40334f-0364-4422-809f-216a54c9f0f1"}

stdout | src/phase10-load.integration.test.ts > phase 10.2 performance and load qualification > records API load, realtime load, and DB query profiles against Phase 10 targets
{"level":"info","time":"2026-07-28T09:00:09.760Z","service":"api","msg":"request.completed","method":"GET","url":"/v1/properties?organizationId=d215a186-f84d-4c7c-b75a-3189969999c2","statusCode":200,"requestId":"5682fbff-5b3b-44fe-a6a9-60f52c28cbee"}

stdout | src/phase10-load.integration.test.ts > phase 10.2 performance and load qualification > records API load, realtime load, and DB query profiles against Phase 10 targets
{"level":"info","time":"2026-07-28T09:00:09.760Z","service":"api","msg":"request.completed","method":"GET","url":"/v1/properties?organizationId=d215a186-f84d-4c7c-b75a-3189969999c2","statusCode":200,"requestId":"be4725c3-ff11-4de5-b058-ce4e823afb26"}

stdout | src/phase10-load.integration.test.ts > phase 10.2 performance and load qualification > records API load, realtime load, and DB query profiles against Phase 10 targets
{"level":"info","time":"2026-07-28T09:00:09.761Z","service":"api","msg":"request.completed","method":"GET","url":"/v1/properties?organizationId=d215a186-f84d-4c7c-b75a-3189969999c2","statusCode":200,"requestId":"f6d060b0-0e35-4365-8985-b63562edfaad"}

stdout | src/phase10-load.integration.test.ts > phase 10.2 performance and load qualification > records API load, realtime load, and DB query profiles against Phase 10 targets
{"level":"info","time":"2026-07-28T09:00:09.762Z","service":"api","msg":"request.completed","method":"GET","url":"/v1/properties?organizationId=d215a186-f84d-4c7c-b75a-3189969999c2","statusCode":200,"requestId":"040cea7c-cdd9-4208-b9f7-4494869a06b1"}

stdout | src/phase10-load.integration.test.ts > phase 10.2 performance and load qualification > records API load, realtime load, and DB query profiles against Phase 10 targets
{"level":"info","time":"2026-07-28T09:00:09.762Z","service":"api","msg":"request.completed","method":"GET","url":"/v1/properties?organizationId=d215a186-f84d-4c7c-b75a-3189969999c2","statusCode":200,"requestId":"d86b4e1e-e033-49e5-8ff7-c95860fa9215"}

stdout | src/phase10-load.integration.test.ts > phase 10.2 performance and load qualification > records API load, realtime load, and DB query profiles against Phase 10 targets
{"level":"info","time":"2026-07-28T09:00:09.763Z","service":"api","msg":"request.completed","method":"GET","url":"/v1/properties?organizationId=d215a186-f84d-4c7c-b75a-3189969999c2","statusCode":200,"requestId":"b853c5af-ffc9-478f-947a-6075073ecae1"}

stdout | src/phase10-load.integration.test.ts > phase 10.2 performance and load qualification > records API load, realtime load, and DB query profiles against Phase 10 targets
{"level":"info","time":"2026-07-28T09:00:09.763Z","service":"api","msg":"request.completed","method":"GET","url":"/v1/properties?organizationId=d215a186-f84d-4c7c-b75a-3189969999c2","statusCode":200,"requestId":"ec9f04e2-f333-4d5f-9ef4-8185b8d377a0"}

stdout | src/phase10-load.integration.test.ts > phase 10.2 performance and load qualification > records API load, realtime load, and DB query profiles against Phase 10 targets
{"level":"info","time":"2026-07-28T09:00:09.767Z","service":"api","msg":"request.completed","method":"GET","url":"/v1/properties?organizationId=d215a186-f84d-4c7c-b75a-3189969999c2","statusCode":200,"requestId":"808fe8e1-203a-4281-92d6-ed3b1b53091c"}

stdout | src/phase10-load.integration.test.ts > phase 10.2 performance and load qualification > records API load, realtime load, and DB query profiles against Phase 10 targets
{"level":"info","time":"2026-07-28T09:00:09.768Z","service":"api","msg":"request.completed","method":"GET","url":"/v1/properties?organizationId=d215a186-f84d-4c7c-b75a-3189969999c2","statusCode":200,"requestId":"285e6fe0-48c1-47e7-baf4-bc9fd7a40413"}

stdout | src/phase10-load.integration.test.ts > phase 10.2 performance and load qualification > records API load, realtime load, and DB query profiles against Phase 10 targets
{"level":"info","time":"2026-07-28T09:00:09.768Z","service":"api","msg":"request.completed","method":"GET","url":"/v1/properties?organizationId=d215a186-f84d-4c7c-b75a-3189969999c2","statusCode":200,"requestId":"b473bc72-05d7-45d9-9dc4-41d5d02a60a7"}

stdout | src/phase10-load.integration.test.ts > phase 10.2 performance and load qualification > records API load, realtime load, and DB query profiles against Phase 10 targets
{"level":"info","time":"2026-07-28T09:00:09.768Z","service":"api","msg":"request.completed","method":"GET","url":"/v1/properties?organizationId=d215a186-f84d-4c7c-b75a-3189969999c2","statusCode":200,"requestId":"5c52fad1-67c1-4160-9bfc-a670aa19d549"}

stdout | src/phase10-load.integration.test.ts > phase 10.2 performance and load qualification > records API load, realtime load, and DB query profiles against Phase 10 targets
{"level":"info","time":"2026-07-28T09:00:09.769Z","service":"api","msg":"request.completed","method":"GET","url":"/v1/properties?organizationId=d215a186-f84d-4c7c-b75a-3189969999c2","statusCode":200,"requestId":"d3de5e38-48a6-42c6-9595-b1a75eb6a8fe"}

stdout | src/phase10-load.integration.test.ts > phase 10.2 performance and load qualification > records API load, realtime load, and DB query profiles against Phase 10 targets
{"level":"info","time":"2026-07-28T09:00:09.773Z","service":"api","msg":"request.completed","method":"GET","url":"/v1/staff/work-items?propertyId=3ab87d2a-0c78-4fac-aa15-515a733cc3ae&queue=inbox","statusCode":200,"requestId":"937057ca-a4e4-42e3-9235-82bfb887df49"}

stdout | src/phase10-load.integration.test.ts > phase 10.2 performance and load qualification > records API load, realtime load, and DB query profiles against Phase 10 targets
{"level":"info","time":"2026-07-28T09:00:09.774Z","service":"api","msg":"request.completed","method":"GET","url":"/v1/staff/work-items?propertyId=3ab87d2a-0c78-4fac-aa15-515a733cc3ae&queue=inbox","statusCode":200,"requestId":"51166031-bf82-415b-a8e1-f749b1bbca8b"}

stdout | src/phase10-load.integration.test.ts > phase 10.2 performance and load qualification > records API load, realtime load, and DB query profiles against Phase 10 targets
{"level":"info","time":"2026-07-28T09:00:09.775Z","service":"api","msg":"request.completed","method":"GET","url":"/v1/staff/work-items?propertyId=3ab87d2a-0c78-4fac-aa15-515a733cc3ae&queue=inbox","statusCode":200,"requestId":"53d79dd2-5720-4ffa-848d-8b2ce8fb4090"}

stdout | src/phase10-load.integration.test.ts > phase 10.2 performance and load qualification > records API load, realtime load, and DB query profiles against Phase 10 targets
{"level":"info","time":"2026-07-28T09:00:09.776Z","service":"api","msg":"request.completed","method":"GET","url":"/v1/staff/work-items?propertyId=3ab87d2a-0c78-4fac-aa15-515a733cc3ae&queue=inbox","statusCode":200,"requestId":"8006b9db-b165-448e-8311-32fd888df2b8"}

stdout | src/phase10-load.integration.test.ts > phase 10.2 performance and load qualification > records API load, realtime load, and DB query profiles against Phase 10 targets
{"level":"info","time":"2026-07-28T09:00:09.778Z","service":"api","msg":"request.completed","method":"GET","url":"/v1/staff/work-items?propertyId=3ab87d2a-0c78-4fac-aa15-515a733cc3ae&queue=inbox","statusCode":200,"requestId":"fd155d63-58b5-4fce-b9f8-2bee61788234"}

stdout | src/phase10-load.integration.test.ts > phase 10.2 performance and load qualification > records API load, realtime load, and DB query profiles against Phase 10 targets
{"level":"info","time":"2026-07-28T09:00:09.780Z","service":"api","msg":"request.completed","method":"GET","url":"/v1/staff/work-items?propertyId=3ab87d2a-0c78-4fac-aa15-515a733cc3ae&queue=inbox","statusCode":200,"requestId":"896da315-3920-4920-abb0-5fea4c5d9626"}

stdout | src/phase10-load.integration.test.ts > phase 10.2 performance and load qualification > records API load, realtime load, and DB query profiles against Phase 10 targets
{"level":"info","time":"2026-07-28T09:00:09.781Z","service":"api","msg":"request.completed","method":"GET","url":"/v1/staff/work-items?propertyId=3ab87d2a-0c78-4fac-aa15-515a733cc3ae&queue=inbox","statusCode":200,"requestId":"63624c65-9314-4d66-bebe-ce2373bea009"}

stdout | src/phase10-load.integration.test.ts > phase 10.2 performance and load qualification > records API load, realtime load, and DB query profiles against Phase 10 targets
{"level":"info","time":"2026-07-28T09:00:09.782Z","service":"api","msg":"request.completed","method":"GET","url":"/v1/staff/work-items?propertyId=3ab87d2a-0c78-4fac-aa15-515a733cc3ae&queue=inbox","statusCode":200,"requestId":"c9dae742-56c3-444b-9486-aad77270176a"}

stdout | src/phase10-load.integration.test.ts > phase 10.2 performance and load qualification > records API load, realtime load, and DB query profiles against Phase 10 targets
{"level":"info","time":"2026-07-28T09:00:09.782Z","service":"api","msg":"request.completed","method":"GET","url":"/v1/guest/realtime/events?limit=20","statusCode":200,"requestId":"35ba6b5a-c027-4dfc-b44a-c5cdab6d2665"}

stdout | src/phase10-load.integration.test.ts > phase 10.2 performance and load qualification > records API load, realtime load, and DB query profiles against Phase 10 targets
{"level":"info","time":"2026-07-28T09:00:09.782Z","service":"api","msg":"request.completed","method":"GET","url":"/v1/guest/realtime/events?limit=20","statusCode":200,"requestId":"4bb406c2-3387-4ac9-90ac-dac909247c59"}

stdout | src/phase10-load.integration.test.ts > phase 10.2 performance and load qualification > records API load, realtime load, and DB query profiles against Phase 10 targets
{"level":"info","time":"2026-07-28T09:00:09.783Z","service":"api","msg":"request.completed","method":"GET","url":"/v1/guest/realtime/events?limit=20","statusCode":200,"requestId":"15fa76d5-bf20-418e-bca0-10b8729a666a"}

stdout | src/phase10-load.integration.test.ts > phase 10.2 performance and load qualification > records API load, realtime load, and DB query profiles against Phase 10 targets
{"level":"info","time":"2026-07-28T09:00:09.784Z","service":"api","msg":"request.completed","method":"GET","url":"/v1/guest/realtime/events?limit=20","statusCode":200,"requestId":"868b72c7-0a6c-49a4-8b30-3389c82a6c64"}

stdout | src/phase10-load.integration.test.ts > phase 10.2 performance and load qualification > records API load, realtime load, and DB query profiles against Phase 10 targets
{"level":"info","time":"2026-07-28T09:00:09.784Z","service":"api","msg":"request.completed","method":"GET","url":"/v1/guest/realtime/events?limit=20","statusCode":200,"requestId":"ab820a4a-244b-471d-bd9e-431628ff0100"}

stdout | src/phase10-load.integration.test.ts > phase 10.2 performance and load qualification > records API load, realtime load, and DB query profiles against Phase 10 targets
{"level":"info","time":"2026-07-28T09:00:09.785Z","service":"api","msg":"request.completed","method":"GET","url":"/v1/guest/realtime/events?limit=20","statusCode":200,"requestId":"1726950d-40ab-4b60-82dd-6083ed9c4a0a"}

stdout | src/phase10-load.integration.test.ts > phase 10.2 performance and load qualification > records API load, realtime load, and DB query profiles against Phase 10 targets
{"level":"info","time":"2026-07-28T09:00:09.786Z","service":"api","msg":"request.completed","method":"GET","url":"/v1/staff/work-items?propertyId=3ab87d2a-0c78-4fac-aa15-515a733cc3ae&queue=inbox","statusCode":200,"requestId":"706fe3e1-2938-429f-b386-ba57831338a6"}

stdout | src/phase10-load.integration.test.ts > phase 10.2 performance and load qualification > records API load, realtime load, and DB query profiles against Phase 10 targets
{"level":"info","time":"2026-07-28T09:00:09.787Z","service":"api","msg":"request.completed","method":"GET","url":"/v1/staff/work-items?propertyId=3ab87d2a-0c78-4fac-aa15-515a733cc3ae&queue=inbox","statusCode":200,"requestId":"01e4cd40-bb75-4751-8b6b-33c974d898c2"}

stdout | src/phase10-load.integration.test.ts > phase 10.2 performance and load qualification > records API load, realtime load, and DB query profiles against Phase 10 targets
{"level":"info","time":"2026-07-28T09:00:09.787Z","service":"api","msg":"request.completed","method":"GET","url":"/v1/guest/realtime/events?limit=20","statusCode":200,"requestId":"9ff72b49-e712-432b-aac3-b3eadd2a58d4"}

stdout | src/phase10-load.integration.test.ts > phase 10.2 performance and load qualification > records API load, realtime load, and DB query profiles against Phase 10 targets
{"level":"info","time":"2026-07-28T09:00:09.787Z","service":"api","msg":"request.completed","method":"GET","url":"/v1/guest/realtime/events?limit=20","statusCode":200,"requestId":"51d5a522-803d-456b-a29a-d589e8cadcf4"}

stdout | src/phase10-load.integration.test.ts > phase 10.2 performance and load qualification > records API load, realtime load, and DB query profiles against Phase 10 targets
{"level":"info","time":"2026-07-28T09:00:09.788Z","service":"api","msg":"request.completed","method":"GET","url":"/v1/guest/realtime/events?limit=20","statusCode":200,"requestId":"1a3a3d7d-5fc9-4a83-95a0-9b41d0fb2852"}

stdout | src/phase10-load.integration.test.ts > phase 10.2 performance and load qualification > records API load, realtime load, and DB query profiles against Phase 10 targets
{"level":"info","time":"2026-07-28T09:00:09.789Z","service":"api","msg":"request.completed","method":"GET","url":"/v1/staff/work-items?propertyId=3ab87d2a-0c78-4fac-aa15-515a733cc3ae&queue=inbox","statusCode":200,"requestId":"0892c3d5-9361-44bc-8466-d114c2068540"}

stdout | src/phase10-load.integration.test.ts > phase 10.2 performance and load qualification > records API load, realtime load, and DB query profiles against Phase 10 targets
{"level":"info","time":"2026-07-28T09:00:09.790Z","service":"api","msg":"request.completed","method":"GET","url":"/v1/admin/properties/3ab87d2a-0c78-4fac-aa15-515a733cc3ae/analytics?timezone=Asia/Ho_Chi_Minh","statusCode":200,"requestId":"33eca11d-1920-432c-86f2-a00f5bd20ead"}

stdout | src/phase10-load.integration.test.ts > phase 10.2 performance and load qualification > records API load, realtime load, and DB query profiles against Phase 10 targets
{"level":"info","time":"2026-07-28T09:00:09.792Z","service":"api","msg":"request.completed","method":"GET","url":"/v1/admin/properties/3ab87d2a-0c78-4fac-aa15-515a733cc3ae/analytics?timezone=Asia/Ho_Chi_Minh","statusCode":200,"requestId":"bdba27bd-4fee-490d-b0d5-1b49a2f0f2b0"}

stdout | src/phase10-load.integration.test.ts > phase 10.2 performance and load qualification > records API load, realtime load, and DB query profiles against Phase 10 targets
{"level":"info","time":"2026-07-28T09:00:09.793Z","service":"api","msg":"request.completed","method":"GET","url":"/v1/staff/work-items?propertyId=3ab87d2a-0c78-4fac-aa15-515a733cc3ae&queue=inbox","statusCode":200,"requestId":"42736781-865c-4344-9146-1d5ec92b2b06"}

stdout | src/phase10-load.integration.test.ts > phase 10.2 performance and load qualification > records API load, realtime load, and DB query profiles against Phase 10 targets
{"level":"info","time":"2026-07-28T09:00:09.793Z","service":"api","msg":"request.completed","method":"GET","url":"/v1/guest/realtime/events?limit=20","statusCode":200,"requestId":"3930f916-318b-46b6-8e69-230509509365"}

stdout | src/phase10-load.integration.test.ts > phase 10.2 performance and load qualification > records API load, realtime load, and DB query profiles against Phase 10 targets
{"level":"info","time":"2026-07-28T09:00:09.793Z","service":"api","msg":"request.completed","method":"GET","url":"/v1/admin/properties/3ab87d2a-0c78-4fac-aa15-515a733cc3ae/analytics?timezone=Asia/Ho_Chi_Minh","statusCode":200,"requestId":"d16dc22a-f353-404d-ba38-65f5c9d69ca1"}

stdout | src/phase10-load.integration.test.ts > phase 10.2 performance and load qualification > records API load, realtime load, and DB query profiles against Phase 10 targets
{"level":"info","time":"2026-07-28T09:00:09.796Z","service":"api","msg":"request.completed","method":"GET","url":"/v1/admin/properties/3ab87d2a-0c78-4fac-aa15-515a733cc3ae/analytics?timezone=Asia/Ho_Chi_Minh","statusCode":200,"requestId":"56261e42-2800-4f78-96b2-91a150e9c03f"}

stdout | src/phase10-load.integration.test.ts > phase 10.2 performance and load qualification > records API load, realtime load, and DB query profiles against Phase 10 targets
{"level":"info","time":"2026-07-28T09:00:09.796Z","service":"api","msg":"request.completed","method":"GET","url":"/v1/admin/properties/3ab87d2a-0c78-4fac-aa15-515a733cc3ae/analytics?timezone=Asia/Ho_Chi_Minh","statusCode":200,"requestId":"a313daed-a5d5-45de-8396-bc33068f122e"}

stdout | src/phase10-load.integration.test.ts > phase 10.2 performance and load qualification > records API load, realtime load, and DB query profiles against Phase 10 targets
{"level":"info","time":"2026-07-28T09:00:09.798Z","service":"api","msg":"request.completed","method":"GET","url":"/v1/admin/properties/3ab87d2a-0c78-4fac-aa15-515a733cc3ae/analytics?timezone=Asia/Ho_Chi_Minh","statusCode":200,"requestId":"48152147-ed9d-4d03-95b6-8da1c287fa11"}

stdout | src/phase10-load.integration.test.ts > phase 10.2 performance and load qualification > records API load, realtime load, and DB query profiles against Phase 10 targets
{"level":"info","time":"2026-07-28T09:00:09.799Z","service":"api","msg":"request.completed","method":"GET","url":"/v1/admin/properties/3ab87d2a-0c78-4fac-aa15-515a733cc3ae/analytics?timezone=Asia/Ho_Chi_Minh","statusCode":200,"requestId":"86e32fba-f52c-4a9a-98a6-9944cbe4134b"}

stdout | src/phase10-load.integration.test.ts > phase 10.2 performance and load qualification > records API load, realtime load, and DB query profiles against Phase 10 targets
{"level":"info","time":"2026-07-28T09:00:09.802Z","service":"api","msg":"request.completed","method":"GET","url":"/v1/admin/properties/3ab87d2a-0c78-4fac-aa15-515a733cc3ae/analytics?timezone=Asia/Ho_Chi_Minh","statusCode":200,"requestId":"a2d32778-a511-4acc-a68b-2aa6b5190f0b"}

stdout | src/phase10-load.integration.test.ts > phase 10.2 performance and load qualification > records API load, realtime load, and DB query profiles against Phase 10 targets
{"level":"info","time":"2026-07-28T09:00:09.803Z","service":"api","msg":"request.completed","method":"GET","url":"/v1/properties?organizationId=d215a186-f84d-4c7c-b75a-3189969999c2","statusCode":200,"requestId":"8ef1c43b-00e6-48ac-9ca4-859a040a486c"}

stdout | src/phase10-load.integration.test.ts > phase 10.2 performance and load qualification > records API load, realtime load, and DB query profiles against Phase 10 targets
{"level":"info","time":"2026-07-28T09:00:09.804Z","service":"api","msg":"request.completed","method":"GET","url":"/v1/properties?organizationId=d215a186-f84d-4c7c-b75a-3189969999c2","statusCode":200,"requestId":"a673ee72-3b79-4249-a029-e63656d15630"}

stdout | src/phase10-load.integration.test.ts > phase 10.2 performance and load qualification > records API load, realtime load, and DB query profiles against Phase 10 targets
{"level":"info","time":"2026-07-28T09:00:09.808Z","service":"api","msg":"request.completed","method":"GET","url":"/v1/properties?organizationId=d215a186-f84d-4c7c-b75a-3189969999c2","statusCode":200,"requestId":"47c88448-56f6-4efa-875a-0c478d0eccc5"}

stdout | src/phase10-load.integration.test.ts > phase 10.2 performance and load qualification > records API load, realtime load, and DB query profiles against Phase 10 targets
{"level":"info","time":"2026-07-28T09:00:09.809Z","service":"api","msg":"request.completed","method":"GET","url":"/v1/properties?organizationId=d215a186-f84d-4c7c-b75a-3189969999c2","statusCode":200,"requestId":"945f9148-3132-4594-a561-7703fb785b8b"}

stdout | src/phase10-load.integration.test.ts > phase 10.2 performance and load qualification > records API load, realtime load, and DB query profiles against Phase 10 targets
{"level":"info","time":"2026-07-28T09:00:09.810Z","service":"api","msg":"request.completed","method":"GET","url":"/v1/properties?organizationId=d215a186-f84d-4c7c-b75a-3189969999c2","statusCode":200,"requestId":"ce675553-ba3b-4313-821e-220187cc5774"}

stdout | src/phase10-load.integration.test.ts > phase 10.2 performance and load qualification > records API load, realtime load, and DB query profiles against Phase 10 targets
{"level":"info","time":"2026-07-28T09:00:09.810Z","service":"api","msg":"request.completed","method":"GET","url":"/v1/properties?organizationId=d215a186-f84d-4c7c-b75a-3189969999c2","statusCode":200,"requestId":"be07c66c-5cf1-40fb-85d5-e40b6cb1e1a9"}

stdout | src/phase10-load.integration.test.ts > phase 10.2 performance and load qualification > records API load, realtime load, and DB query profiles against Phase 10 targets
{"level":"info","time":"2026-07-28T09:00:09.810Z","service":"api","msg":"request.completed","method":"GET","url":"/v1/properties?organizationId=d215a186-f84d-4c7c-b75a-3189969999c2","statusCode":200,"requestId":"4e8ca6b2-4dca-4837-b398-947ce5a4e2aa"}

stdout | src/phase10-load.integration.test.ts > phase 10.2 performance and load qualification > records API load, realtime load, and DB query profiles against Phase 10 targets
{"level":"info","time":"2026-07-28T09:00:09.811Z","service":"api","msg":"request.completed","method":"GET","url":"/v1/properties?organizationId=d215a186-f84d-4c7c-b75a-3189969999c2","statusCode":200,"requestId":"3d2d24f4-8fb4-441f-b849-11c691f37abc"}

stdout | src/phase10-load.integration.test.ts > phase 10.2 performance and load qualification > records API load, realtime load, and DB query profiles against Phase 10 targets
{"level":"info","time":"2026-07-28T09:00:09.812Z","service":"api","msg":"request.completed","method":"GET","url":"/v1/properties?organizationId=d215a186-f84d-4c7c-b75a-3189969999c2","statusCode":200,"requestId":"0a3ee4fa-c07b-4a0c-9ab5-5b8f49376873"}

stdout | src/phase10-load.integration.test.ts > phase 10.2 performance and load qualification > records API load, realtime load, and DB query profiles against Phase 10 targets
{"level":"info","time":"2026-07-28T09:00:09.812Z","service":"api","msg":"request.completed","method":"GET","url":"/v1/properties?organizationId=d215a186-f84d-4c7c-b75a-3189969999c2","statusCode":200,"requestId":"01e0f120-127b-4697-a35a-ee50d33e4276"}

stdout | src/phase10-load.integration.test.ts > phase 10.2 performance and load qualification > records API load, realtime load, and DB query profiles against Phase 10 targets
{"level":"info","time":"2026-07-28T09:00:09.812Z","service":"api","msg":"request.completed","method":"GET","url":"/v1/properties?organizationId=d215a186-f84d-4c7c-b75a-3189969999c2","statusCode":200,"requestId":"ed26594e-fece-4a12-bca0-3948325d79d0"}

stdout | src/phase10-load.integration.test.ts > phase 10.2 performance and load qualification > records API load, realtime load, and DB query profiles against Phase 10 targets
{"level":"info","time":"2026-07-28T09:00:09.812Z","service":"api","msg":"request.completed","method":"GET","url":"/v1/properties?organizationId=d215a186-f84d-4c7c-b75a-3189969999c2","statusCode":200,"requestId":"4e0194c3-8e70-479f-b670-0de78aac8d38"}

stdout | src/phase10-load.integration.test.ts > phase 10.2 performance and load qualification > records API load, realtime load, and DB query profiles against Phase 10 targets
{"level":"info","time":"2026-07-28T09:00:09.814Z","service":"api","msg":"request.completed","method":"GET","url":"/v1/guest/realtime/events?limit=20","statusCode":200,"requestId":"b931e23d-96f9-4de2-b774-03b7dddb62d0"}

stdout | src/phase10-load.integration.test.ts > phase 10.2 performance and load qualification > records API load, realtime load, and DB query profiles against Phase 10 targets
{"level":"info","time":"2026-07-28T09:00:09.814Z","service":"api","msg":"request.completed","method":"GET","url":"/v1/guest/realtime/events?limit=20","statusCode":200,"requestId":"d3894d5c-3474-4b6e-872a-6196324d2a38"}

stdout | src/phase10-load.integration.test.ts > phase 10.2 performance and load qualification > records API load, realtime load, and DB query profiles against Phase 10 targets
{"level":"info","time":"2026-07-28T09:00:09.815Z","service":"api","msg":"request.completed","method":"GET","url":"/v1/guest/realtime/events?limit=20","statusCode":200,"requestId":"e0cd6e04-a3ad-4960-8970-b142023b1d48"}

stdout | src/phase10-load.integration.test.ts > phase 10.2 performance and load qualification > records API load, realtime load, and DB query profiles against Phase 10 targets
{"level":"info","time":"2026-07-28T09:00:09.815Z","service":"api","msg":"request.completed","method":"GET","url":"/v1/guest/realtime/events?limit=20","statusCode":200,"requestId":"797a9f2d-ee77-472a-9307-e78c2c2bba17"}

stdout | src/phase10-load.integration.test.ts > phase 10.2 performance and load qualification > records API load, realtime load, and DB query profiles against Phase 10 targets
{"level":"info","time":"2026-07-28T09:00:09.815Z","service":"api","msg":"request.completed","method":"GET","url":"/v1/guest/realtime/events?limit=20","statusCode":200,"requestId":"ad8a4408-6bf1-47ea-8d82-e5fa7c35b970"}

stdout | src/phase10-load.integration.test.ts > phase 10.2 performance and load qualification > records API load, realtime load, and DB query profiles against Phase 10 targets
{"level":"info","time":"2026-07-28T09:00:09.816Z","service":"api","msg":"request.completed","method":"GET","url":"/v1/guest/realtime/events?limit=20","statusCode":200,"requestId":"f947c4e5-f299-488d-a526-7e9376d250af"}

stdout | src/phase10-load.integration.test.ts > phase 10.2 performance and load qualification > records API load, realtime load, and DB query profiles against Phase 10 targets
{"level":"info","time":"2026-07-28T09:00:09.816Z","service":"api","msg":"request.completed","method":"GET","url":"/v1/guest/realtime/events?limit=20","statusCode":200,"requestId":"0850e64b-5d3a-41c5-ba60-5d14a27ea06a"}

stdout | src/phase10-load.integration.test.ts > phase 10.2 performance and load qualification > records API load, realtime load, and DB query profiles against Phase 10 targets
{"level":"info","time":"2026-07-28T09:00:09.816Z","service":"api","msg":"request.completed","method":"GET","url":"/v1/guest/realtime/events?limit=20","statusCode":200,"requestId":"fa533163-9ce4-46e6-ba69-d5fee988928a"}

stdout | src/phase10-load.integration.test.ts > phase 10.2 performance and load qualification > records API load, realtime load, and DB query profiles against Phase 10 targets
{"level":"info","time":"2026-07-28T09:00:09.817Z","service":"api","msg":"request.completed","method":"GET","url":"/v1/guest/realtime/events?limit=20","statusCode":200,"requestId":"de4c58fb-e550-45a7-8a77-f862f82c7adb"}

stdout | src/phase10-load.integration.test.ts > phase 10.2 performance and load qualification > records API load, realtime load, and DB query profiles against Phase 10 targets
{"level":"info","time":"2026-07-28T09:00:09.818Z","service":"api","msg":"request.completed","method":"GET","url":"/v1/guest/realtime/events?limit=20","statusCode":200,"requestId":"f117176a-803f-434a-acfa-5c49ef8b1c3b"}

stdout | src/phase10-load.integration.test.ts > phase 10.2 performance and load qualification > records API load, realtime load, and DB query profiles against Phase 10 targets
{"level":"info","time":"2026-07-28T09:00:09.825Z","service":"api","msg":"request.completed","method":"GET","url":"/v1/admin/properties/3ab87d2a-0c78-4fac-aa15-515a733cc3ae/analytics?timezone=Asia/Ho_Chi_Minh","statusCode":200,"requestId":"d54dbd59-224f-4568-b181-34d3d8c59c61"}

stdout | src/phase10-load.integration.test.ts > phase 10.2 performance and load qualification > records API load, realtime load, and DB query profiles against Phase 10 targets
{"level":"info","time":"2026-07-28T09:00:09.826Z","service":"api","msg":"request.completed","method":"GET","url":"/v1/admin/properties/3ab87d2a-0c78-4fac-aa15-515a733cc3ae/analytics?timezone=Asia/Ho_Chi_Minh","statusCode":200,"requestId":"7a3dbe74-785e-44f9-97fb-6c771bbc6304"}

stdout | src/phase10-load.integration.test.ts > phase 10.2 performance and load qualification > records API load, realtime load, and DB query profiles against Phase 10 targets
{"level":"info","time":"2026-07-28T09:00:09.828Z","service":"api","msg":"request.completed","method":"GET","url":"/v1/admin/properties/3ab87d2a-0c78-4fac-aa15-515a733cc3ae/analytics?timezone=Asia/Ho_Chi_Minh","statusCode":200,"requestId":"a0df436c-7b72-4fc1-afe0-049444b7734b"}

stdout | src/phase10-load.integration.test.ts > phase 10.2 performance and load qualification > records API load, realtime load, and DB query profiles against Phase 10 targets
{"level":"info","time":"2026-07-28T09:00:09.830Z","service":"api","msg":"request.completed","method":"GET","url":"/v1/admin/properties/3ab87d2a-0c78-4fac-aa15-515a733cc3ae/analytics?timezone=Asia/Ho_Chi_Minh","statusCode":200,"requestId":"aa8b6a6f-5601-40ad-b1e5-f3151f170b16"}

stdout | src/phase10-load.integration.test.ts > phase 10.2 performance and load qualification > records API load, realtime load, and DB query profiles against Phase 10 targets
{"level":"info","time":"2026-07-28T09:00:09.831Z","service":"api","msg":"request.completed","method":"GET","url":"/v1/admin/properties/3ab87d2a-0c78-4fac-aa15-515a733cc3ae/analytics?timezone=Asia/Ho_Chi_Minh","statusCode":200,"requestId":"ed2f0631-90d8-42cf-b70e-c8b6d2ae88dd"}

stdout | src/phase10-load.integration.test.ts > phase 10.2 performance and load qualification > records API load, realtime load, and DB query profiles against Phase 10 targets
{"level":"info","time":"2026-07-28T09:00:09.832Z","service":"api","msg":"request.completed","method":"GET","url":"/v1/staff/work-items?propertyId=3ab87d2a-0c78-4fac-aa15-515a733cc3ae&queue=inbox","statusCode":200,"requestId":"11e7efd0-3c13-4235-9947-b226ce2112ea"}

stdout | src/phase10-load.integration.test.ts > phase 10.2 performance and load qualification > records API load, realtime load, and DB query profiles against Phase 10 targets
{"level":"info","time":"2026-07-28T09:00:09.833Z","service":"api","msg":"request.completed","method":"GET","url":"/v1/staff/work-items?propertyId=3ab87d2a-0c78-4fac-aa15-515a733cc3ae&queue=inbox","statusCode":200,"requestId":"1faa31bf-9b3d-4ae3-8690-f807128ece1a"}

stdout | src/phase10-load.integration.test.ts > phase 10.2 performance and load qualification > records API load, realtime load, and DB query profiles against Phase 10 targets
{"level":"info","time":"2026-07-28T09:00:09.834Z","service":"api","msg":"request.completed","method":"GET","url":"/v1/staff/work-items?propertyId=3ab87d2a-0c78-4fac-aa15-515a733cc3ae&queue=inbox","statusCode":200,"requestId":"76f5cfde-d6c8-4de7-8d85-0262bbc44b98"}

stdout | src/phase10-load.integration.test.ts > phase 10.2 performance and load qualification > records API load, realtime load, and DB query profiles against Phase 10 targets
{"level":"info","time":"2026-07-28T09:00:09.835Z","service":"api","msg":"request.completed","method":"GET","url":"/v1/staff/work-items?propertyId=3ab87d2a-0c78-4fac-aa15-515a733cc3ae&queue=inbox","statusCode":200,"requestId":"e4817ae4-0c26-4536-ae0f-0024a1512200"}

stdout | src/phase10-load.integration.test.ts > phase 10.2 performance and load qualification > records API load, realtime load, and DB query profiles against Phase 10 targets
{"level":"info","time":"2026-07-28T09:00:09.836Z","service":"api","msg":"request.completed","method":"GET","url":"/v1/staff/work-items?propertyId=3ab87d2a-0c78-4fac-aa15-515a733cc3ae&queue=inbox","statusCode":200,"requestId":"9b69a431-1309-475d-9ec0-147f1f82334c"}

stdout | src/phase10-load.integration.test.ts > phase 10.2 performance and load qualification > records API load, realtime load, and DB query profiles against Phase 10 targets
{"level":"info","time":"2026-07-28T09:00:09.836Z","service":"api","msg":"request.completed","method":"GET","url":"/v1/properties?organizationId=d215a186-f84d-4c7c-b75a-3189969999c2","statusCode":200,"requestId":"ef4157b1-07dd-405b-aa50-186d527289c0"}

stdout | src/phase10-load.integration.test.ts > phase 10.2 performance and load qualification > records API load, realtime load, and DB query profiles against Phase 10 targets
{"level":"info","time":"2026-07-28T09:00:09.837Z","service":"api","msg":"request.completed","method":"GET","url":"/v1/properties?organizationId=d215a186-f84d-4c7c-b75a-3189969999c2","statusCode":200,"requestId":"a08dd7b3-de67-4190-a932-4c2bc746fd44"}

stdout | src/phase10-load.integration.test.ts > phase 10.2 performance and load qualification > records API load, realtime load, and DB query profiles against Phase 10 targets
{"level":"info","time":"2026-07-28T09:00:09.838Z","service":"api","msg":"request.completed","method":"GET","url":"/v1/staff/work-items?propertyId=3ab87d2a-0c78-4fac-aa15-515a733cc3ae&queue=inbox","statusCode":200,"requestId":"29f73ce1-9017-4229-a4da-815a985d6d7e"}

stdout | src/phase10-load.integration.test.ts > phase 10.2 performance and load qualification > records API load, realtime load, and DB query profiles against Phase 10 targets
{"level":"info","time":"2026-07-28T09:00:09.838Z","service":"api","msg":"request.completed","method":"GET","url":"/v1/admin/properties/3ab87d2a-0c78-4fac-aa15-515a733cc3ae/analytics?timezone=Asia/Ho_Chi_Minh","statusCode":200,"requestId":"c5213e9c-54dd-4b7f-8a80-d7765429cd09"}

stdout | src/phase10-load.integration.test.ts > phase 10.2 performance and load qualification > records API load, realtime load, and DB query profiles against Phase 10 targets
{"level":"info","time":"2026-07-28T09:00:09.839Z","service":"api","msg":"request.completed","method":"GET","url":"/v1/properties?organizationId=d215a186-f84d-4c7c-b75a-3189969999c2","statusCode":200,"requestId":"a29767b2-140f-40c9-927a-cb3792054461"}

stdout | src/phase10-load.integration.test.ts > phase 10.2 performance and load qualification > records API load, realtime load, and DB query profiles against Phase 10 targets
{"level":"info","time":"2026-07-28T09:00:09.839Z","service":"api","msg":"request.completed","method":"GET","url":"/v1/admin/properties/3ab87d2a-0c78-4fac-aa15-515a733cc3ae/analytics?timezone=Asia/Ho_Chi_Minh","statusCode":200,"requestId":"36bbd436-8b9d-4abc-ae97-e770c5ecde5c"}

stdout | src/phase10-load.integration.test.ts > phase 10.2 performance and load qualification > records API load, realtime load, and DB query profiles against Phase 10 targets
{"level":"info","time":"2026-07-28T09:00:09.840Z","service":"api","msg":"request.completed","method":"GET","url":"/v1/properties?organizationId=d215a186-f84d-4c7c-b75a-3189969999c2","statusCode":200,"requestId":"0f3f233b-0aad-4947-9972-27a950918831"}

stdout | src/phase10-load.integration.test.ts > phase 10.2 performance and load qualification > records API load, realtime load, and DB query profiles against Phase 10 targets
{"level":"info","time":"2026-07-28T09:00:09.840Z","service":"api","msg":"request.completed","method":"GET","url":"/v1/properties?organizationId=d215a186-f84d-4c7c-b75a-3189969999c2","statusCode":200,"requestId":"70c39d4d-df3a-4323-9da5-2720da7d684e"}

stdout | src/phase10-load.integration.test.ts > phase 10.2 performance and load qualification > records API load, realtime load, and DB query profiles against Phase 10 targets
{"level":"info","time":"2026-07-28T09:00:09.841Z","service":"api","msg":"request.completed","method":"GET","url":"/v1/staff/work-items?propertyId=3ab87d2a-0c78-4fac-aa15-515a733cc3ae&queue=inbox","statusCode":200,"requestId":"e35728ab-0096-4f0d-a2c0-9ccdaba0c6bb"}

stdout | src/phase10-load.integration.test.ts > phase 10.2 performance and load qualification > records API load, realtime load, and DB query profiles against Phase 10 targets
{"level":"info","time":"2026-07-28T09:00:09.841Z","service":"api","msg":"request.completed","method":"GET","url":"/v1/staff/work-items?propertyId=3ab87d2a-0c78-4fac-aa15-515a733cc3ae&queue=inbox","statusCode":200,"requestId":"2dc56dd8-06c2-43c2-8091-907236df6293"}

stdout | src/phase10-load.integration.test.ts > phase 10.2 performance and load qualification > records API load, realtime load, and DB query profiles against Phase 10 targets
{"level":"info","time":"2026-07-28T09:00:09.842Z","service":"api","msg":"request.completed","method":"GET","url":"/v1/properties?organizationId=d215a186-f84d-4c7c-b75a-3189969999c2","statusCode":200,"requestId":"3850f380-b0d7-4a5d-a8d6-64f781aabe5c"}

stdout | src/phase10-load.integration.test.ts > phase 10.2 performance and load qualification > records API load, realtime load, and DB query profiles against Phase 10 targets
{"level":"info","time":"2026-07-28T09:00:09.842Z","service":"api","msg":"request.completed","method":"GET","url":"/v1/properties?organizationId=d215a186-f84d-4c7c-b75a-3189969999c2","statusCode":200,"requestId":"bb5d1fea-6d76-4ce0-a6a3-5737980f353c"}

stdout | src/phase10-load.integration.test.ts > phase 10.2 performance and load qualification > records API load, realtime load, and DB query profiles against Phase 10 targets
{"level":"info","time":"2026-07-28T09:00:09.842Z","service":"api","msg":"request.completed","method":"GET","url":"/v1/guest/realtime/events?limit=20","statusCode":200,"requestId":"7a52351f-75f6-483a-a561-1f1c04fffd93"}

stdout | src/phase10-load.integration.test.ts > phase 10.2 performance and load qualification > records API load, realtime load, and DB query profiles against Phase 10 targets
{"level":"info","time":"2026-07-28T09:00:09.843Z","service":"api","msg":"request.completed","method":"GET","url":"/v1/properties?organizationId=d215a186-f84d-4c7c-b75a-3189969999c2","statusCode":200,"requestId":"85bb0ae2-69da-4167-903a-2be2e2f19f0f"}

stdout | src/phase10-load.integration.test.ts > phase 10.2 performance and load qualification > records API load, realtime load, and DB query profiles against Phase 10 targets
{"level":"info","time":"2026-07-28T09:00:09.843Z","service":"api","msg":"request.completed","method":"GET","url":"/v1/guest/realtime/events?limit=20","statusCode":200,"requestId":"81faa18e-3979-4c2c-9624-5524b23ee3df"}

stdout | src/phase10-load.integration.test.ts > phase 10.2 performance and load qualification > records API load, realtime load, and DB query profiles against Phase 10 targets
{"level":"info","time":"2026-07-28T09:00:09.843Z","service":"api","msg":"request.completed","method":"GET","url":"/v1/properties?organizationId=d215a186-f84d-4c7c-b75a-3189969999c2","statusCode":200,"requestId":"e3d754a6-a5c8-4a5a-8e16-2278f75efb74"}

stdout | src/phase10-load.integration.test.ts > phase 10.2 performance and load qualification > records API load, realtime load, and DB query profiles against Phase 10 targets
{"level":"info","time":"2026-07-28T09:00:09.843Z","service":"api","msg":"request.completed","method":"GET","url":"/v1/guest/realtime/events?limit=20","statusCode":200,"requestId":"2931c2e1-15bf-4188-9125-340f25452972"}

stdout | src/phase10-load.integration.test.ts > phase 10.2 performance and load qualification > records API load, realtime load, and DB query profiles against Phase 10 targets
{"level":"info","time":"2026-07-28T09:00:09.844Z","service":"api","msg":"request.completed","method":"GET","url":"/v1/guest/realtime/events?limit=20","statusCode":200,"requestId":"8896146b-e898-4394-8fa3-d52d2dc3ab38"}

stdout | src/phase10-load.integration.test.ts > phase 10.2 performance and load qualification > records API load, realtime load, and DB query profiles against Phase 10 targets
{"level":"info","time":"2026-07-28T09:00:09.844Z","service":"api","msg":"request.completed","method":"GET","url":"/v1/guest/realtime/events?limit=20","statusCode":200,"requestId":"ca4b5e33-5326-4519-ac1a-eefe7e279206"}

stdout | src/phase10-load.integration.test.ts > phase 10.2 performance and load qualification > records API load, realtime load, and DB query profiles against Phase 10 targets
{"level":"info","time":"2026-07-28T09:00:09.845Z","service":"api","msg":"request.completed","method":"GET","url":"/v1/staff/work-items?propertyId=3ab87d2a-0c78-4fac-aa15-515a733cc3ae&queue=inbox","statusCode":200,"requestId":"d32e7172-0d80-44aa-9da0-086de4af486d"}

stdout | src/phase10-load.integration.test.ts > phase 10.2 performance and load qualification > records API load, realtime load, and DB query profiles against Phase 10 targets
{"level":"info","time":"2026-07-28T09:00:09.846Z","service":"api","msg":"request.completed","method":"GET","url":"/v1/properties?organizationId=d215a186-f84d-4c7c-b75a-3189969999c2","statusCode":200,"requestId":"21117757-cd1f-40ef-b52e-ed3e0edb8b7c"}

stdout | src/phase10-load.integration.test.ts > phase 10.2 performance and load qualification > records API load, realtime load, and DB query profiles against Phase 10 targets
{"level":"info","time":"2026-07-28T09:00:09.846Z","service":"api","msg":"request.completed","method":"GET","url":"/v1/properties?organizationId=d215a186-f84d-4c7c-b75a-3189969999c2","statusCode":200,"requestId":"508bf0f3-b58e-4b05-a10b-fb7f1ae262d8"}

stdout | src/phase10-load.integration.test.ts > phase 10.2 performance and load qualification > records API load, realtime load, and DB query profiles against Phase 10 targets
{"level":"info","time":"2026-07-28T09:00:09.846Z","service":"api","msg":"request.completed","method":"GET","url":"/v1/admin/properties/3ab87d2a-0c78-4fac-aa15-515a733cc3ae/analytics?timezone=Asia/Ho_Chi_Minh","statusCode":200,"requestId":"be7f921f-af67-4ade-9d25-fb24b4d16c4e"}

stdout | src/phase10-load.integration.test.ts > phase 10.2 performance and load qualification > records API load, realtime load, and DB query profiles against Phase 10 targets
{"level":"info","time":"2026-07-28T09:00:09.846Z","service":"api","msg":"request.completed","method":"GET","url":"/v1/guest/realtime/events?limit=20","statusCode":200,"requestId":"e30fe16f-a4f3-4852-b077-a88fa3ed9b42"}

stdout | src/phase10-load.integration.test.ts > phase 10.2 performance and load qualification > records API load, realtime load, and DB query profiles against Phase 10 targets
{"level":"info","time":"2026-07-28T09:00:09.847Z","service":"api","msg":"request.completed","method":"GET","url":"/v1/staff/work-items?propertyId=3ab87d2a-0c78-4fac-aa15-515a733cc3ae&queue=inbox","statusCode":200,"requestId":"c587c665-4ef9-48d1-9aee-151112086734"}

stdout | src/phase10-load.integration.test.ts > phase 10.2 performance and load qualification > records API load, realtime load, and DB query profiles against Phase 10 targets
{"level":"info","time":"2026-07-28T09:00:09.848Z","service":"api","msg":"request.completed","method":"GET","url":"/v1/guest/realtime/events?limit=20","statusCode":200,"requestId":"c1e690c1-356b-406c-986f-57b2a9f00183"}

stdout | src/phase10-load.integration.test.ts > phase 10.2 performance and load qualification > records API load, realtime load, and DB query profiles against Phase 10 targets
{"level":"info","time":"2026-07-28T09:00:09.848Z","service":"api","msg":"request.completed","method":"GET","url":"/v1/guest/realtime/events?limit=20","statusCode":200,"requestId":"4e99706b-9dfb-470c-9c2b-76cc424bcc2a"}

stdout | src/phase10-load.integration.test.ts > phase 10.2 performance and load qualification > records API load, realtime load, and DB query profiles against Phase 10 targets
{"level":"info","time":"2026-07-28T09:00:09.849Z","service":"api","msg":"request.completed","method":"GET","url":"/v1/properties?organizationId=d215a186-f84d-4c7c-b75a-3189969999c2","statusCode":200,"requestId":"2ace3e18-d78c-41e2-8f19-051a8ab5a694"}

stdout | src/phase10-load.integration.test.ts > phase 10.2 performance and load qualification > records API load, realtime load, and DB query profiles against Phase 10 targets
{"level":"info","time":"2026-07-28T09:00:09.851Z","service":"api","msg":"request.completed","method":"GET","url":"/v1/staff/work-items?propertyId=3ab87d2a-0c78-4fac-aa15-515a733cc3ae&queue=inbox","statusCode":200,"requestId":"f23292c9-beeb-496f-a851-0070574afd22"}

stdout | src/phase10-load.integration.test.ts > phase 10.2 performance and load qualification > records API load, realtime load, and DB query profiles against Phase 10 targets
{"level":"info","time":"2026-07-28T09:00:09.852Z","service":"api","msg":"request.completed","method":"GET","url":"/v1/staff/work-items?propertyId=3ab87d2a-0c78-4fac-aa15-515a733cc3ae&queue=inbox","statusCode":200,"requestId":"bda0e73c-6ac0-46a7-a60a-690fd49b83d7"}

stdout | src/phase10-load.integration.test.ts > phase 10.2 performance and load qualification > records API load, realtime load, and DB query profiles against Phase 10 targets
{"level":"info","time":"2026-07-28T09:00:09.852Z","service":"api","msg":"request.completed","method":"GET","url":"/v1/guest/realtime/events?limit=20","statusCode":200,"requestId":"10ad1ae0-0ace-46ed-b559-31b335c4b7a1"}

stdout | src/phase10-load.integration.test.ts > phase 10.2 performance and load qualification > records API load, realtime load, and DB query profiles against Phase 10 targets
{"level":"info","time":"2026-07-28T09:00:09.853Z","service":"api","msg":"request.completed","method":"GET","url":"/v1/guest/realtime/events?limit=20","statusCode":200,"requestId":"b07e43ed-54fa-4728-80e2-ed3f3a3e5054"}

stdout | src/phase10-load.integration.test.ts > phase 10.2 performance and load qualification > records API load, realtime load, and DB query profiles against Phase 10 targets
{"level":"info","time":"2026-07-28T09:00:09.859Z","service":"api","msg":"request.completed","method":"GET","url":"/v1/guest/realtime/events?limit=20","statusCode":200,"requestId":"0f5a93ee-e266-413f-95ce-f33ba8e1a853"}

stdout | src/phase10-load.integration.test.ts > phase 10.2 performance and load qualification > records API load, realtime load, and DB query profiles against Phase 10 targets
{"level":"info","time":"2026-07-28T09:00:09.859Z","service":"api","msg":"request.completed","method":"GET","url":"/v1/guest/realtime/events?limit=20","statusCode":200,"requestId":"a401cd64-852d-49ee-bef0-ef09ddd1060c"}

stdout | src/phase10-load.integration.test.ts > phase 10.2 performance and load qualification > records API load, realtime load, and DB query profiles against Phase 10 targets
{"level":"info","time":"2026-07-28T09:00:09.860Z","service":"api","msg":"request.completed","method":"GET","url":"/v1/guest/realtime/events?limit=20","statusCode":200,"requestId":"7b6e946f-d8bd-4de3-af56-28e54ff00ba6"}

stdout | src/phase10-load.integration.test.ts > phase 10.2 performance and load qualification > records API load, realtime load, and DB query profiles against Phase 10 targets
{"level":"info","time":"2026-07-28T09:00:09.860Z","service":"api","msg":"request.completed","method":"GET","url":"/v1/guest/realtime/events?limit=20","statusCode":200,"requestId":"427a5f9c-cdf3-4b6a-ac4d-dbf1aaa8d679"}

stdout | src/phase10-load.integration.test.ts > phase 10.2 performance and load qualification > records API load, realtime load, and DB query profiles against Phase 10 targets
{"level":"info","time":"2026-07-28T09:00:09.860Z","service":"api","msg":"request.completed","method":"GET","url":"/v1/guest/realtime/events?limit=20","statusCode":200,"requestId":"73eedd07-050c-4414-84a5-a9719d8763f6"}

stdout | src/phase10-load.integration.test.ts > phase 10.2 performance and load qualification > records API load, realtime load, and DB query profiles against Phase 10 targets
{"level":"info","time":"2026-07-28T09:00:09.860Z","service":"api","msg":"request.completed","method":"GET","url":"/v1/guest/realtime/events?limit=20","statusCode":200,"requestId":"39baff5d-7c1f-4166-a7f5-294b55ae7b1b"}

stdout | src/phase10-load.integration.test.ts > phase 10.2 performance and load qualification > records API load, realtime load, and DB query profiles against Phase 10 targets
{"level":"info","time":"2026-07-28T09:00:09.861Z","service":"api","msg":"request.completed","method":"GET","url":"/v1/properties?organizationId=d215a186-f84d-4c7c-b75a-3189969999c2","statusCode":200,"requestId":"23d30991-72e5-43b8-b1c7-feecbc62e106"}

stdout | src/phase10-load.integration.test.ts > phase 10.2 performance and load qualification > records API load, realtime load, and DB query profiles against Phase 10 targets
{"level":"info","time":"2026-07-28T09:00:09.861Z","service":"api","msg":"request.completed","method":"GET","url":"/v1/properties?organizationId=d215a186-f84d-4c7c-b75a-3189969999c2","statusCode":200,"requestId":"c28502ec-cb55-4c3f-8d9c-99b6142d8252"}

stdout | src/phase10-load.integration.test.ts > phase 10.2 performance and load qualification > records API load, realtime load, and DB query profiles against Phase 10 targets
{"level":"info","time":"2026-07-28T09:00:09.862Z","service":"api","msg":"request.completed","method":"GET","url":"/v1/properties?organizationId=d215a186-f84d-4c7c-b75a-3189969999c2","statusCode":200,"requestId":"d7a4f5c9-adaf-48fe-b5c0-512746d8697d"}

stdout | src/phase10-load.integration.test.ts > phase 10.2 performance and load qualification > records API load, realtime load, and DB query profiles against Phase 10 targets
{"level":"info","time":"2026-07-28T09:00:09.863Z","service":"api","msg":"request.completed","method":"GET","url":"/v1/admin/properties/3ab87d2a-0c78-4fac-aa15-515a733cc3ae/analytics?timezone=Asia/Ho_Chi_Minh","statusCode":200,"requestId":"54138244-5b4f-4527-a3b0-acf03e9dcfb7"}

stdout | src/phase10-load.integration.test.ts > phase 10.2 performance and load qualification > records API load, realtime load, and DB query profiles against Phase 10 targets
{"level":"info","time":"2026-07-28T09:00:09.863Z","service":"api","msg":"request.completed","method":"GET","url":"/v1/properties?organizationId=d215a186-f84d-4c7c-b75a-3189969999c2","statusCode":200,"requestId":"c7ca0254-66fc-48f7-83d8-8b8f51a0b4c9"}

stdout | src/phase10-load.integration.test.ts > phase 10.2 performance and load qualification > records API load, realtime load, and DB query profiles against Phase 10 targets
{"level":"info","time":"2026-07-28T09:00:09.863Z","service":"api","msg":"request.completed","method":"GET","url":"/v1/properties?organizationId=d215a186-f84d-4c7c-b75a-3189969999c2","statusCode":200,"requestId":"6e02228f-fc9a-4749-b803-97af56078486"}

stdout | src/phase10-load.integration.test.ts > phase 10.2 performance and load qualification > records API load, realtime load, and DB query profiles against Phase 10 targets
{"level":"info","time":"2026-07-28T09:00:09.864Z","service":"api","msg":"request.completed","method":"GET","url":"/v1/guest/realtime/events?limit=20","statusCode":200,"requestId":"a78ab4e2-efd8-49cf-b689-280bb365f901"}

stdout | src/phase10-load.integration.test.ts > phase 10.2 performance and load qualification > records API load, realtime load, and DB query profiles against Phase 10 targets
{"level":"info","time":"2026-07-28T09:00:09.864Z","service":"api","msg":"request.completed","method":"GET","url":"/v1/admin/properties/3ab87d2a-0c78-4fac-aa15-515a733cc3ae/analytics?timezone=Asia/Ho_Chi_Minh","statusCode":200,"requestId":"d52c51be-53ed-4593-9c19-6dc75ca9d846"}

stdout | src/phase10-load.integration.test.ts > phase 10.2 performance and load qualification > records API load, realtime load, and DB query profiles against Phase 10 targets
{"level":"info","time":"2026-07-28T09:00:09.864Z","service":"api","msg":"request.completed","method":"GET","url":"/v1/guest/realtime/events?limit=20","statusCode":200,"requestId":"f15928e8-371c-4370-841e-5c7e010957f4"}

stdout | src/phase10-load.integration.test.ts > phase 10.2 performance and load qualification > records API load, realtime load, and DB query profiles against Phase 10 targets
{"level":"info","time":"2026-07-28T09:00:09.864Z","service":"api","msg":"request.completed","method":"GET","url":"/v1/properties?organizationId=d215a186-f84d-4c7c-b75a-3189969999c2","statusCode":200,"requestId":"6741d064-df58-405b-855e-d828dd92c8a5"}

stdout | src/phase10-load.integration.test.ts > phase 10.2 performance and load qualification > records API load, realtime load, and DB query profiles against Phase 10 targets
{"level":"info","time":"2026-07-28T09:00:09.865Z","service":"api","msg":"request.completed","method":"GET","url":"/v1/properties?organizationId=d215a186-f84d-4c7c-b75a-3189969999c2","statusCode":200,"requestId":"36fb6a53-037d-4c68-a570-92a912dce7f5"}

stdout | src/phase10-load.integration.test.ts > phase 10.2 performance and load qualification > records API load, realtime load, and DB query profiles against Phase 10 targets
{"level":"info","time":"2026-07-28T09:00:09.865Z","service":"api","msg":"request.completed","method":"GET","url":"/v1/properties?organizationId=d215a186-f84d-4c7c-b75a-3189969999c2","statusCode":200,"requestId":"19ff6f6b-5cd1-4730-819d-6dae6ace56ba"}

stdout | src/phase10-load.integration.test.ts > phase 10.2 performance and load qualification > records API load, realtime load, and DB query profiles against Phase 10 targets
{"level":"info","time":"2026-07-28T09:00:09.865Z","service":"api","msg":"request.completed","method":"GET","url":"/v1/properties?organizationId=d215a186-f84d-4c7c-b75a-3189969999c2","statusCode":200,"requestId":"d22f256f-fc0e-409b-8752-1d2e9432e7b8"}

stdout | src/phase10-load.integration.test.ts > phase 10.2 performance and load qualification > records API load, realtime load, and DB query profiles against Phase 10 targets
{"level":"info","time":"2026-07-28T09:00:09.866Z","service":"api","msg":"request.completed","method":"GET","url":"/v1/properties?organizationId=d215a186-f84d-4c7c-b75a-3189969999c2","statusCode":200,"requestId":"3b7c046e-e951-4022-afd4-67169d3e9b1e"}

stdout | src/phase10-load.integration.test.ts > phase 10.2 performance and load qualification > records API load, realtime load, and DB query profiles against Phase 10 targets
{"level":"info","time":"2026-07-28T09:00:09.866Z","service":"api","msg":"request.completed","method":"GET","url":"/v1/admin/properties/3ab87d2a-0c78-4fac-aa15-515a733cc3ae/analytics?timezone=Asia/Ho_Chi_Minh","statusCode":200,"requestId":"9d585a68-8a8b-40e6-9b1b-050e8dcf2709"}

stdout | src/phase10-load.integration.test.ts > phase 10.2 performance and load qualification > records API load, realtime load, and DB query profiles against Phase 10 targets
{"level":"info","time":"2026-07-28T09:00:09.866Z","service":"api","msg":"request.completed","method":"GET","url":"/v1/guest/realtime/events?limit=20","statusCode":200,"requestId":"1e13290c-d616-443c-87fb-a7b62a68087c"}

stdout | src/phase10-load.integration.test.ts > phase 10.2 performance and load qualification > records API load, realtime load, and DB query profiles against Phase 10 targets
{"level":"info","time":"2026-07-28T09:00:09.868Z","service":"api","msg":"request.completed","method":"GET","url":"/v1/admin/properties/3ab87d2a-0c78-4fac-aa15-515a733cc3ae/analytics?timezone=Asia/Ho_Chi_Minh","statusCode":200,"requestId":"1faed60a-0f09-4824-9d19-f9e41f217733"}

stdout | src/phase10-load.integration.test.ts > phase 10.2 performance and load qualification > records API load, realtime load, and DB query profiles against Phase 10 targets
{"level":"info","time":"2026-07-28T09:00:09.869Z","service":"api","msg":"request.completed","method":"GET","url":"/v1/guest/realtime/events?limit=20","statusCode":200,"requestId":"119b5181-0a83-47aa-9f49-105f7ffe8455"}

stdout | src/phase10-load.integration.test.ts > phase 10.2 performance and load qualification > records API load, realtime load, and DB query profiles against Phase 10 targets
{"level":"info","time":"2026-07-28T09:00:09.869Z","service":"api","msg":"request.completed","method":"GET","url":"/v1/admin/properties/3ab87d2a-0c78-4fac-aa15-515a733cc3ae/analytics?timezone=Asia/Ho_Chi_Minh","statusCode":200,"requestId":"152e6720-c289-4280-a97f-bec6774cf79d"}

stdout | src/phase10-load.integration.test.ts > phase 10.2 performance and load qualification > records API load, realtime load, and DB query profiles against Phase 10 targets
{"level":"info","time":"2026-07-28T09:00:09.870Z","service":"api","msg":"request.completed","method":"GET","url":"/v1/properties?organizationId=d215a186-f84d-4c7c-b75a-3189969999c2","statusCode":200,"requestId":"82b0c59f-33b9-4371-aa68-398ca5716bc5"}

stdout | src/phase10-load.integration.test.ts > phase 10.2 performance and load qualification > records API load, realtime load, and DB query profiles against Phase 10 targets
{"level":"info","time":"2026-07-28T09:00:09.870Z","service":"api","msg":"request.completed","method":"GET","url":"/v1/properties?organizationId=d215a186-f84d-4c7c-b75a-3189969999c2","statusCode":200,"requestId":"7849081d-671b-4856-b42c-901a8d9e56a5"}

stdout | src/phase10-load.integration.test.ts > phase 10.2 performance and load qualification > records API load, realtime load, and DB query profiles against Phase 10 targets
{"level":"info","time":"2026-07-28T09:00:09.871Z","service":"api","msg":"request.completed","method":"GET","url":"/v1/admin/properties/3ab87d2a-0c78-4fac-aa15-515a733cc3ae/analytics?timezone=Asia/Ho_Chi_Minh","statusCode":200,"requestId":"4b83fe46-7e3e-4c37-ae59-69d1f8fe6c80"}

stdout | src/phase10-load.integration.test.ts > phase 10.2 performance and load qualification > records API load, realtime load, and DB query profiles against Phase 10 targets
{"level":"info","time":"2026-07-28T09:00:09.873Z","service":"api","msg":"request.completed","method":"GET","url":"/v1/admin/properties/3ab87d2a-0c78-4fac-aa15-515a733cc3ae/analytics?timezone=Asia/Ho_Chi_Minh","statusCode":200,"requestId":"40b74cee-5774-44cd-bd0e-5b94fff3fd3d"}

stdout | src/phase10-load.integration.test.ts > phase 10.2 performance and load qualification > records API load, realtime load, and DB query profiles against Phase 10 targets
{"level":"info","time":"2026-07-28T09:00:09.875Z","service":"api","msg":"request.completed","method":"GET","url":"/v1/admin/properties/3ab87d2a-0c78-4fac-aa15-515a733cc3ae/analytics?timezone=Asia/Ho_Chi_Minh","statusCode":200,"requestId":"fea967af-71d7-428d-853f-f0a3168f6b15"}

stdout | src/phase10-load.integration.test.ts > phase 10.2 performance and load qualification > records API load, realtime load, and DB query profiles against Phase 10 targets
{"level":"info","time":"2026-07-28T09:00:09.891Z","service":"api","msg":"request.completed","method":"GET","url":"/v1/staff/work-items?propertyId=3ab87d2a-0c78-4fac-aa15-515a733cc3ae&queue=inbox","statusCode":200,"requestId":"83588f53-c607-4713-bc77-1264c9904ad4"}

stdout | src/phase10-load.integration.test.ts > phase 10.2 performance and load qualification > records API load, realtime load, and DB query profiles against Phase 10 targets
{"level":"info","time":"2026-07-28T09:00:09.899Z","service":"api","msg":"request.completed","method":"GET","url":"/v1/staff/work-items?propertyId=3ab87d2a-0c78-4fac-aa15-515a733cc3ae&queue=inbox","statusCode":200,"requestId":"bb982734-f846-4977-ba2d-20b255bbf6c6"}

stdout | src/phase10-load.integration.test.ts > phase 10.2 performance and load qualification > records API load, realtime load, and DB query profiles against Phase 10 targets
{"level":"info","time":"2026-07-28T09:00:09.901Z","service":"api","msg":"request.completed","method":"GET","url":"/v1/staff/work-items?propertyId=3ab87d2a-0c78-4fac-aa15-515a733cc3ae&queue=inbox","statusCode":200,"requestId":"49c9e583-ca47-44ca-831a-6ea02709ddb1"}

stdout | src/phase10-load.integration.test.ts > phase 10.2 performance and load qualification > records API load, realtime load, and DB query profiles against Phase 10 targets
{"level":"info","time":"2026-07-28T09:00:09.902Z","service":"api","msg":"request.completed","method":"GET","url":"/v1/staff/work-items?propertyId=3ab87d2a-0c78-4fac-aa15-515a733cc3ae&queue=inbox","statusCode":200,"requestId":"3cf8d1cf-074f-4e73-8282-7dfdbbe2781a"}

stdout | src/phase10-load.integration.test.ts > phase 10.2 performance and load qualification > records API load, realtime load, and DB query profiles against Phase 10 targets
{"level":"info","time":"2026-07-28T09:00:09.903Z","service":"api","msg":"request.completed","method":"GET","url":"/v1/staff/work-items?propertyId=3ab87d2a-0c78-4fac-aa15-515a733cc3ae&queue=inbox","statusCode":200,"requestId":"c5f6729c-b575-4d3c-854f-7399834e59d4"}

stdout | src/phase10-load.integration.test.ts > phase 10.2 performance and load qualification > records API load, realtime load, and DB query profiles against Phase 10 targets
{"level":"info","time":"2026-07-28T09:00:09.905Z","service":"api","msg":"request.completed","method":"GET","url":"/v1/staff/work-items?propertyId=3ab87d2a-0c78-4fac-aa15-515a733cc3ae&queue=inbox","statusCode":200,"requestId":"a2c0d0d9-7882-46c6-909f-b143c9beb17f"}

stdout | src/phase10-load.integration.test.ts > phase 10.2 performance and load qualification > records API load, realtime load, and DB query profiles against Phase 10 targets
{"level":"info","time":"2026-07-28T09:00:09.906Z","service":"api","msg":"request.completed","method":"GET","url":"/v1/staff/work-items?propertyId=3ab87d2a-0c78-4fac-aa15-515a733cc3ae&queue=inbox","statusCode":200,"requestId":"617b02d9-a8fd-4b66-88fa-cc2b7c7bdb37"}

stdout | src/phase10-load.integration.test.ts > phase 10.2 performance and load qualification > records API load, realtime load, and DB query profiles against Phase 10 targets
{"level":"info","time":"2026-07-28T09:00:09.907Z","service":"api","msg":"request.completed","method":"GET","url":"/v1/staff/work-items?propertyId=3ab87d2a-0c78-4fac-aa15-515a733cc3ae&queue=inbox","statusCode":200,"requestId":"6cb6cfd8-eca2-41e2-b314-770dc3f78559"}

stdout | src/phase10-load.integration.test.ts > phase 10.2 performance and load qualification > records API load, realtime load, and DB query profiles against Phase 10 targets
{"level":"info","time":"2026-07-28T09:00:09.908Z","service":"api","msg":"request.completed","method":"GET","url":"/v1/guest/realtime/events?limit=20","statusCode":200,"requestId":"1710ceb8-9380-4c84-b8ca-e692f9218f1b"}

stdout | src/phase10-load.integration.test.ts > phase 10.2 performance and load qualification > records API load, realtime load, and DB query profiles against Phase 10 targets
{"level":"info","time":"2026-07-28T09:00:09.908Z","service":"api","msg":"request.completed","method":"GET","url":"/v1/guest/realtime/events?limit=20","statusCode":200,"requestId":"2ee9f50d-b223-4d04-887a-780193f485d8"}

stdout | src/phase10-load.integration.test.ts > phase 10.2 performance and load qualification > records API load, realtime load, and DB query profiles against Phase 10 targets
{"level":"info","time":"2026-07-28T09:00:09.909Z","service":"api","msg":"request.completed","method":"GET","url":"/v1/guest/realtime/events?limit=20","statusCode":200,"requestId":"f36aa0f1-ac1a-4f7a-98ae-cd9d04a6c602"}

stdout | src/phase10-load.integration.test.ts > phase 10.2 performance and load qualification > records API load, realtime load, and DB query profiles against Phase 10 targets
{"level":"info","time":"2026-07-28T09:00:09.909Z","service":"api","msg":"request.completed","method":"GET","url":"/v1/guest/realtime/events?limit=20","statusCode":200,"requestId":"e983682b-7c79-48db-a4e5-0b88c1496606"}

stdout | src/phase10-load.integration.test.ts > phase 10.2 performance and load qualification > records API load, realtime load, and DB query profiles against Phase 10 targets
{"level":"info","time":"2026-07-28T09:00:09.910Z","service":"api","msg":"request.completed","method":"GET","url":"/v1/guest/realtime/events?limit=20","statusCode":200,"requestId":"49136e30-2b8a-4501-93c2-5a65d5301a6f"}

stdout | src/phase10-load.integration.test.ts > phase 10.2 performance and load qualification > records API load, realtime load, and DB query profiles against Phase 10 targets
{"level":"info","time":"2026-07-28T09:00:09.910Z","service":"api","msg":"request.completed","method":"GET","url":"/v1/guest/realtime/events?limit=20","statusCode":200,"requestId":"c233fdb3-6890-4fe3-b588-38a62b23bfd5"}

stdout | src/phase10-load.integration.test.ts > phase 10.2 performance and load qualification > records API load, realtime load, and DB query profiles against Phase 10 targets
{"level":"info","time":"2026-07-28T09:00:09.912Z","service":"api","msg":"request.completed","method":"GET","url":"/v1/staff/work-items?propertyId=3ab87d2a-0c78-4fac-aa15-515a733cc3ae&queue=inbox","statusCode":200,"requestId":"c3e1a03d-c38b-4c09-8437-d2f1c4bddae8"}

stdout | src/phase10-load.integration.test.ts > phase 10.2 performance and load qualification > records API load, realtime load, and DB query profiles against Phase 10 targets
{"level":"info","time":"2026-07-28T09:00:09.915Z","service":"api","msg":"request.completed","method":"GET","url":"/v1/guest/realtime/events?limit=20","statusCode":200,"requestId":"ed2a797f-513c-48ff-913b-6101889a7b4e"}

stdout | src/phase10-load.integration.test.ts > phase 10.2 performance and load qualification > records API load, realtime load, and DB query profiles against Phase 10 targets
{"level":"info","time":"2026-07-28T09:00:09.917Z","service":"api","msg":"request.completed","method":"GET","url":"/v1/staff/work-items?propertyId=3ab87d2a-0c78-4fac-aa15-515a733cc3ae&queue=inbox","statusCode":200,"requestId":"23c59d93-3d7e-4172-96ab-c15ed11729a7"}

stdout | src/phase10-load.integration.test.ts > phase 10.2 performance and load qualification > records API load, realtime load, and DB query profiles against Phase 10 targets
{"level":"info","time":"2026-07-28T09:00:09.919Z","service":"api","msg":"request.completed","method":"GET","url":"/v1/staff/work-items?propertyId=3ab87d2a-0c78-4fac-aa15-515a733cc3ae&queue=inbox","statusCode":200,"requestId":"348a6e83-0a0d-4b87-ae45-b3ef216ffb44"}

stdout | src/phase10-load.integration.test.ts > phase 10.2 performance and load qualification > records API load, realtime load, and DB query profiles against Phase 10 targets
{"level":"info","time":"2026-07-28T09:00:09.921Z","service":"api","msg":"request.completed","method":"GET","url":"/v1/guest/realtime/events?limit=20","statusCode":200,"requestId":"f1a2ab73-1afb-4214-99b2-8185f1ff9e8e"}

stdout | src/phase10-load.integration.test.ts > phase 10.2 performance and load qualification > records API load, realtime load, and DB query profiles against Phase 10 targets
{"level":"info","time":"2026-07-28T09:00:09.922Z","service":"api","msg":"request.completed","method":"GET","url":"/v1/properties?organizationId=d215a186-f84d-4c7c-b75a-3189969999c2","statusCode":200,"requestId":"7a041671-8992-4f35-b658-1e63bdccb888"}

stdout | src/phase10-load.integration.test.ts > phase 10.2 performance and load qualification > records API load, realtime load, and DB query profiles against Phase 10 targets
{"level":"info","time":"2026-07-28T09:00:09.923Z","service":"api","msg":"request.completed","method":"GET","url":"/v1/properties?organizationId=d215a186-f84d-4c7c-b75a-3189969999c2","statusCode":200,"requestId":"1b21a6d8-950a-4835-a009-b2566e0760a8"}

stdout | src/phase10-load.integration.test.ts > phase 10.2 performance and load qualification > records API load, realtime load, and DB query profiles against Phase 10 targets
{"level":"info","time":"2026-07-28T09:00:09.923Z","service":"api","msg":"request.completed","method":"GET","url":"/v1/guest/realtime/events?limit=20","statusCode":200,"requestId":"3e3c8b1f-1b68-4da7-a5de-842053ec056c"}

stdout | src/phase10-load.integration.test.ts > phase 10.2 performance and load qualification > records API load, realtime load, and DB query profiles against Phase 10 targets
{"level":"info","time":"2026-07-28T09:00:09.925Z","service":"api","msg":"request.completed","method":"GET","url":"/v1/staff/work-items?propertyId=3ab87d2a-0c78-4fac-aa15-515a733cc3ae&queue=inbox","statusCode":200,"requestId":"c734f4fe-4feb-4353-a49b-7171f94c55e7"}

stdout | src/phase10-load.integration.test.ts > phase 10.2 performance and load qualification > records API load, realtime load, and DB query profiles against Phase 10 targets
{"level":"info","time":"2026-07-28T09:00:09.926Z","service":"api","msg":"request.completed","method":"GET","url":"/v1/guest/realtime/events?limit=20","statusCode":200,"requestId":"fb910b2d-f779-4523-b33d-8bba9a151e16"}

stdout | src/phase10-load.integration.test.ts > phase 10.2 performance and load qualification > records API load, realtime load, and DB query profiles against Phase 10 targets
{"level":"info","time":"2026-07-28T09:00:09.927Z","service":"api","msg":"request.completed","method":"GET","url":"/v1/properties?organizationId=d215a186-f84d-4c7c-b75a-3189969999c2","statusCode":200,"requestId":"fae365ef-ca68-4d9d-af17-ecf29620c3cd"}

stdout | src/phase10-load.integration.test.ts > phase 10.2 performance and load qualification > records API load, realtime load, and DB query profiles against Phase 10 targets
{"level":"info","time":"2026-07-28T09:00:09.928Z","service":"api","msg":"request.completed","method":"GET","url":"/v1/properties?organizationId=d215a186-f84d-4c7c-b75a-3189969999c2","statusCode":200,"requestId":"7b6a24cb-2131-43fb-af50-246b0b769d56"}

stdout | src/phase10-load.integration.test.ts > phase 10.2 performance and load qualification > records API load, realtime load, and DB query profiles against Phase 10 targets
{"level":"info","time":"2026-07-28T09:00:09.929Z","service":"api","msg":"request.completed","method":"GET","url":"/v1/properties?organizationId=d215a186-f84d-4c7c-b75a-3189969999c2","statusCode":200,"requestId":"b6755c68-b138-4eae-89d9-66786cbc7be5"}

stdout | src/phase10-load.integration.test.ts > phase 10.2 performance and load qualification > records API load, realtime load, and DB query profiles against Phase 10 targets
{"level":"info","time":"2026-07-28T09:00:09.930Z","service":"api","msg":"request.completed","method":"GET","url":"/v1/properties?organizationId=d215a186-f84d-4c7c-b75a-3189969999c2","statusCode":200,"requestId":"1647e3e0-ebea-4294-889b-3fcf686033fc"}

stdout | src/phase10-load.integration.test.ts > phase 10.2 performance and load qualification > records API load, realtime load, and DB query profiles against Phase 10 targets
{"level":"info","time":"2026-07-28T09:00:09.930Z","service":"api","msg":"request.completed","method":"GET","url":"/v1/properties?organizationId=d215a186-f84d-4c7c-b75a-3189969999c2","statusCode":200,"requestId":"ba7a347c-0c34-446f-b6f7-4f2d892cd9f2"}

stdout | src/phase10-load.integration.test.ts > phase 10.2 performance and load qualification > records API load, realtime load, and DB query profiles against Phase 10 targets
{"level":"info","time":"2026-07-28T09:00:09.931Z","service":"api","msg":"request.completed","method":"GET","url":"/v1/properties?organizationId=d215a186-f84d-4c7c-b75a-3189969999c2","statusCode":200,"requestId":"37d82a32-1b42-49cd-8d49-a845385afcb8"}

stdout | src/phase10-load.integration.test.ts > phase 10.2 performance and load qualification > records API load, realtime load, and DB query profiles against Phase 10 targets
{"level":"info","time":"2026-07-28T09:00:09.932Z","service":"api","msg":"request.completed","method":"GET","url":"/v1/properties?organizationId=d215a186-f84d-4c7c-b75a-3189969999c2","statusCode":200,"requestId":"3ee72c2d-e49c-4a9c-8413-d89a235d883c"}

stdout | src/phase10-load.integration.test.ts > phase 10.2 performance and load qualification > records API load, realtime load, and DB query profiles against Phase 10 targets
{"level":"info","time":"2026-07-28T09:00:09.932Z","service":"api","msg":"request.completed","method":"GET","url":"/v1/properties?organizationId=d215a186-f84d-4c7c-b75a-3189969999c2","statusCode":200,"requestId":"45087351-2d66-4b49-8060-c190f859c3b6"}

stdout | src/phase10-load.integration.test.ts > phase 10.2 performance and load qualification > records API load, realtime load, and DB query profiles against Phase 10 targets
{"level":"info","time":"2026-07-28T09:00:09.934Z","service":"api","msg":"request.completed","method":"GET","url":"/v1/properties?organizationId=d215a186-f84d-4c7c-b75a-3189969999c2","statusCode":200,"requestId":"2769cc9a-7461-413c-8aaa-b25ed6b21fb4"}

stdout | src/phase10-load.integration.test.ts > phase 10.2 performance and load qualification > records API load, realtime load, and DB query profiles against Phase 10 targets
{"level":"info","time":"2026-07-28T09:00:09.938Z","service":"api","msg":"request.completed","method":"GET","url":"/v1/properties?organizationId=d215a186-f84d-4c7c-b75a-3189969999c2","statusCode":200,"requestId":"9cc4a3cc-eb39-495d-92e7-6f9ab0740851"}

stdout | src/phase10-load.integration.test.ts > phase 10.2 performance and load qualification > records API load, realtime load, and DB query profiles against Phase 10 targets
{"level":"info","time":"2026-07-28T09:00:09.939Z","service":"api","msg":"request.completed","method":"GET","url":"/v1/admin/properties/3ab87d2a-0c78-4fac-aa15-515a733cc3ae/analytics?timezone=Asia/Ho_Chi_Minh","statusCode":200,"requestId":"f5aee7f5-6c36-455f-82e9-f606fe08a927"}

stdout | src/phase10-load.integration.test.ts > phase 10.2 performance and load qualification > records API load, realtime load, and DB query profiles against Phase 10 targets
{"level":"info","time":"2026-07-28T09:00:09.940Z","service":"api","msg":"request.completed","method":"GET","url":"/v1/admin/properties/3ab87d2a-0c78-4fac-aa15-515a733cc3ae/analytics?timezone=Asia/Ho_Chi_Minh","statusCode":200,"requestId":"51c2890f-b772-4ab9-bc79-64ff2a92fdd4"}

stdout | src/phase10-load.integration.test.ts > phase 10.2 performance and load qualification > records API load, realtime load, and DB query profiles against Phase 10 targets
{"level":"info","time":"2026-07-28T09:00:09.943Z","service":"api","msg":"request.completed","method":"GET","url":"/v1/admin/properties/3ab87d2a-0c78-4fac-aa15-515a733cc3ae/analytics?timezone=Asia/Ho_Chi_Minh","statusCode":200,"requestId":"cbaa329c-c60c-4bfe-b347-d6d533df7066"}

stdout | src/phase10-load.integration.test.ts > phase 10.2 performance and load qualification > records API load, realtime load, and DB query profiles against Phase 10 targets
{"level":"info","time":"2026-07-28T09:00:09.951Z","service":"api","msg":"request.completed","method":"GET","url":"/v1/admin/properties/3ab87d2a-0c78-4fac-aa15-515a733cc3ae/analytics?timezone=Asia/Ho_Chi_Minh","statusCode":200,"requestId":"a4434f5c-351f-4f4b-8f99-d1bba12694e8"}

stdout | src/phase10-load.integration.test.ts > phase 10.2 performance and load qualification > records API load, realtime load, and DB query profiles against Phase 10 targets
{"level":"info","time":"2026-07-28T09:00:09.970Z","service":"api","msg":"request.completed","method":"GET","url":"/v1/admin/properties/3ab87d2a-0c78-4fac-aa15-515a733cc3ae/analytics?timezone=Asia/Ho_Chi_Minh","statusCode":200,"requestId":"bb310e75-d482-401e-9069-9ee58ce169b0"}

stdout | src/phase10-load.integration.test.ts > phase 10.2 performance and load qualification > records API load, realtime load, and DB query profiles against Phase 10 targets
{"level":"info","time":"2026-07-28T09:00:09.972Z","service":"api","msg":"request.completed","method":"GET","url":"/v1/admin/properties/3ab87d2a-0c78-4fac-aa15-515a733cc3ae/analytics?timezone=Asia/Ho_Chi_Minh","statusCode":200,"requestId":"e90b0945-b44a-4439-9428-63853acf68d9"}

stdout | src/phase10-load.integration.test.ts > phase 10.2 performance and load qualification > records API load, realtime load, and DB query profiles against Phase 10 targets
{"level":"info","time":"2026-07-28T09:00:09.973Z","service":"api","msg":"request.completed","method":"GET","url":"/v1/guest/realtime/events?limit=20","statusCode":200,"requestId":"f71c0b5f-5870-4203-ba06-0f7680158ba3"}

stdout | src/phase10-load.integration.test.ts > phase 10.2 performance and load qualification > records API load, realtime load, and DB query profiles against Phase 10 targets
{"level":"info","time":"2026-07-28T09:00:09.974Z","service":"api","msg":"request.completed","method":"GET","url":"/v1/guest/realtime/events?limit=20","statusCode":200,"requestId":"35e43513-fc40-4c56-8453-ba6cdce89304"}

stdout | src/phase10-load.integration.test.ts > phase 10.2 performance and load qualification > records API load, realtime load, and DB query profiles against Phase 10 targets
{"level":"info","time":"2026-07-28T09:00:09.974Z","service":"api","msg":"request.completed","method":"GET","url":"/v1/guest/realtime/events?limit=20","statusCode":200,"requestId":"d770ef2b-85e4-43df-8e56-bdbb2345bbe0"}

stdout | src/phase10-load.integration.test.ts > phase 10.2 performance and load qualification > records API load, realtime load, and DB query profiles against Phase 10 targets
{"level":"info","time":"2026-07-28T09:00:09.975Z","service":"api","msg":"request.completed","method":"GET","url":"/v1/guest/realtime/events?limit=20","statusCode":200,"requestId":"f9079b0d-b9ab-4992-b6ec-14aa062c9d21"}

stdout | src/phase10-load.integration.test.ts > phase 10.2 performance and load qualification > records API load, realtime load, and DB query profiles against Phase 10 targets
{"level":"info","time":"2026-07-28T09:00:09.975Z","service":"api","msg":"request.completed","method":"GET","url":"/v1/admin/properties/3ab87d2a-0c78-4fac-aa15-515a733cc3ae/analytics?timezone=Asia/Ho_Chi_Minh","statusCode":200,"requestId":"1f70f782-064f-4537-a3fc-f8cfff08bbed"}

stdout | src/phase10-load.integration.test.ts > phase 10.2 performance and load qualification > records API load, realtime load, and DB query profiles against Phase 10 targets
{"level":"info","time":"2026-07-28T09:00:09.976Z","service":"api","msg":"request.completed","method":"GET","url":"/v1/guest/realtime/events?limit=20","statusCode":200,"requestId":"7e061945-8faf-4825-86c9-0475ffea97aa"}

stdout | src/phase10-load.integration.test.ts > phase 10.2 performance and load qualification > records API load, realtime load, and DB query profiles against Phase 10 targets
{"level":"info","time":"2026-07-28T09:00:09.979Z","service":"api","msg":"request.completed","method":"GET","url":"/v1/guest/realtime/events?limit=20","statusCode":200,"requestId":"9bee03b1-cbf7-4742-a89c-33935ce55ff4"}

stdout | src/phase10-load.integration.test.ts > phase 10.2 performance and load qualification > records API load, realtime load, and DB query profiles against Phase 10 targets
{"level":"info","time":"2026-07-28T09:00:09.979Z","service":"api","msg":"request.completed","method":"GET","url":"/v1/admin/properties/3ab87d2a-0c78-4fac-aa15-515a733cc3ae/analytics?timezone=Asia/Ho_Chi_Minh","statusCode":200,"requestId":"2aa0c5c6-37ed-46ba-8246-94a60bcb8475"}

stdout | src/phase10-load.integration.test.ts > phase 10.2 performance and load qualification > records API load, realtime load, and DB query profiles against Phase 10 targets
{"level":"info","time":"2026-07-28T09:00:09.980Z","service":"api","msg":"request.completed","method":"GET","url":"/v1/guest/realtime/events?limit=20","statusCode":200,"requestId":"34de9408-680f-4814-ae34-32464864d49e"}

stdout | src/phase10-load.integration.test.ts > phase 10.2 performance and load qualification > records API load, realtime load, and DB query profiles against Phase 10 targets
{"level":"info","time":"2026-07-28T09:00:09.980Z","service":"api","msg":"request.completed","method":"GET","url":"/v1/guest/realtime/events?limit=20","statusCode":200,"requestId":"ee6990d2-0b3d-4813-8f29-c1b9450997fb"}

stdout | src/phase10-load.integration.test.ts > phase 10.2 performance and load qualification > records API load, realtime load, and DB query profiles against Phase 10 targets
{"level":"info","time":"2026-07-28T09:00:09.982Z","service":"api","msg":"request.completed","method":"GET","url":"/v1/guest/realtime/events?limit=20","statusCode":200,"requestId":"696c89be-ea64-4433-8fd9-73480d06bc77"}

stdout | src/phase10-load.integration.test.ts > phase 10.2 performance and load qualification > records API load, realtime load, and DB query profiles against Phase 10 targets
{"level":"info","time":"2026-07-28T09:00:09.982Z","service":"api","msg":"request.completed","method":"GET","url":"/v1/guest/realtime/events?limit=20","statusCode":200,"requestId":"8b7aef6f-93d6-40b0-bea5-8e63142df747"}

stdout | src/phase10-load.integration.test.ts > phase 10.2 performance and load qualification > records API load, realtime load, and DB query profiles against Phase 10 targets
{"level":"info","time":"2026-07-28T09:00:09.999Z","service":"api","msg":"request.completed","method":"GET","url":"/v1/properties?organizationId=d215a186-f84d-4c7c-b75a-3189969999c2","statusCode":200,"requestId":"aacab390-41e5-487b-8dec-7b9457289d91"}

stdout | src/phase10-load.integration.test.ts > phase 10.2 performance and load qualification > records API load, realtime load, and DB query profiles against Phase 10 targets
{"level":"info","time":"2026-07-28T09:00:10.000Z","service":"api","msg":"request.completed","method":"GET","url":"/v1/properties?organizationId=d215a186-f84d-4c7c-b75a-3189969999c2","statusCode":200,"requestId":"8fb55595-41d4-485f-8c13-81a7ca7c0811"}

stdout | src/phase10-load.integration.test.ts > phase 10.2 performance and load qualification > records API load, realtime load, and DB query profiles against Phase 10 targets
{"level":"info","time":"2026-07-28T09:00:10.003Z","service":"api","msg":"request.completed","method":"GET","url":"/v1/properties?organizationId=d215a186-f84d-4c7c-b75a-3189969999c2","statusCode":200,"requestId":"0f0906dc-d221-4601-b27c-5f6bc723950a"}

stdout | src/phase10-load.integration.test.ts > phase 10.2 performance and load qualification > records API load, realtime load, and DB query profiles against Phase 10 targets
{"level":"info","time":"2026-07-28T09:00:10.006Z","service":"api","msg":"request.completed","method":"GET","url":"/v1/properties?organizationId=d215a186-f84d-4c7c-b75a-3189969999c2","statusCode":200,"requestId":"9f123ddf-c37f-40e6-8d65-cf07634f835c"}

stdout | src/phase10-load.integration.test.ts > phase 10.2 performance and load qualification > records API load, realtime load, and DB query profiles against Phase 10 targets
{"level":"info","time":"2026-07-28T09:00:10.007Z","service":"api","msg":"request.completed","method":"GET","url":"/v1/properties?organizationId=d215a186-f84d-4c7c-b75a-3189969999c2","statusCode":200,"requestId":"e5256cd4-e1bd-481f-b836-ace1e879de80"}

stdout | src/phase10-load.integration.test.ts > phase 10.2 performance and load qualification > records API load, realtime load, and DB query profiles against Phase 10 targets
{"level":"info","time":"2026-07-28T09:00:10.008Z","service":"api","msg":"request.completed","method":"GET","url":"/v1/properties?organizationId=d215a186-f84d-4c7c-b75a-3189969999c2","statusCode":200,"requestId":"c2fabc2f-6ce3-4169-80e7-c2c79a68a95f"}

stdout | src/phase10-load.integration.test.ts > phase 10.2 performance and load qualification > records API load, realtime load, and DB query profiles against Phase 10 targets
{"level":"info","time":"2026-07-28T09:00:10.010Z","service":"api","msg":"request.completed","method":"GET","url":"/v1/properties?organizationId=d215a186-f84d-4c7c-b75a-3189969999c2","statusCode":200,"requestId":"c3145201-09d6-4e3b-8816-b1d01912f1e6"}

stdout | src/phase10-load.integration.test.ts > phase 10.2 performance and load qualification > records API load, realtime load, and DB query profiles against Phase 10 targets
{"level":"info","time":"2026-07-28T09:00:10.012Z","service":"api","msg":"request.completed","method":"GET","url":"/v1/properties?organizationId=d215a186-f84d-4c7c-b75a-3189969999c2","statusCode":200,"requestId":"061df17f-e7e3-4f73-958f-04a7c512c97d"}

stdout | src/phase10-load.integration.test.ts > phase 10.2 performance and load qualification > records API load, realtime load, and DB query profiles against Phase 10 targets
{"level":"info","time":"2026-07-28T09:00:10.014Z","service":"api","msg":"request.completed","method":"GET","url":"/v1/properties?organizationId=d215a186-f84d-4c7c-b75a-3189969999c2","statusCode":200,"requestId":"51732c34-8c53-4bae-975d-7d93fc7e7135"}

stdout | src/phase10-load.integration.test.ts > phase 10.2 performance and load qualification > records API load, realtime load, and DB query profiles against Phase 10 targets
{"level":"info","time":"2026-07-28T09:00:10.018Z","service":"api","msg":"request.completed","method":"GET","url":"/v1/properties?organizationId=d215a186-f84d-4c7c-b75a-3189969999c2","statusCode":200,"requestId":"3bdc4bb4-2e74-4d24-b02a-430694e6aa42"}

stdout | src/phase10-load.integration.test.ts > phase 10.2 performance and load qualification > records API load, realtime load, and DB query profiles against Phase 10 targets
{"level":"info","time":"2026-07-28T09:00:10.021Z","service":"api","msg":"request.completed","method":"GET","url":"/v1/properties?organizationId=d215a186-f84d-4c7c-b75a-3189969999c2","statusCode":200,"requestId":"33453a2a-f8d6-4be9-a9dd-86663dc89cd3"}

stdout | src/phase10-load.integration.test.ts > phase 10.2 performance and load qualification > records API load, realtime load, and DB query profiles against Phase 10 targets
{"level":"info","time":"2026-07-28T09:00:10.022Z","service":"api","msg":"request.completed","method":"GET","url":"/v1/properties?organizationId=d215a186-f84d-4c7c-b75a-3189969999c2","statusCode":200,"requestId":"1e4e0b0c-10cb-41c6-aefc-19381ba9dbaf"}

stdout | src/phase10-load.integration.test.ts > phase 10.2 performance and load qualification > records API load, realtime load, and DB query profiles against Phase 10 targets
{"level":"info","time":"2026-07-28T09:00:10.031Z","service":"api","msg":"request.completed","method":"GET","url":"/v1/staff/work-items?propertyId=3ab87d2a-0c78-4fac-aa15-515a733cc3ae&queue=inbox","statusCode":200,"requestId":"8283061c-e1aa-4403-a769-f7069b34961d"}

stdout | src/phase10-load.integration.test.ts > phase 10.2 performance and load qualification > records API load, realtime load, and DB query profiles against Phase 10 targets
{"level":"info","time":"2026-07-28T09:00:10.032Z","service":"api","msg":"request.completed","method":"GET","url":"/v1/staff/work-items?propertyId=3ab87d2a-0c78-4fac-aa15-515a733cc3ae&queue=inbox","statusCode":200,"requestId":"b3ea51ae-1721-4427-b773-aea1549fbca2"}

stdout | src/phase10-load.integration.test.ts > phase 10.2 performance and load qualification > records API load, realtime load, and DB query profiles against Phase 10 targets
{"level":"info","time":"2026-07-28T09:00:10.034Z","service":"api","msg":"request.completed","method":"GET","url":"/v1/staff/work-items?propertyId=3ab87d2a-0c78-4fac-aa15-515a733cc3ae&queue=inbox","statusCode":200,"requestId":"bf28734d-70dd-4b16-930a-b5ab70c99277"}

stdout | src/phase10-load.integration.test.ts > phase 10.2 performance and load qualification > records API load, realtime load, and DB query profiles against Phase 10 targets
{"level":"info","time":"2026-07-28T09:00:10.038Z","service":"api","msg":"request.completed","method":"GET","url":"/v1/staff/work-items?propertyId=3ab87d2a-0c78-4fac-aa15-515a733cc3ae&queue=inbox","statusCode":200,"requestId":"44ee5808-e75a-4fb5-bb87-8c5b8ccd7390"}

stdout | src/phase10-load.integration.test.ts > phase 10.2 performance and load qualification > records API load, realtime load, and DB query profiles against Phase 10 targets
{"level":"info","time":"2026-07-28T09:00:10.040Z","service":"api","msg":"request.completed","method":"GET","url":"/v1/guest/realtime/events?limit=20","statusCode":200,"requestId":"9fd8c5bf-c332-46d6-9765-77b2c8952647"}

stdout | src/phase10-load.integration.test.ts > phase 10.2 performance and load qualification > records API load, realtime load, and DB query profiles against Phase 10 targets
{"level":"info","time":"2026-07-28T09:00:10.040Z","service":"api","msg":"request.completed","method":"GET","url":"/v1/guest/realtime/events?limit=20","statusCode":200,"requestId":"26ebe6a7-64fe-4ab0-8649-b122eedfc8ec"}

stdout | src/phase10-load.integration.test.ts > phase 10.2 performance and load qualification > records API load, realtime load, and DB query profiles against Phase 10 targets
{"level":"info","time":"2026-07-28T09:00:10.042Z","service":"api","msg":"request.completed","method":"GET","url":"/v1/staff/work-items?propertyId=3ab87d2a-0c78-4fac-aa15-515a733cc3ae&queue=inbox","statusCode":200,"requestId":"1f1d1c20-9be1-4657-b7c7-e6255f9a5f86"}

stdout | src/phase10-load.integration.test.ts > phase 10.2 performance and load qualification > records API load, realtime load, and DB query profiles against Phase 10 targets
{"level":"info","time":"2026-07-28T09:00:10.045Z","service":"api","msg":"request.completed","method":"GET","url":"/v1/staff/work-items?propertyId=3ab87d2a-0c78-4fac-aa15-515a733cc3ae&queue=inbox","statusCode":200,"requestId":"8db1643e-093d-4d38-865b-c379b113b5ce"}

stdout | src/phase10-load.integration.test.ts > phase 10.2 performance and load qualification > records API load, realtime load, and DB query profiles against Phase 10 targets
{"level":"info","time":"2026-07-28T09:00:10.049Z","service":"api","msg":"request.completed","method":"GET","url":"/v1/staff/work-items?propertyId=3ab87d2a-0c78-4fac-aa15-515a733cc3ae&queue=inbox","statusCode":200,"requestId":"6e73dbc0-47db-4335-9dfa-8c00945c6402"}

stdout | src/phase10-load.integration.test.ts > phase 10.2 performance and load qualification > records API load, realtime load, and DB query profiles against Phase 10 targets
{"level":"info","time":"2026-07-28T09:00:10.050Z","service":"api","msg":"request.completed","method":"GET","url":"/v1/guest/realtime/events?limit=20","statusCode":200,"requestId":"9ba328ab-c544-4c0d-b5f9-240450087e53"}

stdout | src/phase10-load.integration.test.ts > phase 10.2 performance and load qualification > records API load, realtime load, and DB query profiles against Phase 10 targets
{"level":"info","time":"2026-07-28T09:00:10.052Z","service":"api","msg":"request.completed","method":"GET","url":"/v1/guest/realtime/events?limit=20","statusCode":200,"requestId":"c2215105-b087-4461-aacc-f9a569d8bd39"}

stdout | src/phase10-load.integration.test.ts > phase 10.2 performance and load qualification > records API load, realtime load, and DB query profiles against Phase 10 targets
{"level":"info","time":"2026-07-28T09:00:10.057Z","service":"api","msg":"request.completed","method":"GET","url":"/v1/guest/realtime/events?limit=20","statusCode":200,"requestId":"375760fc-1f89-4578-8793-a81b8c05da4d"}

stdout | src/phase10-load.integration.test.ts > phase 10.2 performance and load qualification > records API load, realtime load, and DB query profiles against Phase 10 targets
{"level":"info","time":"2026-07-28T09:00:10.058Z","service":"api","msg":"request.completed","method":"GET","url":"/v1/guest/realtime/events?limit=20","statusCode":200,"requestId":"ed17203d-c246-4fe7-b243-2ea590fcc1cd"}

stdout | src/phase10-load.integration.test.ts > phase 10.2 performance and load qualification > records API load, realtime load, and DB query profiles against Phase 10 targets
{"level":"info","time":"2026-07-28T09:00:10.060Z","service":"api","msg":"request.completed","method":"GET","url":"/v1/staff/work-items?propertyId=3ab87d2a-0c78-4fac-aa15-515a733cc3ae&queue=inbox","statusCode":200,"requestId":"47161467-a315-46fa-aa1c-f9d857f48364"}

stdout | src/phase10-load.integration.test.ts > phase 10.2 performance and load qualification > records API load, realtime load, and DB query profiles against Phase 10 targets
{"level":"info","time":"2026-07-28T09:00:10.064Z","service":"api","msg":"request.completed","method":"GET","url":"/v1/admin/properties/3ab87d2a-0c78-4fac-aa15-515a733cc3ae/analytics?timezone=Asia/Ho_Chi_Minh","statusCode":200,"requestId":"bb4ca266-69bc-4099-9e20-ac4aa4883ebd"}

stdout | src/phase10-load.integration.test.ts > phase 10.2 performance and load qualification > records API load, realtime load, and DB query profiles against Phase 10 targets
{"level":"info","time":"2026-07-28T09:00:10.065Z","service":"api","msg":"request.completed","method":"GET","url":"/v1/guest/realtime/events?limit=20","statusCode":200,"requestId":"efb3de42-9607-4f33-941d-b62c30352c36"}

stdout | src/phase10-load.integration.test.ts > phase 10.2 performance and load qualification > records API load, realtime load, and DB query profiles against Phase 10 targets
{"level":"info","time":"2026-07-28T09:00:10.067Z","service":"api","msg":"request.completed","method":"GET","url":"/v1/staff/work-items?propertyId=3ab87d2a-0c78-4fac-aa15-515a733cc3ae&queue=inbox","statusCode":200,"requestId":"a8f353b8-2a6a-48e4-971e-a50fdca73a9b"}

stdout | src/phase10-load.integration.test.ts > phase 10.2 performance and load qualification > records API load, realtime load, and DB query profiles against Phase 10 targets
{"level":"info","time":"2026-07-28T09:00:10.070Z","service":"api","msg":"request.completed","method":"GET","url":"/v1/staff/work-items?propertyId=3ab87d2a-0c78-4fac-aa15-515a733cc3ae&queue=inbox","statusCode":200,"requestId":"b1ab202e-ee3c-419d-8457-6a559c779957"}

stdout | src/phase10-load.integration.test.ts > phase 10.2 performance and load qualification > records API load, realtime load, and DB query profiles against Phase 10 targets
{"level":"info","time":"2026-07-28T09:00:10.073Z","service":"api","msg":"request.completed","method":"GET","url":"/v1/staff/work-items?propertyId=3ab87d2a-0c78-4fac-aa15-515a733cc3ae&queue=inbox","statusCode":200,"requestId":"580d4425-f50d-4e65-9954-ec9d57b02728"}

stdout | src/phase10-load.integration.test.ts > phase 10.2 performance and load qualification > records API load, realtime load, and DB query profiles against Phase 10 targets
{"level":"info","time":"2026-07-28T09:00:10.074Z","service":"api","msg":"request.completed","method":"GET","url":"/v1/admin/properties/3ab87d2a-0c78-4fac-aa15-515a733cc3ae/analytics?timezone=Asia/Ho_Chi_Minh","statusCode":200,"requestId":"de5961ec-a0a6-47ea-acea-f723e17b1e03"}

stdout | src/phase10-load.integration.test.ts > phase 10.2 performance and load qualification > records API load, realtime load, and DB query profiles against Phase 10 targets
{"level":"info","time":"2026-07-28T09:00:10.075Z","service":"api","msg":"request.completed","method":"GET","url":"/v1/guest/realtime/events?limit=20","statusCode":200,"requestId":"7e620fcc-ddaa-4eb3-bc82-a7d69e92961f"}

stdout | src/phase10-load.integration.test.ts > phase 10.2 performance and load qualification > records API load, realtime load, and DB query profiles against Phase 10 targets
{"level":"info","time":"2026-07-28T09:00:10.082Z","service":"api","msg":"request.completed","method":"GET","url":"/v1/admin/properties/3ab87d2a-0c78-4fac-aa15-515a733cc3ae/analytics?timezone=Asia/Ho_Chi_Minh","statusCode":200,"requestId":"9ad7f27c-281a-4c03-95c1-57f55b869509"}

stdout | src/phase10-load.integration.test.ts > phase 10.2 performance and load qualification > records API load, realtime load, and DB query profiles against Phase 10 targets
{"level":"info","time":"2026-07-28T09:00:10.086Z","service":"api","msg":"request.completed","method":"GET","url":"/v1/admin/properties/3ab87d2a-0c78-4fac-aa15-515a733cc3ae/analytics?timezone=Asia/Ho_Chi_Minh","statusCode":200,"requestId":"9fc01b46-0ae8-4636-b602-421686a5165f"}

stdout | src/phase10-load.integration.test.ts > phase 10.2 performance and load qualification > records API load, realtime load, and DB query profiles against Phase 10 targets
{"level":"info","time":"2026-07-28T09:00:10.089Z","service":"api","msg":"request.completed","method":"GET","url":"/v1/guest/realtime/events?limit=20","statusCode":200,"requestId":"c64749de-6f9d-43e7-886a-eecde58b147a"}

stdout | src/phase10-load.integration.test.ts > phase 10.2 performance and load qualification > records API load, realtime load, and DB query profiles against Phase 10 targets
{"level":"info","time":"2026-07-28T09:00:10.092Z","service":"api","msg":"request.completed","method":"GET","url":"/v1/staff/work-items?propertyId=3ab87d2a-0c78-4fac-aa15-515a733cc3ae&queue=inbox","statusCode":200,"requestId":"b66f2db9-834f-4a75-abea-a4c73e748074"}

stdout | src/phase10-load.integration.test.ts > phase 10.2 performance and load qualification > records API load, realtime load, and DB query profiles against Phase 10 targets
{"level":"info","time":"2026-07-28T09:00:10.093Z","service":"api","msg":"request.completed","method":"GET","url":"/v1/admin/properties/3ab87d2a-0c78-4fac-aa15-515a733cc3ae/analytics?timezone=Asia/Ho_Chi_Minh","statusCode":200,"requestId":"7015f6b6-1dca-49a7-ab44-83e1f7d1c6b3"}

stdout | src/phase10-load.integration.test.ts > phase 10.2 performance and load qualification > records API load, realtime load, and DB query profiles against Phase 10 targets
{"level":"info","time":"2026-07-28T09:00:10.094Z","service":"api","msg":"request.completed","method":"GET","url":"/v1/guest/realtime/events?limit=20","statusCode":200,"requestId":"1a6a4bc8-8887-4e74-9137-5bd675e4949e"}

stdout | src/phase10-load.integration.test.ts > phase 10.2 performance and load qualification > records API load, realtime load, and DB query profiles against Phase 10 targets
{"level":"info","time":"2026-07-28T09:00:10.097Z","service":"api","msg":"request.completed","method":"GET","url":"/v1/admin/properties/3ab87d2a-0c78-4fac-aa15-515a733cc3ae/analytics?timezone=Asia/Ho_Chi_Minh","statusCode":200,"requestId":"58d76505-473b-42ce-843e-0e894bdb8abb"}

stdout | src/phase10-load.integration.test.ts > phase 10.2 performance and load qualification > records API load, realtime load, and DB query profiles against Phase 10 targets
{"level":"info","time":"2026-07-28T09:00:10.101Z","service":"api","msg":"request.completed","method":"GET","url":"/v1/admin/properties/3ab87d2a-0c78-4fac-aa15-515a733cc3ae/analytics?timezone=Asia/Ho_Chi_Minh","statusCode":200,"requestId":"7e1c958a-34c2-4868-a09f-4744ce0544d6"}

stdout | src/phase10-load.integration.test.ts > phase 10.2 performance and load qualification > records API load, realtime load, and DB query profiles against Phase 10 targets
{"level":"info","time":"2026-07-28T09:00:10.101Z","service":"api","msg":"request.completed","method":"GET","url":"/v1/admin/properties/3ab87d2a-0c78-4fac-aa15-515a733cc3ae/analytics?timezone=Asia/Ho_Chi_Minh","statusCode":200,"requestId":"09347529-d8c0-4c5d-8d96-fa9f3211c520"}

stdout | src/phase10-load.integration.test.ts > phase 10.2 performance and load qualification > records API load, realtime load, and DB query profiles against Phase 10 targets
{"level":"info","time":"2026-07-28T09:00:10.105Z","service":"api","msg":"request.completed","method":"GET","url":"/v1/properties?organizationId=d215a186-f84d-4c7c-b75a-3189969999c2","statusCode":200,"requestId":"a6e3df05-66c3-42f1-b92a-d65ff0525556"}

stdout | src/phase10-load.integration.test.ts > phase 10.2 performance and load qualification > records API load, realtime load, and DB query profiles against Phase 10 targets
{"level":"info","time":"2026-07-28T09:00:10.105Z","service":"api","msg":"request.completed","method":"GET","url":"/v1/properties?organizationId=d215a186-f84d-4c7c-b75a-3189969999c2","statusCode":200,"requestId":"528de30b-393e-4103-8e23-426520de0718"}

stdout | src/phase10-load.integration.test.ts > phase 10.2 performance and load qualification > records API load, realtime load, and DB query profiles against Phase 10 targets
{"level":"info","time":"2026-07-28T09:00:10.106Z","service":"api","msg":"request.completed","method":"GET","url":"/v1/properties?organizationId=d215a186-f84d-4c7c-b75a-3189969999c2","statusCode":200,"requestId":"9c296f07-c80d-4725-bb3e-29645f0d4832"}

stdout | src/phase10-load.integration.test.ts > phase 10.2 performance and load qualification > records API load, realtime load, and DB query profiles against Phase 10 targets
{"level":"info","time":"2026-07-28T09:00:10.106Z","service":"api","msg":"request.completed","method":"GET","url":"/v1/properties?organizationId=d215a186-f84d-4c7c-b75a-3189969999c2","statusCode":200,"requestId":"c06c19d7-6804-497a-b7ce-7a5034725627"}

stdout | src/phase10-load.integration.test.ts > phase 10.2 performance and load qualification > records API load, realtime load, and DB query profiles against Phase 10 targets
{"level":"info","time":"2026-07-28T09:00:10.107Z","service":"api","msg":"request.completed","method":"GET","url":"/v1/properties?organizationId=d215a186-f84d-4c7c-b75a-3189969999c2","statusCode":200,"requestId":"7b50c7ee-e5fc-4980-b0e0-80282fa4818a"}

stdout | src/phase10-load.integration.test.ts > phase 10.2 performance and load qualification > records API load, realtime load, and DB query profiles against Phase 10 targets
{"level":"info","time":"2026-07-28T09:00:10.108Z","service":"api","msg":"request.completed","method":"GET","url":"/v1/properties?organizationId=d215a186-f84d-4c7c-b75a-3189969999c2","statusCode":200,"requestId":"3807631c-f211-4687-9b29-db758264463a"}

stdout | src/phase10-load.integration.test.ts > phase 10.2 performance and load qualification > records API load, realtime load, and DB query profiles against Phase 10 targets
{"level":"info","time":"2026-07-28T09:00:10.108Z","service":"api","msg":"request.completed","method":"GET","url":"/v1/properties?organizationId=d215a186-f84d-4c7c-b75a-3189969999c2","statusCode":200,"requestId":"ba72ddbe-aaa2-4be5-9ed4-8ad4e2555129"}

stdout | src/phase10-load.integration.test.ts > phase 10.2 performance and load qualification > records API load, realtime load, and DB query profiles against Phase 10 targets
{"level":"info","time":"2026-07-28T09:00:10.109Z","service":"api","msg":"request.completed","method":"GET","url":"/v1/properties?organizationId=d215a186-f84d-4c7c-b75a-3189969999c2","statusCode":200,"requestId":"98f91497-65f4-4b0c-8d4c-26dbc365492d"}

stdout | src/phase10-load.integration.test.ts > phase 10.2 performance and load qualification > records API load, realtime load, and DB query profiles against Phase 10 targets
{"level":"info","time":"2026-07-28T09:00:10.109Z","service":"api","msg":"request.completed","method":"GET","url":"/v1/properties?organizationId=d215a186-f84d-4c7c-b75a-3189969999c2","statusCode":200,"requestId":"6146348f-e566-4066-9d3f-ccda9ec7e9d1"}

stdout | src/phase10-load.integration.test.ts > phase 10.2 performance and load qualification > records API load, realtime load, and DB query profiles against Phase 10 targets
{"level":"info","time":"2026-07-28T09:00:10.111Z","service":"api","msg":"request.completed","method":"GET","url":"/v1/properties?organizationId=d215a186-f84d-4c7c-b75a-3189969999c2","statusCode":200,"requestId":"149e12a9-8c14-4114-8759-7f51d88e6726"}

stdout | src/phase10-load.integration.test.ts > phase 10.2 performance and load qualification > records API load, realtime load, and DB query profiles against Phase 10 targets
{"level":"info","time":"2026-07-28T09:00:10.112Z","service":"api","msg":"request.completed","method":"GET","url":"/v1/properties?organizationId=d215a186-f84d-4c7c-b75a-3189969999c2","statusCode":200,"requestId":"2ed98477-2868-4a15-840f-40c93514baaa"}

stdout | src/phase10-load.integration.test.ts > phase 10.2 performance and load qualification > records API load, realtime load, and DB query profiles against Phase 10 targets
{"level":"info","time":"2026-07-28T09:00:10.113Z","service":"api","msg":"request.completed","method":"GET","url":"/v1/properties?organizationId=d215a186-f84d-4c7c-b75a-3189969999c2","statusCode":200,"requestId":"b06f7cba-59a5-4dda-acf6-af2778f688f4"}

stdout | src/phase10-load.integration.test.ts > phase 10.2 performance and load qualification > records API load, realtime load, and DB query profiles against Phase 10 targets
{"level":"info","time":"2026-07-28T09:00:10.119Z","service":"api","msg":"request.completed","method":"GET","url":"/v1/admin/properties/3ab87d2a-0c78-4fac-aa15-515a733cc3ae/analytics?timezone=Asia/Ho_Chi_Minh","statusCode":200,"requestId":"bc4c6174-8734-439e-8e22-090b42abd0e3"}

stdout | src/phase10-load.integration.test.ts > phase 10.2 performance and load qualification > records API load, realtime load, and DB query profiles against Phase 10 targets
{"level":"info","time":"2026-07-28T09:00:10.121Z","service":"api","msg":"request.completed","method":"GET","url":"/v1/admin/properties/3ab87d2a-0c78-4fac-aa15-515a733cc3ae/analytics?timezone=Asia/Ho_Chi_Minh","statusCode":200,"requestId":"a06c37f1-2eed-4077-a97a-6cd6b5e48375"}

stdout | src/phase10-load.integration.test.ts > phase 10.2 performance and load qualification > records API load, realtime load, and DB query profiles against Phase 10 targets
{"level":"info","time":"2026-07-28T09:00:10.123Z","service":"api","msg":"request.completed","method":"GET","url":"/v1/admin/properties/3ab87d2a-0c78-4fac-aa15-515a733cc3ae/analytics?timezone=Asia/Ho_Chi_Minh","statusCode":200,"requestId":"def24470-f7f9-4a57-9fff-abf47855681b"}

stdout | src/phase10-load.integration.test.ts > phase 10.2 performance and load qualification > records API load, realtime load, and DB query profiles against Phase 10 targets
{"level":"info","time":"2026-07-28T09:00:10.125Z","service":"api","msg":"request.completed","method":"GET","url":"/v1/admin/properties/3ab87d2a-0c78-4fac-aa15-515a733cc3ae/analytics?timezone=Asia/Ho_Chi_Minh","statusCode":200,"requestId":"e48ee650-53b8-490f-abc4-3f0fc12daa6b"}

stdout | src/phase10-load.integration.test.ts > phase 10.2 performance and load qualification > records API load, realtime load, and DB query profiles against Phase 10 targets
{"level":"info","time":"2026-07-28T09:00:10.126Z","service":"api","msg":"request.completed","method":"GET","url":"/v1/admin/properties/3ab87d2a-0c78-4fac-aa15-515a733cc3ae/analytics?timezone=Asia/Ho_Chi_Minh","statusCode":200,"requestId":"31bc534a-9d74-476d-ace1-1cc1a3997b88"}

stdout | src/phase10-load.integration.test.ts > phase 10.2 performance and load qualification > records API load, realtime load, and DB query profiles against Phase 10 targets
{"level":"info","time":"2026-07-28T09:00:10.130Z","service":"api","msg":"request.completed","method":"GET","url":"/v1/staff/work-items?propertyId=3ab87d2a-0c78-4fac-aa15-515a733cc3ae&queue=inbox","statusCode":200,"requestId":"924f71bf-a5b9-448c-946a-a847c10d0dfd"}

stdout | src/phase10-load.integration.test.ts > phase 10.2 performance and load qualification > records API load, realtime load, and DB query profiles against Phase 10 targets
{"level":"info","time":"2026-07-28T09:00:10.131Z","service":"api","msg":"request.completed","method":"GET","url":"/v1/staff/work-items?propertyId=3ab87d2a-0c78-4fac-aa15-515a733cc3ae&queue=inbox","statusCode":200,"requestId":"bff0de65-0992-47e5-a51c-55298e93ab78"}

stdout | src/phase10-load.integration.test.ts > phase 10.2 performance and load qualification > records API load, realtime load, and DB query profiles against Phase 10 targets
{"level":"info","time":"2026-07-28T09:00:10.132Z","service":"api","msg":"request.completed","method":"GET","url":"/v1/staff/work-items?propertyId=3ab87d2a-0c78-4fac-aa15-515a733cc3ae&queue=inbox","statusCode":200,"requestId":"558555c7-75e8-4d9a-9ec8-d1b4ec3efb7c"}

stdout | src/phase10-load.integration.test.ts > phase 10.2 performance and load qualification > records API load, realtime load, and DB query profiles against Phase 10 targets
{"level":"info","time":"2026-07-28T09:00:10.135Z","service":"api","msg":"request.completed","method":"GET","url":"/v1/staff/work-items?propertyId=3ab87d2a-0c78-4fac-aa15-515a733cc3ae&queue=inbox","statusCode":200,"requestId":"524b25bd-c409-48f9-96b6-6910a9862c45"}

stdout | src/phase10-load.integration.test.ts > phase 10.2 performance and load qualification > records API load, realtime load, and DB query profiles against Phase 10 targets
{"level":"info","time":"2026-07-28T09:00:10.138Z","service":"api","msg":"request.completed","method":"GET","url":"/v1/properties?organizationId=d215a186-f84d-4c7c-b75a-3189969999c2","statusCode":200,"requestId":"f9f10d0f-68c1-4c1b-b3bb-c73c66b1e7d8"}

stdout | src/phase10-load.integration.test.ts > phase 10.2 performance and load qualification > records API load, realtime load, and DB query profiles against Phase 10 targets
{"level":"info","time":"2026-07-28T09:00:10.138Z","service":"api","msg":"request.completed","method":"GET","url":"/v1/properties?organizationId=d215a186-f84d-4c7c-b75a-3189969999c2","statusCode":200,"requestId":"6cc1c942-3a73-4bd0-8d51-cbb38cc334c0"}

stdout | src/phase10-load.integration.test.ts > phase 10.2 performance and load qualification > records API load, realtime load, and DB query profiles against Phase 10 targets
{"level":"info","time":"2026-07-28T09:00:10.139Z","service":"api","msg":"request.completed","method":"GET","url":"/v1/properties?organizationId=d215a186-f84d-4c7c-b75a-3189969999c2","statusCode":200,"requestId":"f6f63393-d0dd-4d79-a5e9-6ff281240890"}

stdout | src/phase10-load.integration.test.ts > phase 10.2 performance and load qualification > records API load, realtime load, and DB query profiles against Phase 10 targets
{"level":"info","time":"2026-07-28T09:00:10.139Z","service":"api","msg":"request.completed","method":"GET","url":"/v1/properties?organizationId=d215a186-f84d-4c7c-b75a-3189969999c2","statusCode":200,"requestId":"44d74dcc-3f9a-42d9-9614-74cf42cf9da4"}

stdout | src/phase10-load.integration.test.ts > phase 10.2 performance and load qualification > records API load, realtime load, and DB query profiles against Phase 10 targets
{"level":"info","time":"2026-07-28T09:00:10.140Z","service":"api","msg":"request.completed","method":"GET","url":"/v1/admin/properties/3ab87d2a-0c78-4fac-aa15-515a733cc3ae/analytics?timezone=Asia/Ho_Chi_Minh","statusCode":200,"requestId":"74b6f8e9-ca76-48ea-bc9b-1eabe5514573"}

stdout | src/phase10-load.integration.test.ts > phase 10.2 performance and load qualification > records API load, realtime load, and DB query profiles against Phase 10 targets
{"level":"info","time":"2026-07-28T09:00:10.142Z","service":"api","msg":"request.completed","method":"GET","url":"/v1/staff/work-items?propertyId=3ab87d2a-0c78-4fac-aa15-515a733cc3ae&queue=inbox","statusCode":200,"requestId":"6443c602-9205-41a6-8fbf-9bf030df0a1a"}

stdout | src/phase10-load.integration.test.ts > phase 10.2 performance and load qualification > records API load, realtime load, and DB query profiles against Phase 10 targets
{"level":"info","time":"2026-07-28T09:00:10.147Z","service":"api","msg":"request.completed","method":"GET","url":"/v1/staff/work-items?propertyId=3ab87d2a-0c78-4fac-aa15-515a733cc3ae&queue=inbox","statusCode":200,"requestId":"9e28161c-33b2-4219-bc81-951e0cbbd23b"}

stdout | src/phase10-load.integration.test.ts > phase 10.2 performance and load qualification > records API load, realtime load, and DB query profiles against Phase 10 targets
{"level":"info","time":"2026-07-28T09:00:10.151Z","service":"api","msg":"request.completed","method":"GET","url":"/v1/staff/work-items?propertyId=3ab87d2a-0c78-4fac-aa15-515a733cc3ae&queue=inbox","statusCode":200,"requestId":"1081baea-2436-4602-9ee8-54fea0b7482d"}

stdout | src/phase10-load.integration.test.ts > phase 10.2 performance and load qualification > records API load, realtime load, and DB query profiles against Phase 10 targets
{"level":"info","time":"2026-07-28T09:00:10.153Z","service":"api","msg":"request.completed","method":"GET","url":"/v1/staff/work-items?propertyId=3ab87d2a-0c78-4fac-aa15-515a733cc3ae&queue=inbox","statusCode":200,"requestId":"fc709b6f-cb4d-4c99-b1c0-819d2631361a"}

stdout | src/phase10-load.integration.test.ts > phase 10.2 performance and load qualification > records API load, realtime load, and DB query profiles against Phase 10 targets
{"level":"info","time":"2026-07-28T09:00:10.155Z","service":"api","msg":"request.completed","method":"GET","url":"/v1/properties?organizationId=d215a186-f84d-4c7c-b75a-3189969999c2","statusCode":200,"requestId":"fa1c5fba-c4b1-4934-bafc-48cb4921ed5e"}

stdout | src/phase10-load.integration.test.ts > phase 10.2 performance and load qualification > records API load, realtime load, and DB query profiles against Phase 10 targets
{"level":"info","time":"2026-07-28T09:00:10.155Z","service":"api","msg":"request.completed","method":"GET","url":"/v1/properties?organizationId=d215a186-f84d-4c7c-b75a-3189969999c2","statusCode":200,"requestId":"c823991e-8ed0-4b7d-a5a3-2ec6480623a1"}

stdout | src/phase10-load.integration.test.ts > phase 10.2 performance and load qualification > records API load, realtime load, and DB query profiles against Phase 10 targets
{"level":"info","time":"2026-07-28T09:00:10.156Z","service":"api","msg":"request.completed","method":"GET","url":"/v1/properties?organizationId=d215a186-f84d-4c7c-b75a-3189969999c2","statusCode":200,"requestId":"4d2efeac-6f92-4bf2-9426-a3971c339931"}

stdout | src/phase10-load.integration.test.ts > phase 10.2 performance and load qualification > records API load, realtime load, and DB query profiles against Phase 10 targets
{"level":"info","time":"2026-07-28T09:00:10.156Z","service":"api","msg":"request.completed","method":"GET","url":"/v1/properties?organizationId=d215a186-f84d-4c7c-b75a-3189969999c2","statusCode":200,"requestId":"8f7070f4-de2a-4a0e-813f-30e41301afde"}

stdout | src/phase10-load.integration.test.ts > phase 10.2 performance and load qualification > records API load, realtime load, and DB query profiles against Phase 10 targets
{"level":"info","time":"2026-07-28T09:00:10.156Z","service":"api","msg":"request.completed","method":"GET","url":"/v1/properties?organizationId=d215a186-f84d-4c7c-b75a-3189969999c2","statusCode":200,"requestId":"f8c96f83-d1e5-4dc2-889c-7038550212d4"}

stdout | src/phase10-load.integration.test.ts > phase 10.2 performance and load qualification > records API load, realtime load, and DB query profiles against Phase 10 targets
{"level":"info","time":"2026-07-28T09:00:10.160Z","service":"api","msg":"request.completed","method":"GET","url":"/v1/staff/work-items?propertyId=3ab87d2a-0c78-4fac-aa15-515a733cc3ae&queue=inbox","statusCode":200,"requestId":"1e330898-2513-4f6f-9f1d-386f568c3c33"}

stdout | src/phase10-load.integration.test.ts > phase 10.2 performance and load qualification > records API load, realtime load, and DB query profiles against Phase 10 targets
{"level":"info","time":"2026-07-28T09:00:10.161Z","service":"api","msg":"request.completed","method":"GET","url":"/v1/properties?organizationId=d215a186-f84d-4c7c-b75a-3189969999c2","statusCode":200,"requestId":"2e61476b-53ab-4d7b-8fad-ed6fcc20e69e"}

stdout | src/phase10-load.integration.test.ts > phase 10.2 performance and load qualification > records API load, realtime load, and DB query profiles against Phase 10 targets
{"level":"info","time":"2026-07-28T09:00:10.162Z","service":"api","msg":"request.completed","method":"GET","url":"/v1/admin/properties/3ab87d2a-0c78-4fac-aa15-515a733cc3ae/analytics?timezone=Asia/Ho_Chi_Minh","statusCode":200,"requestId":"6101011f-3a07-4abc-b139-331312cbccaf"}

stdout | src/phase10-load.integration.test.ts > phase 10.2 performance and load qualification > records API load, realtime load, and DB query profiles against Phase 10 targets
{"level":"info","time":"2026-07-28T09:00:10.163Z","service":"api","msg":"request.completed","method":"GET","url":"/v1/properties?organizationId=d215a186-f84d-4c7c-b75a-3189969999c2","statusCode":200,"requestId":"c66c75bd-8f1f-4d59-8211-fcd4c45784c7"}

stdout | src/phase10-load.integration.test.ts > phase 10.2 performance and load qualification > records API load, realtime load, and DB query profiles against Phase 10 targets
{"level":"info","time":"2026-07-28T09:00:10.164Z","service":"api","msg":"request.completed","method":"GET","url":"/v1/staff/work-items?propertyId=3ab87d2a-0c78-4fac-aa15-515a733cc3ae&queue=inbox","statusCode":200,"requestId":"f2eee4f6-1b82-4758-98d2-e556248ccf85"}

stdout | src/phase10-load.integration.test.ts > phase 10.2 performance and load qualification > records API load, realtime load, and DB query profiles against Phase 10 targets
{"level":"info","time":"2026-07-28T09:00:10.165Z","service":"api","msg":"request.completed","method":"GET","url":"/v1/staff/work-items?propertyId=3ab87d2a-0c78-4fac-aa15-515a733cc3ae&queue=inbox","statusCode":200,"requestId":"206092be-bcdc-4e12-91d6-5dde38b429f3"}

stdout | src/phase10-load.integration.test.ts > phase 10.2 performance and load qualification > records API load, realtime load, and DB query profiles against Phase 10 targets
{"level":"info","time":"2026-07-28T09:00:10.168Z","service":"api","msg":"request.completed","method":"GET","url":"/v1/properties?organizationId=d215a186-f84d-4c7c-b75a-3189969999c2","statusCode":200,"requestId":"6698430e-e9ad-451e-8a84-6f7a6da7fe8d"}

stdout | src/phase10-load.integration.test.ts > phase 10.2 performance and load qualification > records API load, realtime load, and DB query profiles against Phase 10 targets
{"level":"info","time":"2026-07-28T09:00:10.170Z","service":"api","msg":"request.completed","method":"GET","url":"/v1/admin/properties/3ab87d2a-0c78-4fac-aa15-515a733cc3ae/analytics?timezone=Asia/Ho_Chi_Minh","statusCode":200,"requestId":"e117b121-5ce8-4895-961a-618bdf45bd0a"}

stdout | src/phase10-load.integration.test.ts > phase 10.2 performance and load qualification > records API load, realtime load, and DB query profiles against Phase 10 targets
{"level":"info","time":"2026-07-28T09:00:10.172Z","service":"api","msg":"request.completed","method":"GET","url":"/v1/staff/work-items?propertyId=3ab87d2a-0c78-4fac-aa15-515a733cc3ae&queue=inbox","statusCode":200,"requestId":"08d720ab-2e33-4b42-a1ac-c493d9d6d18e"}

stdout | src/phase10-load.integration.test.ts > phase 10.2 performance and load qualification > records API load, realtime load, and DB query profiles against Phase 10 targets
{"level":"info","time":"2026-07-28T09:00:10.181Z","service":"api","msg":"request.completed","method":"GET","url":"/v1/admin/properties/3ab87d2a-0c78-4fac-aa15-515a733cc3ae/analytics?timezone=Asia/Ho_Chi_Minh","statusCode":200,"requestId":"5eab3942-79ce-4a53-babf-7053f23914f3"}

stdout | src/phase10-load.integration.test.ts > phase 10.2 performance and load qualification > records API load, realtime load, and DB query profiles against Phase 10 targets
{"level":"info","time":"2026-07-28T09:00:10.182Z","service":"api","msg":"request.completed","method":"GET","url":"/v1/admin/properties/3ab87d2a-0c78-4fac-aa15-515a733cc3ae/analytics?timezone=Asia/Ho_Chi_Minh","statusCode":200,"requestId":"8afcd286-27cf-48ba-8b03-8555393a635b"}

stdout | src/phase10-load.integration.test.ts > phase 10.2 performance and load qualification > records API load, realtime load, and DB query profiles against Phase 10 targets
{"level":"info","time":"2026-07-28T09:00:10.183Z","service":"api","msg":"request.completed","method":"GET","url":"/v1/admin/properties/3ab87d2a-0c78-4fac-aa15-515a733cc3ae/analytics?timezone=Asia/Ho_Chi_Minh","statusCode":200,"requestId":"0e9b5cb3-f026-4e68-a07d-225b6e6c2966"}

stdout | src/phase10-load.integration.test.ts > phase 10.2 performance and load qualification > records API load, realtime load, and DB query profiles against Phase 10 targets
{"level":"info","time":"2026-07-28T09:00:10.185Z","service":"api","msg":"request.completed","method":"GET","url":"/v1/admin/properties/3ab87d2a-0c78-4fac-aa15-515a733cc3ae/analytics?timezone=Asia/Ho_Chi_Minh","statusCode":200,"requestId":"80c389b2-57f0-4bae-a25e-aa1d7feb38b6"}

stdout | src/phase10-load.integration.test.ts > phase 10.2 performance and load qualification > records API load, realtime load, and DB query profiles against Phase 10 targets
{"level":"info","time":"2026-07-28T09:00:10.185Z","service":"api","msg":"request.completed","method":"GET","url":"/v1/admin/properties/3ab87d2a-0c78-4fac-aa15-515a733cc3ae/analytics?timezone=Asia/Ho_Chi_Minh","statusCode":200,"requestId":"eb6660e4-e876-4fef-b993-1abd63dfba2b"}

stdout | src/phase10-load.integration.test.ts > phase 10.2 performance and load qualification > records API load, realtime load, and DB query profiles against Phase 10 targets
{"level":"info","time":"2026-07-28T09:00:10.188Z","service":"api","msg":"request.completed","method":"GET","url":"/v1/admin/properties/3ab87d2a-0c78-4fac-aa15-515a733cc3ae/analytics?timezone=Asia/Ho_Chi_Minh","statusCode":200,"requestId":"d73896c1-5dce-4b6b-8961-c266e14106a6"}

stdout | src/phase10-load.integration.test.ts > phase 10.2 performance and load qualification > records API load, realtime load, and DB query profiles against Phase 10 targets
{"level":"info","time":"2026-07-28T09:00:10.194Z","service":"api","msg":"request.completed","method":"GET","url":"/v1/admin/properties/3ab87d2a-0c78-4fac-aa15-515a733cc3ae/analytics?timezone=Asia/Ho_Chi_Minh","statusCode":200,"requestId":"f8b2ff06-e025-4252-b2e3-c0b9be552bab"}

stdout | src/phase10-load.integration.test.ts > phase 10.2 performance and load qualification > records API load, realtime load, and DB query profiles against Phase 10 targets
{"level":"info","time":"2026-07-28T09:00:10.196Z","service":"api","msg":"request.completed","method":"GET","url":"/v1/admin/properties/3ab87d2a-0c78-4fac-aa15-515a733cc3ae/analytics?timezone=Asia/Ho_Chi_Minh","statusCode":200,"requestId":"43b936dc-27ae-4890-8dc5-a1cac4a6bc27"}

stdout | src/phase10-load.integration.test.ts > phase 10.2 performance and load qualification > records API load, realtime load, and DB query profiles against Phase 10 targets
{"level":"info","time":"2026-07-28T09:00:10.200Z","service":"api","msg":"request.completed","method":"GET","url":"/v1/staff/work-items?propertyId=3ab87d2a-0c78-4fac-aa15-515a733cc3ae&queue=inbox","statusCode":200,"requestId":"360fd44c-62a4-428a-9d64-fd1cc0ac992f"}

stdout | src/phase10-load.integration.test.ts > phase 10.2 performance and load qualification > records API load, realtime load, and DB query profiles against Phase 10 targets
{"level":"info","time":"2026-07-28T09:00:10.202Z","service":"api","msg":"request.completed","method":"GET","url":"/v1/staff/work-items?propertyId=3ab87d2a-0c78-4fac-aa15-515a733cc3ae&queue=inbox","statusCode":200,"requestId":"d7985bd5-2b69-4904-ad4e-6c44eaa9b161"}

stdout | src/phase10-load.integration.test.ts > phase 10.2 performance and load qualification > records API load, realtime load, and DB query profiles against Phase 10 targets
{"level":"info","time":"2026-07-28T09:00:10.204Z","service":"api","msg":"request.completed","method":"GET","url":"/v1/staff/work-items?propertyId=3ab87d2a-0c78-4fac-aa15-515a733cc3ae&queue=inbox","statusCode":200,"requestId":"5de4bfe5-32ae-4027-b365-d70ed36266cf"}

stdout | src/phase10-load.integration.test.ts > phase 10.2 performance and load qualification > records API load, realtime load, and DB query profiles against Phase 10 targets
{"level":"info","time":"2026-07-28T09:00:10.205Z","service":"api","msg":"request.completed","method":"GET","url":"/v1/staff/work-items?propertyId=3ab87d2a-0c78-4fac-aa15-515a733cc3ae&queue=inbox","statusCode":200,"requestId":"20352c41-35ba-463b-a814-b53087bfb514"}

stdout | src/phase10-load.integration.test.ts > phase 10.2 performance and load qualification > records API load, realtime load, and DB query profiles against Phase 10 targets
{"level":"info","time":"2026-07-28T09:00:10.206Z","service":"api","msg":"request.completed","method":"GET","url":"/v1/staff/work-items?propertyId=3ab87d2a-0c78-4fac-aa15-515a733cc3ae&queue=inbox","statusCode":200,"requestId":"67fff535-ff3b-4e85-bcf5-a63a89f0ba0f"}

stdout | src/phase10-load.integration.test.ts > phase 10.2 performance and load qualification > records API load, realtime load, and DB query profiles against Phase 10 targets
{"level":"info","time":"2026-07-28T09:00:10.208Z","service":"api","msg":"request.completed","method":"GET","url":"/v1/staff/work-items?propertyId=3ab87d2a-0c78-4fac-aa15-515a733cc3ae&queue=inbox","statusCode":200,"requestId":"1dba387c-3c03-4c3b-b53f-bde9a44669cc"}

stdout | src/phase10-load.integration.test.ts > phase 10.2 performance and load qualification > records API load, realtime load, and DB query profiles against Phase 10 targets
{"level":"info","time":"2026-07-28T09:00:10.210Z","service":"api","msg":"request.completed","method":"GET","url":"/v1/staff/work-items?propertyId=3ab87d2a-0c78-4fac-aa15-515a733cc3ae&queue=inbox","statusCode":200,"requestId":"d7d51caa-9f52-423d-8aa7-06cec5fe883e"}

stdout | src/phase10-load.integration.test.ts > phase 10.2 performance and load qualification > records API load, realtime load, and DB query profiles against Phase 10 targets
{"level":"info","time":"2026-07-28T09:00:10.213Z","service":"api","msg":"request.completed","method":"GET","url":"/v1/staff/work-items?propertyId=3ab87d2a-0c78-4fac-aa15-515a733cc3ae&queue=inbox","statusCode":200,"requestId":"307d8b3c-b9b5-4d58-86de-da16847594b4"}

stdout | src/phase10-load.integration.test.ts > phase 10.2 performance and load qualification > records API load, realtime load, and DB query profiles against Phase 10 targets
{"level":"info","time":"2026-07-28T09:00:10.214Z","service":"api","msg":"request.completed","method":"GET","url":"/v1/staff/work-items?propertyId=3ab87d2a-0c78-4fac-aa15-515a733cc3ae&queue=inbox","statusCode":200,"requestId":"3d66a3d0-e11d-4bbd-9258-b087fd12497f"}

stdout | src/phase10-load.integration.test.ts > phase 10.2 performance and load qualification > records API load, realtime load, and DB query profiles against Phase 10 targets
{"level":"info","time":"2026-07-28T09:00:10.215Z","service":"api","msg":"request.completed","method":"GET","url":"/v1/staff/work-items?propertyId=3ab87d2a-0c78-4fac-aa15-515a733cc3ae&queue=inbox","statusCode":200,"requestId":"35b285a7-a923-4218-97a2-8a8e971667c7"}

stdout | src/phase10-load.integration.test.ts > phase 10.2 performance and load qualification > records API load, realtime load, and DB query profiles against Phase 10 targets
{"level":"info","time":"2026-07-28T09:00:10.216Z","service":"api","msg":"request.completed","method":"GET","url":"/v1/staff/work-items?propertyId=3ab87d2a-0c78-4fac-aa15-515a733cc3ae&queue=inbox","statusCode":200,"requestId":"85bb4383-c20d-466d-a18b-cd9ccf78ebfe"}

stdout | src/phase10-load.integration.test.ts > phase 10.2 performance and load qualification > records API load, realtime load, and DB query profiles against Phase 10 targets
{"level":"info","time":"2026-07-28T09:00:10.220Z","service":"api","msg":"request.completed","method":"GET","url":"/v1/staff/work-items?propertyId=3ab87d2a-0c78-4fac-aa15-515a733cc3ae&queue=inbox","statusCode":200,"requestId":"04704bc8-4852-4193-a692-3abc7c6f0c2b"}

stdout | src/phase10-load.integration.test.ts > phase 10.2 performance and load qualification > records API load, realtime load, and DB query profiles against Phase 10 targets
{"level":"info","time":"2026-07-28T09:00:10.224Z","service":"api","msg":"request.completed","method":"GET","url":"/v1/admin/properties/3ab87d2a-0c78-4fac-aa15-515a733cc3ae/analytics?timezone=Asia/Ho_Chi_Minh","statusCode":200,"requestId":"64eeedd9-add5-4d55-ad9e-50bd4742b6a6"}

stdout | src/phase10-load.integration.test.ts > phase 10.2 performance and load qualification > records API load, realtime load, and DB query profiles against Phase 10 targets
{"level":"info","time":"2026-07-28T09:00:10.225Z","service":"api","msg":"request.completed","method":"GET","url":"/v1/admin/properties/3ab87d2a-0c78-4fac-aa15-515a733cc3ae/analytics?timezone=Asia/Ho_Chi_Minh","statusCode":200,"requestId":"d41a8b33-637d-4d39-a242-14c876e3fde2"}

stdout | src/phase10-load.integration.test.ts > phase 10.2 performance and load qualification > records API load, realtime load, and DB query profiles against Phase 10 targets
{"level":"info","time":"2026-07-28T09:00:10.226Z","service":"api","msg":"request.completed","method":"GET","url":"/v1/admin/properties/3ab87d2a-0c78-4fac-aa15-515a733cc3ae/analytics?timezone=Asia/Ho_Chi_Minh","statusCode":200,"requestId":"03aa1b5a-e693-482c-bed9-d6ddac5687cf"}

stdout | src/phase10-load.integration.test.ts > phase 10.2 performance and load qualification > records API load, realtime load, and DB query profiles against Phase 10 targets
{"level":"info","time":"2026-07-28T09:00:10.228Z","service":"api","msg":"request.completed","method":"GET","url":"/v1/admin/properties/3ab87d2a-0c78-4fac-aa15-515a733cc3ae/analytics?timezone=Asia/Ho_Chi_Minh","statusCode":200,"requestId":"a8ade1be-a786-4d8e-a7ae-3fadf0096dcc"}

stdout | src/phase10-load.integration.test.ts > phase 10.2 performance and load qualification > records API load, realtime load, and DB query profiles against Phase 10 targets
{"level":"info","time":"2026-07-28T09:00:10.230Z","service":"api","msg":"request.completed","method":"GET","url":"/v1/admin/properties/3ab87d2a-0c78-4fac-aa15-515a733cc3ae/analytics?timezone=Asia/Ho_Chi_Minh","statusCode":200,"requestId":"4094de16-fce7-4f9d-812b-4bb85035b4de"}

stdout | src/phase10-load.integration.test.ts > phase 10.2 performance and load qualification > records API load, realtime load, and DB query profiles against Phase 10 targets
{"level":"info","time":"2026-07-28T09:00:10.232Z","service":"api","msg":"request.completed","method":"GET","url":"/v1/admin/properties/3ab87d2a-0c78-4fac-aa15-515a733cc3ae/analytics?timezone=Asia/Ho_Chi_Minh","statusCode":200,"requestId":"db235d0d-f941-468e-ac1f-d9e7adfe44a3"}

stdout | src/phase10-load.integration.test.ts > phase 10.2 performance and load qualification > records API load, realtime load, and DB query profiles against Phase 10 targets
{"level":"info","time":"2026-07-28T09:00:10.235Z","service":"api","msg":"request.completed","method":"GET","url":"/v1/admin/properties/3ab87d2a-0c78-4fac-aa15-515a733cc3ae/analytics?timezone=Asia/Ho_Chi_Minh","statusCode":200,"requestId":"d221c838-8e64-4215-9ca7-f8393fa72b1b"}

stdout | src/phase10-load.integration.test.ts > phase 10.2 performance and load qualification > records API load, realtime load, and DB query profiles against Phase 10 targets
{"level":"info","time":"2026-07-28T09:00:10.237Z","service":"api","msg":"request.completed","method":"GET","url":"/v1/admin/properties/3ab87d2a-0c78-4fac-aa15-515a733cc3ae/analytics?timezone=Asia/Ho_Chi_Minh","statusCode":200,"requestId":"daa3bf04-a227-46fc-a4e5-a1cc57f23a68"}

stdout | src/phase10-load.integration.test.ts > phase 10.2 performance and load qualification > records API load, realtime load, and DB query profiles against Phase 10 targets
{"level":"info","time":"2026-07-28T09:00:10.241Z","service":"api","msg":"request.completed","method":"GET","url":"/v1/staff/work-items?propertyId=3ab87d2a-0c78-4fac-aa15-515a733cc3ae&queue=inbox","statusCode":200,"requestId":"c38a5fb2-f9f7-4a62-aac2-61651999940e"}

stdout | src/phase10-load.integration.test.ts > phase 10.2 performance and load qualification > records API load, realtime load, and DB query profiles against Phase 10 targets
{"level":"info","time":"2026-07-28T09:00:10.243Z","service":"api","msg":"request.completed","method":"GET","url":"/v1/staff/work-items?propertyId=3ab87d2a-0c78-4fac-aa15-515a733cc3ae&queue=inbox","statusCode":200,"requestId":"caa50cfb-363c-4a91-9149-bd0ea7801174"}

stdout | src/phase10-load.integration.test.ts > phase 10.2 performance and load qualification > records API load, realtime load, and DB query profiles against Phase 10 targets
{"level":"info","time":"2026-07-28T09:00:10.245Z","service":"api","msg":"request.completed","method":"GET","url":"/v1/staff/work-items?propertyId=3ab87d2a-0c78-4fac-aa15-515a733cc3ae&queue=inbox","statusCode":200,"requestId":"9c96fbfe-b43e-482b-b90e-ff44c18def2e"}

stdout | src/phase10-load.integration.test.ts > phase 10.2 performance and load qualification > records API load, realtime load, and DB query profiles against Phase 10 targets
{"level":"info","time":"2026-07-28T09:00:10.248Z","service":"api","msg":"request.completed","method":"GET","url":"/v1/staff/work-items?propertyId=3ab87d2a-0c78-4fac-aa15-515a733cc3ae&queue=inbox","statusCode":200,"requestId":"af82863e-b5cd-42fd-a98f-54d45630be83"}

stdout | src/phase10-load.integration.test.ts > phase 10.2 performance and load qualification > records API load, realtime load, and DB query profiles against Phase 10 targets
{"level":"info","time":"2026-07-28T09:00:10.249Z","service":"api","msg":"request.completed","method":"GET","url":"/v1/staff/work-items?propertyId=3ab87d2a-0c78-4fac-aa15-515a733cc3ae&queue=inbox","statusCode":200,"requestId":"eb32bf71-7ea9-4393-b05e-0b452a45ac19"}

stdout | src/phase10-load.integration.test.ts > phase 10.2 performance and load qualification > records API load, realtime load, and DB query profiles against Phase 10 targets
{"level":"info","time":"2026-07-28T09:00:10.251Z","service":"api","msg":"request.completed","method":"GET","url":"/v1/staff/work-items?propertyId=3ab87d2a-0c78-4fac-aa15-515a733cc3ae&queue=inbox","statusCode":200,"requestId":"2d35b8ea-c906-4f56-bf40-836f23ecc6d4"}

stdout | src/phase10-load.integration.test.ts > phase 10.2 performance and load qualification > records API load, realtime load, and DB query profiles against Phase 10 targets
{"level":"info","time":"2026-07-28T09:00:10.253Z","service":"api","msg":"request.completed","method":"GET","url":"/v1/staff/work-items?propertyId=3ab87d2a-0c78-4fac-aa15-515a733cc3ae&queue=inbox","statusCode":200,"requestId":"d2f852ec-0065-4ad5-bc2a-540b2f1a838c"}

stdout | src/phase10-load.integration.test.ts > phase 10.2 performance and load qualification > records API load, realtime load, and DB query profiles against Phase 10 targets
{"level":"info","time":"2026-07-28T09:00:10.254Z","service":"api","msg":"request.completed","method":"GET","url":"/v1/staff/work-items?propertyId=3ab87d2a-0c78-4fac-aa15-515a733cc3ae&queue=inbox","statusCode":200,"requestId":"ae3e95b5-de9b-44d2-abbd-d8e0e772f899"}

stdout | src/phase10-load.integration.test.ts > phase 10.2 performance and load qualification > records API load, realtime load, and DB query profiles against Phase 10 targets
{"level":"info","time":"2026-07-28T09:00:10.255Z","service":"api","msg":"request.completed","method":"GET","url":"/v1/staff/work-items?propertyId=3ab87d2a-0c78-4fac-aa15-515a733cc3ae&queue=inbox","statusCode":200,"requestId":"122a4e16-cb2e-44d9-a53e-796422296f7f"}

stdout | src/phase10-load.integration.test.ts > phase 10.2 performance and load qualification > records API load, realtime load, and DB query profiles against Phase 10 targets
{"level":"info","time":"2026-07-28T09:00:10.256Z","service":"api","msg":"request.completed","method":"GET","url":"/v1/staff/work-items?propertyId=3ab87d2a-0c78-4fac-aa15-515a733cc3ae&queue=inbox","statusCode":200,"requestId":"3c030744-e3b3-4557-b160-f8be00ef5416"}

stdout | src/phase10-load.integration.test.ts > phase 10.2 performance and load qualification > records API load, realtime load, and DB query profiles against Phase 10 targets
{"level":"info","time":"2026-07-28T09:00:10.257Z","service":"api","msg":"request.completed","method":"GET","url":"/v1/staff/work-items?propertyId=3ab87d2a-0c78-4fac-aa15-515a733cc3ae&queue=inbox","statusCode":200,"requestId":"0bc6f5f9-7eb5-40de-b47d-c0d3406b76e8"}

stdout | src/phase10-load.integration.test.ts > phase 10.2 performance and load qualification > records API load, realtime load, and DB query profiles against Phase 10 targets
{"level":"info","time":"2026-07-28T09:00:10.258Z","service":"api","msg":"request.completed","method":"GET","url":"/v1/staff/work-items?propertyId=3ab87d2a-0c78-4fac-aa15-515a733cc3ae&queue=inbox","statusCode":200,"requestId":"63e958f0-aa51-4b10-8d58-056d269e1d17"}

stdout | src/phase10-load.integration.test.ts > phase 10.2 performance and load qualification > records API load, realtime load, and DB query profiles against Phase 10 targets
{"level":"info","time":"2026-07-28T09:00:10.270Z","service":"api","msg":"request.completed","method":"GET","url":"/v1/staff/work-items?propertyId=3ab87d2a-0c78-4fac-aa15-515a733cc3ae&queue=inbox","statusCode":200,"requestId":"7348ec2f-1048-4c9b-9b70-1be8882de873"}

stdout | src/phase10-load.integration.test.ts > phase 10.2 performance and load qualification > records API load, realtime load, and DB query profiles against Phase 10 targets
{"level":"info","time":"2026-07-28T09:00:10.271Z","service":"api","msg":"request.completed","method":"GET","url":"/v1/staff/work-items?propertyId=3ab87d2a-0c78-4fac-aa15-515a733cc3ae&queue=inbox","statusCode":200,"requestId":"963a2c0c-23bf-4374-8b18-b82f029d18b6"}

stdout | src/phase10-load.integration.test.ts > phase 10.2 performance and load qualification > records API load, realtime load, and DB query profiles against Phase 10 targets
{"level":"info","time":"2026-07-28T09:00:10.272Z","service":"api","msg":"request.completed","method":"GET","url":"/v1/staff/work-items?propertyId=3ab87d2a-0c78-4fac-aa15-515a733cc3ae&queue=inbox","statusCode":200,"requestId":"d160f79d-29aa-437b-8f20-911711782a92"}

stdout | src/phase10-load.integration.test.ts > phase 10.2 performance and load qualification > records API load, realtime load, and DB query profiles against Phase 10 targets
{"level":"info","time":"2026-07-28T09:00:10.273Z","service":"api","msg":"request.completed","method":"GET","url":"/v1/staff/work-items?propertyId=3ab87d2a-0c78-4fac-aa15-515a733cc3ae&queue=inbox","statusCode":200,"requestId":"10c0ec2b-65ce-4dab-bc4d-10b75044ae5a"}

stdout | src/phase10-load.integration.test.ts > phase 10.2 performance and load qualification > records API load, realtime load, and DB query profiles against Phase 10 targets
{"level":"info","time":"2026-07-28T09:00:10.274Z","service":"api","msg":"request.completed","method":"GET","url":"/v1/staff/work-items?propertyId=3ab87d2a-0c78-4fac-aa15-515a733cc3ae&queue=inbox","statusCode":200,"requestId":"a19b3638-44ab-4e95-a31c-81f505a442b7"}

stdout | src/phase10-load.integration.test.ts > phase 10.2 performance and load qualification > records API load, realtime load, and DB query profiles against Phase 10 targets
{"level":"info","time":"2026-07-28T09:00:10.275Z","service":"api","msg":"request.completed","method":"GET","url":"/v1/staff/work-items?propertyId=3ab87d2a-0c78-4fac-aa15-515a733cc3ae&queue=inbox","statusCode":200,"requestId":"4c70824c-6315-4d23-84e5-d6b0be0fcb65"}

stdout | src/phase10-load.integration.test.ts > phase 10.2 performance and load qualification > records API load, realtime load, and DB query profiles against Phase 10 targets
{"level":"info","time":"2026-07-28T09:00:10.276Z","service":"api","msg":"request.completed","method":"GET","url":"/v1/staff/work-items?propertyId=3ab87d2a-0c78-4fac-aa15-515a733cc3ae&queue=inbox","statusCode":200,"requestId":"c6e583dc-7ffc-49ae-b9d2-1ccbf6a5df8d"}

stdout | src/phase10-load.integration.test.ts > phase 10.2 performance and load qualification > records API load, realtime load, and DB query profiles against Phase 10 targets
{"level":"info","time":"2026-07-28T09:00:10.279Z","service":"api","msg":"request.completed","method":"GET","url":"/v1/staff/work-items?propertyId=3ab87d2a-0c78-4fac-aa15-515a733cc3ae&queue=inbox","statusCode":200,"requestId":"8f94c668-c90c-491c-bf56-3a31077de198"}

stdout | src/phase10-load.integration.test.ts > phase 10.2 performance and load qualification > records API load, realtime load, and DB query profiles against Phase 10 targets
{"level":"info","time":"2026-07-28T09:00:10.280Z","service":"api","msg":"request.completed","method":"GET","url":"/v1/staff/work-items?propertyId=3ab87d2a-0c78-4fac-aa15-515a733cc3ae&queue=inbox","statusCode":200,"requestId":"f722a371-ba82-4b57-bcd0-4fe92ec0e060"}

stdout | src/phase10-load.integration.test.ts > phase 10.2 performance and load qualification > records API load, realtime load, and DB query profiles against Phase 10 targets
{"level":"info","time":"2026-07-28T09:00:10.281Z","service":"api","msg":"request.completed","method":"GET","url":"/v1/staff/work-items?propertyId=3ab87d2a-0c78-4fac-aa15-515a733cc3ae&queue=inbox","statusCode":200,"requestId":"7967646b-3f04-43c1-b9a7-17665cf25732"}

stdout | src/phase10-load.integration.test.ts > phase 10.2 performance and load qualification > records API load, realtime load, and DB query profiles against Phase 10 targets
{"level":"info","time":"2026-07-28T09:00:10.282Z","service":"api","msg":"request.completed","method":"GET","url":"/v1/staff/work-items?propertyId=3ab87d2a-0c78-4fac-aa15-515a733cc3ae&queue=inbox","statusCode":200,"requestId":"d5322d33-349b-426c-bf00-f86ee8ab4837"}

stdout | src/phase10-load.integration.test.ts > phase 10.2 performance and load qualification > records API load, realtime load, and DB query profiles against Phase 10 targets
{"level":"info","time":"2026-07-28T09:00:10.282Z","service":"api","msg":"request.completed","method":"GET","url":"/v1/staff/work-items?propertyId=3ab87d2a-0c78-4fac-aa15-515a733cc3ae&queue=inbox","statusCode":200,"requestId":"8c0bed1a-dbe6-4453-84bc-7aff4c923676"}

stdout | src/phase10-load.integration.test.ts > phase 10.2 performance and load qualification > records API load, realtime load, and DB query profiles against Phase 10 targets
{"level":"info","time":"2026-07-28T09:00:10.290Z","service":"api","msg":"request.completed","method":"GET","url":"/v1/staff/work-items?propertyId=3ab87d2a-0c78-4fac-aa15-515a733cc3ae&queue=inbox","statusCode":200,"requestId":"f2a62fe0-ee9f-4c71-a047-d951adc0623f"}

stdout | src/phase10-load.integration.test.ts > phase 10.2 performance and load qualification > records API load, realtime load, and DB query profiles against Phase 10 targets
{"level":"info","time":"2026-07-28T09:00:10.291Z","service":"api","msg":"request.completed","method":"GET","url":"/v1/staff/work-items?propertyId=3ab87d2a-0c78-4fac-aa15-515a733cc3ae&queue=inbox","statusCode":200,"requestId":"74fa95c4-6aa9-48be-97c2-d2bacb1d730a"}

stdout | src/phase10-load.integration.test.ts > phase 10.2 performance and load qualification > records API load, realtime load, and DB query profiles against Phase 10 targets
{"level":"info","time":"2026-07-28T09:00:10.292Z","service":"api","msg":"request.completed","method":"GET","url":"/v1/staff/work-items?propertyId=3ab87d2a-0c78-4fac-aa15-515a733cc3ae&queue=inbox","statusCode":200,"requestId":"4c1006c4-ca01-4220-83f9-01f14c217873"}

stdout | src/phase10-load.integration.test.ts > phase 10.2 performance and load qualification > records API load, realtime load, and DB query profiles against Phase 10 targets
{"level":"info","time":"2026-07-28T09:00:10.292Z","service":"api","msg":"request.completed","method":"GET","url":"/v1/staff/work-items?propertyId=3ab87d2a-0c78-4fac-aa15-515a733cc3ae&queue=inbox","statusCode":200,"requestId":"865f22af-76b4-4a4e-bdad-e610bf3a7839"}

stdout | src/phase10-load.integration.test.ts > phase 10.2 performance and load qualification > records API load, realtime load, and DB query profiles against Phase 10 targets
{"level":"info","time":"2026-07-28T09:00:10.293Z","service":"api","msg":"request.completed","method":"GET","url":"/v1/staff/work-items?propertyId=3ab87d2a-0c78-4fac-aa15-515a733cc3ae&queue=inbox","statusCode":200,"requestId":"11c2d4e7-c4d3-46e5-8510-49ff602bb160"}

stdout | src/phase10-load.integration.test.ts > phase 10.2 performance and load qualification > records API load, realtime load, and DB query profiles against Phase 10 targets
{"level":"info","time":"2026-07-28T09:00:10.294Z","service":"api","msg":"request.completed","method":"GET","url":"/v1/staff/work-items?propertyId=3ab87d2a-0c78-4fac-aa15-515a733cc3ae&queue=inbox","statusCode":200,"requestId":"b629d123-334d-466f-9ed1-018c76e67248"}

stdout | src/phase10-load.integration.test.ts > phase 10.2 performance and load qualification > records API load, realtime load, and DB query profiles against Phase 10 targets
{"level":"info","time":"2026-07-28T09:00:10.295Z","service":"api","msg":"request.completed","method":"GET","url":"/v1/staff/work-items?propertyId=3ab87d2a-0c78-4fac-aa15-515a733cc3ae&queue=inbox","statusCode":200,"requestId":"b9b683ad-c704-4dc9-8308-6819f9355b40"}

stdout | src/phase10-load.integration.test.ts > phase 10.2 performance and load qualification > records API load, realtime load, and DB query profiles against Phase 10 targets
{"level":"info","time":"2026-07-28T09:00:10.296Z","service":"api","msg":"request.completed","method":"GET","url":"/v1/staff/work-items?propertyId=3ab87d2a-0c78-4fac-aa15-515a733cc3ae&queue=inbox","statusCode":200,"requestId":"97eb4310-adf3-454c-a1b9-49ae972ff388"}

stdout | src/phase10-load.integration.test.ts > phase 10.2 performance and load qualification > records API load, realtime load, and DB query profiles against Phase 10 targets
{"level":"info","time":"2026-07-28T09:00:10.297Z","service":"api","msg":"request.completed","method":"GET","url":"/v1/staff/work-items?propertyId=3ab87d2a-0c78-4fac-aa15-515a733cc3ae&queue=inbox","statusCode":200,"requestId":"428c198a-f480-4d9c-bd87-1864e906f2bd"}

stdout | src/phase10-load.integration.test.ts > phase 10.2 performance and load qualification > records API load, realtime load, and DB query profiles against Phase 10 targets
{"level":"info","time":"2026-07-28T09:00:10.298Z","service":"api","msg":"request.completed","method":"GET","url":"/v1/staff/work-items?propertyId=3ab87d2a-0c78-4fac-aa15-515a733cc3ae&queue=inbox","statusCode":200,"requestId":"04e26cfc-d701-434c-acb2-1dbae97bb4e2"}

stdout | src/phase10-load.integration.test.ts > phase 10.2 performance and load qualification > records API load, realtime load, and DB query profiles against Phase 10 targets
{"level":"info","time":"2026-07-28T09:00:10.299Z","service":"api","msg":"request.completed","method":"GET","url":"/v1/staff/work-items?propertyId=3ab87d2a-0c78-4fac-aa15-515a733cc3ae&queue=inbox","statusCode":200,"requestId":"d20d7a71-f8c2-4bc4-ab3a-4cef86e3eda1"}

stdout | src/phase10-load.integration.test.ts > phase 10.2 performance and load qualification > records API load, realtime load, and DB query profiles against Phase 10 targets
{"level":"info","time":"2026-07-28T09:00:10.300Z","service":"api","msg":"request.completed","method":"GET","url":"/v1/staff/work-items?propertyId=3ab87d2a-0c78-4fac-aa15-515a733cc3ae&queue=inbox","statusCode":200,"requestId":"36cb0528-8218-43c5-aaa4-494b22b7af40"}

 ✓ src/phase10-load.integration.test.ts (1 test) 1310ms
   ✓ phase 10.2 performance and load qualification > records API load, realtime load, and DB query profiles against Phase 10 targets  1272ms
stdout | src/admin-audit.integration.test.ts > admin audit logs and exports > exports scoped CSV and protects formula-leading cells
{"level":"info","time":"2026-07-28T09:00:11.261Z","service":"api","msg":"request.completed","method":"POST","url":"/v1/auth/login","statusCode":200,"requestId":"2f46263e-3dbf-40cb-aeb5-c27a96bcef9c"}

stdout | src/admin-audit.integration.test.ts > admin audit logs and exports > exports scoped CSV and protects formula-leading cells
{"level":"info","time":"2026-07-28T09:00:11.515Z","service":"api","msg":"request.completed","method":"POST","url":"/v1/auth/login","statusCode":200,"requestId":"a05eb5f7-dfda-4e80-8852-c21a9a7f688f"}

stdout | src/admin-audit.integration.test.ts > admin audit logs and exports > exports scoped CSV and protects formula-leading cells
{"level":"info","time":"2026-07-28T09:00:12.126Z","service":"api","msg":"request.completed","method":"POST","url":"/v1/auth/login","statusCode":200,"requestId":"b4856d6d-dc96-4eab-913c-e7a90c13fcf9"}

stdout | src/admin-audit.integration.test.ts > admin audit logs and exports > exports scoped CSV and protects formula-leading cells
{"level":"info","time":"2026-07-28T09:00:12.140Z","service":"api","msg":"request.completed","method":"GET","url":"/v1/properties?organizationId=d215a186-f84d-4c7c-b75a-3189969999c2","statusCode":200,"requestId":"7b269fd7-e96e-4740-ae3d-c5c13a83d42d"}

stdout | src/admin-audit.integration.test.ts > admin audit logs and exports > exports scoped CSV and protects formula-leading cells
{"level":"info","time":"2026-07-28T09:00:12.171Z","service":"api","msg":"request.completed","method":"GET","url":"/v1/admin/properties/3ab87d2a-0c78-4fac-aa15-515a733cc3ae/operations/requests/export?status=submitted&dateFrom=2026-08-07T09%3A00%3A12.140Z&dateTo=2026-08-07T09%3A00%3A13.140Z&limit=25","statusCode":200,"requestId":"c0fb4158-ab1e-4b6e-a786-95b16a55d37e"}

stdout | src/admin-audit.integration.test.ts > admin audit logs and exports > exports scoped CSV and protects formula-leading cells
{"level":"info","time":"2026-07-28T09:00:12.180Z","service":"api","msg":"request.completed","method":"GET","url":"/v1/admin/properties/3ab87d2a-0c78-4fac-aa15-515a733cc3ae/operations/requests/export?limit=25","statusCode":403,"requestId":"fff1d3e8-a319-45b6-9db3-5e1f0df9c4e2"}

stdout | src/admin-audit.integration.test.ts > admin audit logs and exports > exports scoped CSV and protects formula-leading cells
{"level":"info","time":"2026-07-28T09:00:12.188Z","service":"api","msg":"request.completed","method":"GET","url":"/v1/admin/properties/3ab87d2a-0c78-4fac-aa15-515a733cc3ae/operations/requests/export?limit=25","statusCode":403,"requestId":"9dbb3d5a-5ecb-4860-b2b4-7a3d4b7ba556"}

stdout | src/admin-audit.integration.test.ts > admin audit logs and exports > caps large exports with explicit truncation headers
{"level":"info","time":"2026-07-28T09:00:12.563Z","service":"api","msg":"request.completed","method":"POST","url":"/v1/auth/login","statusCode":200,"requestId":"824c299f-9b4a-4398-a5ca-a2d9750bf5f5"}

stdout | src/admin-audit.integration.test.ts > admin audit logs and exports > caps large exports with explicit truncation headers
{"level":"info","time":"2026-07-28T09:00:12.566Z","service":"api","msg":"request.completed","method":"GET","url":"/v1/properties?organizationId=d215a186-f84d-4c7c-b75a-3189969999c2","statusCode":200,"requestId":"610ac016-182d-41f0-9422-df0e332b1cdd"}

stdout | src/admin-audit.integration.test.ts > admin audit logs and exports > caps large exports with explicit truncation headers
{"level":"info","time":"2026-07-28T09:00:12.574Z","service":"api","msg":"request.completed","method":"GET","url":"/v1/admin/properties/3ab87d2a-0c78-4fac-aa15-515a733cc3ae/operations/requests/export?dateFrom=2026-08-08T09%3A00%3A12.566Z&dateTo=2026-08-08T09%3A10%3A12.566Z&limit=2","statusCode":200,"requestId":"a423eebe-ff98-4c36-8845-4c1efd5c6d27"}

stdout | src/admin-audit.integration.test.ts > admin audit logs and exports > caps large exports with explicit truncation headers
{"level":"info","time":"2026-07-28T09:00:12.578Z","service":"api","msg":"request.completed","method":"GET","url":"/v1/admin/properties/3ab87d2a-0c78-4fac-aa15-515a733cc3ae/operations/requests/export?limit=5001","statusCode":400,"requestId":"6fc5c322-862b-4ab5-9a86-930bceb5a012"}

stdout | src/admin-audit.integration.test.ts > admin audit logs and exports > filters immutable audit logs by tenant scope and redacts sensitive metadata
{"level":"info","time":"2026-07-28T09:00:12.874Z","service":"api","msg":"request.completed","method":"POST","url":"/v1/auth/login","statusCode":200,"requestId":"644eedca-b4b3-4939-b495-8d93379ea498"}

stdout | src/admin-audit.integration.test.ts > admin audit logs and exports > filters immutable audit logs by tenant scope and redacts sensitive metadata
{"level":"info","time":"2026-07-28T09:00:13.137Z","service":"api","msg":"request.completed","method":"POST","url":"/v1/auth/login","statusCode":200,"requestId":"dd466b41-b90a-48f8-be25-e764fbad559f"}

stdout | src/admin-audit.integration.test.ts > admin audit logs and exports > filters immutable audit logs by tenant scope and redacts sensitive metadata
{"level":"info","time":"2026-07-28T09:00:13.512Z","service":"api","msg":"request.completed","method":"POST","url":"/v1/auth/login","statusCode":200,"requestId":"eb537fe6-150c-46b0-a992-75867442b17d"}

stdout | src/admin-audit.integration.test.ts > admin audit logs and exports > filters immutable audit logs by tenant scope and redacts sensitive metadata
{"level":"info","time":"2026-07-28T09:00:13.516Z","service":"api","msg":"request.completed","method":"GET","url":"/v1/properties?organizationId=d215a186-f84d-4c7c-b75a-3189969999c2","statusCode":200,"requestId":"3a94587f-2e40-46ed-85b1-a1d8cb76e84c"}

stdout | src/admin-audit.integration.test.ts > admin audit logs and exports > filters immutable audit logs by tenant scope and redacts sensitive metadata
{"level":"info","time":"2026-07-28T09:00:13.521Z","service":"api","msg":"request.completed","method":"GET","url":"/v1/properties?organizationId=d215a186-f84d-4c7c-b75a-3189969999c2","statusCode":200,"requestId":"0b7d4fe3-c4e4-4a80-9e83-f0c477c38ca7"}

stdout | src/admin-audit.integration.test.ts > admin audit logs and exports > filters immutable audit logs by tenant scope and redacts sensitive metadata
{"level":"info","time":"2026-07-28T09:00:13.532Z","service":"api","msg":"request.completed","method":"GET","url":"/v1/admin/organizations/d215a186-f84d-4c7c-b75a-3189969999c2/audit-logs?propertyId=3ab87d2a-0c78-4fac-aa15-515a733cc3ae&resourceType=request&q=audit-hotel-810e1f13-1ab4-4916-b4e6-0bdc986f6d78","statusCode":200,"requestId":"fdb620f0-c53a-4aed-a6c1-3304db97fed3"}

stdout | src/admin-audit.integration.test.ts > admin audit logs and exports > filters immutable audit logs by tenant scope and redacts sensitive metadata
{"level":"info","time":"2026-07-28T09:00:13.541Z","service":"api","msg":"request.completed","method":"GET","url":"/v1/admin/organizations/d215a186-f84d-4c7c-b75a-3189969999c2/audit-logs?q=audit-","statusCode":200,"requestId":"3bc41c3e-cc05-43ea-90d8-6d8f42f75f8b"}

stdout | src/admin-audit.integration.test.ts > admin audit logs and exports > filters immutable audit logs by tenant scope and redacts sensitive metadata
{"level":"info","time":"2026-07-28T09:00:13.544Z","service":"api","msg":"request.completed","method":"GET","url":"/v1/admin/organizations/d215a186-f84d-4c7c-b75a-3189969999c2/audit-logs","statusCode":403,"requestId":"948c701b-a776-4e8a-9112-e24f2ed31842"}

stdout | src/admin-audit.integration.test.ts > admin audit logs and exports > filters immutable audit logs by tenant scope and redacts sensitive metadata
{"level":"info","time":"2026-07-28T09:00:13.546Z","service":"api","msg":"request.completed","method":"PATCH","url":"/v1/admin/organizations/d215a186-f84d-4c7c-b75a-3189969999c2/audit-logs","statusCode":404,"requestId":"0101833b-e373-48b5-bba5-160c4717dd38"}

 ✓ src/admin-audit.integration.test.ts (3 tests) 2593ms
   ✓ admin audit logs and exports > exports scoped CSV and protects formula-leading cells  1191ms
   ✓ admin audit logs and exports > caps large exports with explicit truncation headers  389ms
   ✓ admin audit logs and exports > filters immutable audit logs by tenant scope and redacts sensitive metadata  968ms
stdout | src/realtime.integration.test.ts > realtime outbox delivery > replays tenant-scoped staff events and converges after reconnect without duplicates
{"level":"info","time":"2026-07-28T09:00:14.556Z","service":"api","msg":"request.completed","method":"POST","url":"/v1/auth/login","statusCode":200,"requestId":"8ce87f0b-8715-49bb-9068-a2087a5d3839"}

stdout | src/realtime.integration.test.ts > realtime outbox delivery > replays tenant-scoped staff events and converges after reconnect without duplicates
{"level":"info","time":"2026-07-28T09:00:14.795Z","service":"api","msg":"request.completed","method":"POST","url":"/v1/auth/login","statusCode":200,"requestId":"52a10350-41ee-4651-a176-79ba6a6b210a"}

stdout | src/realtime.integration.test.ts > realtime outbox delivery > replays tenant-scoped staff events and converges after reconnect without duplicates
{"level":"info","time":"2026-07-28T09:00:15.053Z","service":"api","msg":"request.completed","method":"POST","url":"/v1/auth/login","statusCode":200,"requestId":"6a69a045-9876-4e3a-b8d0-75d66023466a"}

stdout | src/realtime.integration.test.ts > realtime outbox delivery > replays tenant-scoped staff events and converges after reconnect without duplicates
{"level":"info","time":"2026-07-28T09:00:15.067Z","service":"api","msg":"request.completed","method":"GET","url":"/v1/properties?organizationId=d215a186-f84d-4c7c-b75a-3189969999c2","statusCode":200,"requestId":"5bc2b463-0668-4420-8924-2884fd61a8f1"}

stdout | src/realtime.integration.test.ts > realtime outbox delivery > replays tenant-scoped staff events and converges after reconnect without duplicates
{"level":"info","time":"2026-07-28T09:00:15.073Z","service":"api","msg":"request.completed","method":"GET","url":"/v1/properties/3ab87d2a-0c78-4fac-aa15-515a733cc3ae/locations","statusCode":200,"requestId":"0399ca5d-33e2-455a-bc6e-7a677e512885"}

stdout | src/realtime.integration.test.ts > realtime outbox delivery > replays tenant-scoped staff events and converges after reconnect without duplicates
{"level":"info","time":"2026-07-28T09:00:15.080Z","service":"api","msg":"request.completed","method":"POST","url":"/v1/properties/3ab87d2a-0c78-4fac-aa15-515a733cc3ae/qr-codes","statusCode":200,"requestId":"f5e8973d-8c10-4f3f-becb-1602308f8068"}

stdout | src/realtime.integration.test.ts > realtime outbox delivery > replays tenant-scoped staff events and converges after reconnect without duplicates
{"level":"info","time":"2026-07-28T09:00:15.085Z","service":"api","msg":"request.completed","method":"POST","url":"/v1/guest/sessions","statusCode":200,"requestId":"9de04168-b4c6-4a0a-b9b8-c7f6a619b373"}

stdout | src/realtime.integration.test.ts > realtime outbox delivery > replays tenant-scoped staff events and converges after reconnect without duplicates
{"level":"info","time":"2026-07-28T09:00:15.091Z","service":"api","msg":"request.completed","method":"POST","url":"/v1/guest/conversations","statusCode":200,"requestId":"b9c02f7b-151a-479a-b651-f4cd4a40de15"}

stdout | src/realtime.integration.test.ts > realtime outbox delivery > replays tenant-scoped staff events and converges after reconnect without duplicates
{"level":"info","time":"2026-07-28T09:00:15.100Z","service":"api","msg":"request.completed","method":"POST","url":"/v1/guest/conversations/3ffca4e9-8714-4c26-821d-50667d11688b/messages","statusCode":200,"requestId":"eaadc339-6dc8-4d6a-a85b-8931b3526088"}

stdout | src/realtime.integration.test.ts > realtime outbox delivery > replays tenant-scoped staff events and converges after reconnect without duplicates
{"level":"info","time":"2026-07-28T09:00:15.107Z","service":"api","msg":"request.completed","method":"POST","url":"/v1/guest/request-drafts","statusCode":200,"requestId":"5dae5b7b-aca7-4075-b394-8386493e4324"}

stdout | src/realtime.integration.test.ts > realtime outbox delivery > replays tenant-scoped staff events and converges after reconnect without duplicates
{"level":"info","time":"2026-07-28T09:00:15.117Z","service":"api","msg":"request.completed","method":"POST","url":"/v1/guest/request-drafts/1e12793b-bca8-4f8d-b957-807f9db66aad/confirm","statusCode":200,"requestId":"85ec4a1d-66a0-4fab-ae0e-b04ed4005b1d"}

stdout | src/realtime.integration.test.ts > realtime outbox delivery > replays tenant-scoped staff events and converges after reconnect without duplicates
{"level":"info","time":"2026-07-28T09:00:15.123Z","service":"api","msg":"request.completed","method":"GET","url":"/v1/staff/realtime/events?propertyId=3ab87d2a-0c78-4fac-aa15-515a733cc3ae","statusCode":403,"requestId":"bda07765-caa0-4aa3-9d07-a61b42e000df"}

stdout | src/realtime.integration.test.ts > realtime outbox delivery > replays tenant-scoped staff events and converges after reconnect without duplicates
{"level":"info","time":"2026-07-28T09:00:15.129Z","service":"api","msg":"request.completed","method":"GET","url":"/v1/staff/realtime/events?propertyId=3ab87d2a-0c78-4fac-aa15-515a733cc3ae&limit=20","statusCode":200,"requestId":"85847a45-642d-4971-9ab8-56c89eec2fa9"}

stdout | src/realtime.integration.test.ts > realtime outbox delivery > replays tenant-scoped staff events and converges after reconnect without duplicates
{"level":"info","time":"2026-07-28T09:00:15.140Z","service":"api","msg":"request.completed","method":"POST","url":"/v1/staff/requests/0a924df9-1a06-405a-be5d-34125d9205db/accept","statusCode":200,"requestId":"d4411591-68e4-4856-9fda-0ee846848eee"}

stdout | src/realtime.integration.test.ts > realtime outbox delivery > replays tenant-scoped staff events and converges after reconnect without duplicates
{"level":"info","time":"2026-07-28T09:00:15.149Z","service":"api","msg":"request.completed","method":"GET","url":"/v1/staff/realtime/events?propertyId=3ab87d2a-0c78-4fac-aa15-515a733cc3ae&lastEventId=6fbe582c-bc1b-4202-9f32-ad3d3d7b8225&limit=20","statusCode":200,"requestId":"6a205f49-2051-4acf-b668-f5ce50580a91"}

stdout | src/realtime.integration.test.ts > realtime outbox delivery > replays tenant-scoped staff events and converges after reconnect without duplicates
{"level":"info","time":"2026-07-28T09:00:15.154Z","service":"api","msg":"request.completed","method":"GET","url":"/v1/staff/realtime/events?propertyId=3ab87d2a-0c78-4fac-aa15-515a733cc3ae&lastEventId=a807744a-6b0d-4e93-88d2-084268bcc4db&limit=20","statusCode":200,"requestId":"5363a2c7-9c9e-41ea-ae7d-95f3e73e519c"}

stdout | src/realtime.integration.test.ts > realtime outbox delivery > delivers only the guest session events needed for status convergence
{"level":"info","time":"2026-07-28T09:00:15.438Z","service":"api","msg":"request.completed","method":"POST","url":"/v1/auth/login","statusCode":200,"requestId":"f7d72b96-fbbe-4ff7-96aa-551603f24c16"}

stdout | src/realtime.integration.test.ts > realtime outbox delivery > delivers only the guest session events needed for status convergence
{"level":"info","time":"2026-07-28T09:00:15.729Z","service":"api","msg":"request.completed","method":"POST","url":"/v1/auth/login","statusCode":200,"requestId":"0e07f02f-f6a8-4c1a-b53e-803b435c7016"}

stdout | src/realtime.integration.test.ts > realtime outbox delivery > delivers only the guest session events needed for status convergence
{"level":"info","time":"2026-07-28T09:00:15.731Z","service":"api","msg":"request.completed","method":"GET","url":"/v1/properties?organizationId=d215a186-f84d-4c7c-b75a-3189969999c2","statusCode":200,"requestId":"7c557622-ff4b-4ddb-8795-84d4ab74883a"}

stdout | src/realtime.integration.test.ts > realtime outbox delivery > delivers only the guest session events needed for status convergence
{"level":"info","time":"2026-07-28T09:00:15.734Z","service":"api","msg":"request.completed","method":"GET","url":"/v1/properties/3ab87d2a-0c78-4fac-aa15-515a733cc3ae/locations","statusCode":200,"requestId":"89f06e67-4d44-455d-97a7-acfa9f008e24"}

stdout | src/realtime.integration.test.ts > realtime outbox delivery > delivers only the guest session events needed for status convergence
{"level":"info","time":"2026-07-28T09:00:15.739Z","service":"api","msg":"request.completed","method":"POST","url":"/v1/properties/3ab87d2a-0c78-4fac-aa15-515a733cc3ae/qr-codes","statusCode":200,"requestId":"ce888816-7d4c-4906-8a49-9ad22ce3e1c5"}

stdout | src/realtime.integration.test.ts > realtime outbox delivery > delivers only the guest session events needed for status convergence
{"level":"info","time":"2026-07-28T09:00:15.742Z","service":"api","msg":"request.completed","method":"POST","url":"/v1/guest/sessions","statusCode":200,"requestId":"12c594a5-1b42-4280-b6db-25e92104d6e4"}

stdout | src/realtime.integration.test.ts > realtime outbox delivery > delivers only the guest session events needed for status convergence
{"level":"info","time":"2026-07-28T09:00:15.747Z","service":"api","msg":"request.completed","method":"POST","url":"/v1/guest/conversations","statusCode":200,"requestId":"833342ef-d284-495d-92a2-06dd91185d33"}

stdout | src/realtime.integration.test.ts > realtime outbox delivery > delivers only the guest session events needed for status convergence
{"level":"info","time":"2026-07-28T09:00:15.752Z","service":"api","msg":"request.completed","method":"POST","url":"/v1/guest/conversations/38ea217d-fda5-4fee-90b2-980819aea55a/messages","statusCode":200,"requestId":"de3e2619-5099-4894-b597-0ddbddfe8bbb"}

stdout | src/realtime.integration.test.ts > realtime outbox delivery > delivers only the guest session events needed for status convergence
{"level":"info","time":"2026-07-28T09:00:15.755Z","service":"api","msg":"request.completed","method":"POST","url":"/v1/guest/request-drafts","statusCode":200,"requestId":"d25b79f9-d32f-47b6-b16d-236fa0a28304"}

stdout | src/realtime.integration.test.ts > realtime outbox delivery > delivers only the guest session events needed for status convergence
{"level":"info","time":"2026-07-28T09:00:15.760Z","service":"api","msg":"request.completed","method":"POST","url":"/v1/guest/request-drafts/faa38962-80d2-4721-aa2b-f9e8fcefa76b/confirm","statusCode":200,"requestId":"404776a8-e6d9-4d52-84ed-4cdadb1ac19c"}

stdout | src/realtime.integration.test.ts > realtime outbox delivery > delivers only the guest session events needed for status convergence
{"level":"info","time":"2026-07-28T09:00:16.052Z","service":"api","msg":"request.completed","method":"POST","url":"/v1/auth/login","statusCode":200,"requestId":"0957f5e6-2ba7-4bf8-833a-341a3f9fe475"}

stdout | src/realtime.integration.test.ts > realtime outbox delivery > delivers only the guest session events needed for status convergence
{"level":"info","time":"2026-07-28T09:00:16.055Z","service":"api","msg":"request.completed","method":"GET","url":"/v1/properties?organizationId=d215a186-f84d-4c7c-b75a-3189969999c2","statusCode":200,"requestId":"9c9eb5d6-7346-4d00-a1c2-9e2060ed4096"}

stdout | src/realtime.integration.test.ts > realtime outbox delivery > delivers only the guest session events needed for status convergence
{"level":"info","time":"2026-07-28T09:00:16.058Z","service":"api","msg":"request.completed","method":"GET","url":"/v1/properties/3ab87d2a-0c78-4fac-aa15-515a733cc3ae/locations","statusCode":200,"requestId":"44433887-e308-4c27-a905-3427a0d0de25"}

stdout | src/realtime.integration.test.ts > realtime outbox delivery > delivers only the guest session events needed for status convergence
{"level":"info","time":"2026-07-28T09:00:16.071Z","service":"api","msg":"request.completed","method":"POST","url":"/v1/properties/3ab87d2a-0c78-4fac-aa15-515a733cc3ae/qr-codes","statusCode":200,"requestId":"7b5db0bf-8db6-477c-91ea-71e8d873ca92"}

stdout | src/realtime.integration.test.ts > realtime outbox delivery > delivers only the guest session events needed for status convergence
{"level":"info","time":"2026-07-28T09:00:16.075Z","service":"api","msg":"request.completed","method":"POST","url":"/v1/guest/sessions","statusCode":200,"requestId":"552730e0-0e2b-4f0b-94e3-611cb469b884"}

stdout | src/realtime.integration.test.ts > realtime outbox delivery > delivers only the guest session events needed for status convergence
{"level":"info","time":"2026-07-28T09:00:16.082Z","service":"api","msg":"request.completed","method":"GET","url":"/v1/guest/realtime/events?limit=20","statusCode":200,"requestId":"9f4e7fc6-4eb3-4b0e-9967-9109025325d6"}

stdout | src/realtime.integration.test.ts > realtime outbox delivery > delivers only the guest session events needed for status convergence
{"level":"info","time":"2026-07-28T09:00:16.088Z","service":"api","msg":"request.completed","method":"POST","url":"/v1/staff/requests/47f7aa18-3675-4e14-b820-f0786b3fc246/accept","statusCode":200,"requestId":"f25cfdcb-e28b-4f63-804e-3f62ed4e09ce"}

stdout | src/realtime.integration.test.ts > realtime outbox delivery > delivers only the guest session events needed for status convergence
{"level":"info","time":"2026-07-28T09:00:16.091Z","service":"api","msg":"request.completed","method":"GET","url":"/v1/guest/realtime/events?lastEventId=57c592c2-d019-4fec-b4ec-06032709a8b6&limit=20","statusCode":200,"requestId":"4e798c06-3cd3-4756-9c4e-38779ebcd054"}

stdout | src/realtime.integration.test.ts > realtime outbox delivery > delivers only the guest session events needed for status convergence
{"level":"info","time":"2026-07-28T09:00:16.094Z","service":"api","msg":"request.completed","method":"GET","url":"/v1/guest/realtime/events?limit=20","statusCode":200,"requestId":"daff67af-6710-4bcd-bad6-0cf2ebdc3e88"}

 ✓ src/realtime.integration.test.ts (2 tests) 1843ms
   ✓ realtime outbox delivery > replays tenant-scoped staff events and converges after reconnect without duplicates  865ms
   ✓ realtime outbox delivery > delivers only the guest session events needed for status convergence  940ms
stdout | src/branding.integration.test.ts > property settings and branding > allows owner to update property settings and branding
{"level":"info","time":"2026-07-28T09:00:17.226Z","service":"api","msg":"request.completed","method":"POST","url":"/v1/auth/login","statusCode":200,"requestId":"4ff4b9d6-56ca-47f8-b4c0-cd853ae0a730"}

stdout | src/branding.integration.test.ts > property settings and branding > allows owner to update property settings and branding
{"level":"info","time":"2026-07-28T09:00:17.231Z","service":"api","msg":"request.completed","method":"GET","url":"/v1/properties?organizationId=d215a186-f84d-4c7c-b75a-3189969999c2","statusCode":200,"requestId":"4bac104b-775b-4ecb-9ab7-79ba3c9d99e6"}

stdout | src/branding.integration.test.ts > property settings and branding > allows owner to update property settings and branding
{"level":"info","time":"2026-07-28T09:00:17.236Z","service":"api","msg":"request.completed","method":"PATCH","url":"/v1/properties/8d283b2a-6ccd-4ab9-99be-79604deac640","statusCode":200,"requestId":"95ad0ba1-9206-4d31-b99c-88cd34a02059"}

stdout | src/branding.integration.test.ts > property settings and branding > allows owner to update property settings and branding
{"level":"info","time":"2026-07-28T09:00:17.241Z","service":"api","msg":"request.completed","method":"PUT","url":"/v1/properties/8d283b2a-6ccd-4ab9-99be-79604deac640/branding","statusCode":200,"requestId":"33c323f1-a39a-4c6b-b4ef-895d7b66d4c2"}

stdout | src/branding.integration.test.ts > property settings and branding > allows owner to update property settings and branding
{"level":"info","time":"2026-07-28T09:00:17.246Z","service":"api","msg":"request.completed","method":"GET","url":"/v1/properties/8d283b2a-6ccd-4ab9-99be-79604deac640/branding","statusCode":200,"requestId":"6d916e10-aa2e-4b93-ab64-bc8e579c2b0f"}

stdout | src/branding.integration.test.ts > property settings and branding > rejects invalid branding and unauthorized content manager mutation
{"level":"info","time":"2026-07-28T09:00:17.458Z","service":"api","msg":"request.completed","method":"POST","url":"/v1/auth/login","statusCode":200,"requestId":"39a27df8-9e8b-4bd6-8a28-07bd899f3f6f"}

stdout | src/branding.integration.test.ts > property settings and branding > rejects invalid branding and unauthorized content manager mutation
{"level":"info","time":"2026-07-28T09:00:17.460Z","service":"api","msg":"request.completed","method":"GET","url":"/v1/properties?organizationId=d215a186-f84d-4c7c-b75a-3189969999c2","statusCode":200,"requestId":"e6d1bfe6-5342-4971-8069-213081066b7e"}

stdout | src/branding.integration.test.ts > property settings and branding > rejects invalid branding and unauthorized content manager mutation
{"level":"info","time":"2026-07-28T09:00:17.462Z","service":"api","msg":"request.completed","method":"PUT","url":"/v1/properties/8d283b2a-6ccd-4ab9-99be-79604deac640/branding","statusCode":400,"requestId":"da90826b-dbd6-4f0c-957a-88a0cfa92e92"}

stdout | src/branding.integration.test.ts > property settings and branding > rejects invalid branding and unauthorized content manager mutation
{"level":"info","time":"2026-07-28T09:00:17.674Z","service":"api","msg":"request.completed","method":"POST","url":"/v1/auth/login","statusCode":200,"requestId":"7e021daf-9c1d-4e77-a70a-728b28524929"}

stdout | src/branding.integration.test.ts > property settings and branding > rejects invalid branding and unauthorized content manager mutation
{"level":"info","time":"2026-07-28T09:00:17.676Z","service":"api","msg":"request.completed","method":"PATCH","url":"/v1/properties/3ab87d2a-0c78-4fac-aa15-515a733cc3ae","statusCode":403,"requestId":"0e5ec90d-67ad-4e7d-9f12-a3f9c460b3a4"}

stdout | src/branding.integration.test.ts > property settings and branding > isolates branding reads across organizations
{"level":"info","time":"2026-07-28T09:00:17.905Z","service":"api","msg":"request.completed","method":"POST","url":"/v1/auth/login","statusCode":200,"requestId":"226faf9e-6c81-4c24-899f-ed0b7cdd0e30"}

stdout | src/branding.integration.test.ts > property settings and branding > isolates branding reads across organizations
{"level":"info","time":"2026-07-28T09:00:18.206Z","service":"api","msg":"request.completed","method":"POST","url":"/v1/auth/login","statusCode":200,"requestId":"7fe8302e-19fc-416e-b35d-f68ee100a82d"}

stdout | src/branding.integration.test.ts > property settings and branding > isolates branding reads across organizations
{"level":"info","time":"2026-07-28T09:00:18.208Z","service":"api","msg":"request.completed","method":"GET","url":"/v1/properties?organizationId=d215a186-f84d-4c7c-b75a-3189969999c2","statusCode":200,"requestId":"41334dae-d68d-4274-8014-a2a5eccc8813"}

stdout | src/branding.integration.test.ts > property settings and branding > isolates branding reads across organizations
{"level":"info","time":"2026-07-28T09:00:18.210Z","service":"api","msg":"request.completed","method":"GET","url":"/v1/properties/8d283b2a-6ccd-4ab9-99be-79604deac640/branding","statusCode":403,"requestId":"78fc6145-f3a0-4c94-929f-4eb603c03d69"}

 ✓ src/branding.integration.test.ts (3 tests) 1250ms
   ✓ property settings and branding > rejects invalid branding and unauthorized content manager mutation  430ms
   ✓ property settings and branding > isolates branding reads across organizations  534ms
stdout | src/portal.integration.test.ts > portal draft and templates > creates draft from template and autosaves with optimistic versioning
{"level":"info","time":"2026-07-28T09:00:19.164Z","service":"api","msg":"request.completed","method":"POST","url":"/v1/auth/login","statusCode":200,"requestId":"ac272797-2f05-4342-8c02-9a0407b85ac7"}

stdout | src/portal.integration.test.ts > portal draft and templates > creates draft from template and autosaves with optimistic versioning
{"level":"info","time":"2026-07-28T09:00:19.170Z","service":"api","msg":"request.completed","method":"GET","url":"/v1/properties?organizationId=d215a186-f84d-4c7c-b75a-3189969999c2","statusCode":200,"requestId":"b6706b20-4eb8-4398-9a4b-6fe5f2ac4d67"}

stdout | src/portal.integration.test.ts > portal draft and templates > creates draft from template and autosaves with optimistic versioning
{"level":"info","time":"2026-07-28T09:00:19.180Z","service":"api","msg":"request.completed","method":"GET","url":"/v1/properties/8d283b2a-6ccd-4ab9-99be-79604deac640/portal/draft","statusCode":200,"requestId":"000cdf75-2769-4dab-8fb1-a10062975cb9"}

stdout | src/portal.integration.test.ts > portal draft and templates > creates draft from template and autosaves with optimistic versioning
{"level":"info","time":"2026-07-28T09:00:19.188Z","service":"api","msg":"request.completed","method":"PUT","url":"/v1/properties/8d283b2a-6ccd-4ab9-99be-79604deac640/portal/draft","statusCode":200,"requestId":"a3dc0cec-7ad4-4cab-a2f4-aad60ccc784a"}

stdout | src/portal.integration.test.ts > portal draft and templates > creates draft from template and autosaves with optimistic versioning
{"level":"info","time":"2026-07-28T09:00:19.192Z","service":"api","msg":"request.completed","method":"PUT","url":"/v1/properties/8d283b2a-6ccd-4ab9-99be-79604deac640/portal/draft","statusCode":409,"requestId":"c7f979e5-87b7-49cc-b1c3-096609b45abc"}

stdout | src/portal.integration.test.ts > portal draft and templates > creates draft from template and autosaves with optimistic versioning
{"level":"info","time":"2026-07-28T09:00:19.195Z","service":"api","msg":"request.completed","method":"PUT","url":"/v1/properties/8d283b2a-6ccd-4ab9-99be-79604deac640/portal/draft","statusCode":400,"requestId":"4ed9f389-1d16-48ff-b483-1662f7d093fe"}

stdout | src/portal.integration.test.ts > portal draft and templates > creates draft from template and autosaves with optimistic versioning
{"level":"info","time":"2026-07-28T09:00:19.198Z","service":"api","msg":"request.completed","method":"POST","url":"/v1/properties/8d283b2a-6ccd-4ab9-99be-79604deac640/portal/validate","statusCode":200,"requestId":"501f5665-4fcd-4a5d-9b59-b0b42cc07679"}

stdout | src/portal.integration.test.ts > portal draft and templates > enforces tenant isolation and portal.update permission
{"level":"info","time":"2026-07-28T09:00:19.425Z","service":"api","msg":"request.completed","method":"POST","url":"/v1/auth/login","statusCode":200,"requestId":"5484361e-0a76-44dc-a0c7-62d48d169333"}

stdout | src/portal.integration.test.ts > portal draft and templates > enforces tenant isolation and portal.update permission
{"level":"info","time":"2026-07-28T09:00:19.427Z","service":"api","msg":"request.completed","method":"GET","url":"/v1/properties?organizationId=d215a186-f84d-4c7c-b75a-3189969999c2","statusCode":200,"requestId":"b5411098-35c8-4278-8d93-fe0a1d2b859c"}

stdout | src/portal.integration.test.ts > portal draft and templates > enforces tenant isolation and portal.update permission
{"level":"info","time":"2026-07-28T09:00:19.652Z","service":"api","msg":"request.completed","method":"POST","url":"/v1/auth/login","statusCode":200,"requestId":"6fc9186a-d5ab-401a-b8bc-b21c802bae96"}

stdout | src/portal.integration.test.ts > portal draft and templates > enforces tenant isolation and portal.update permission
{"level":"info","time":"2026-07-28T09:00:19.656Z","service":"api","msg":"request.completed","method":"PUT","url":"/v1/properties/8d283b2a-6ccd-4ab9-99be-79604deac640/portal/draft","statusCode":403,"requestId":"3843dfa3-6f46-43c8-916a-32c010611e05"}

stdout | src/portal.integration.test.ts > portal draft and templates > enforces tenant isolation and portal.update permission
{"level":"info","time":"2026-07-28T09:00:19.869Z","service":"api","msg":"request.completed","method":"POST","url":"/v1/auth/login","statusCode":200,"requestId":"1d1ba470-9362-4499-8c72-be266bf8ad8e"}

stdout | src/portal.integration.test.ts > portal draft and templates > enforces tenant isolation and portal.update permission
{"level":"info","time":"2026-07-28T09:00:19.872Z","service":"api","msg":"request.completed","method":"GET","url":"/v1/properties/8d283b2a-6ccd-4ab9-99be-79604deac640/portal/draft","statusCode":403,"requestId":"81025bf9-749f-4219-acdd-237af285114b"}

stdout | src/portal.integration.test.ts > portal draft and templates > enforces tenant isolation and portal.update permission
{"level":"info","time":"2026-07-28T09:00:19.875Z","service":"api","msg":"request.completed","method":"GET","url":"/v1/portal/templates","statusCode":200,"requestId":"9d242ed2-6c81-4703-863a-63fe0832c21d"}

stdout | src/portal.integration.test.ts > portal draft and templates > previews draft by locale/device and blocks cross-property locations
{"level":"info","time":"2026-07-28T09:00:20.103Z","service":"api","msg":"request.completed","method":"POST","url":"/v1/auth/login","statusCode":200,"requestId":"64326023-17ba-434c-bbaa-56be5c57ab68"}

stdout | src/portal.integration.test.ts > portal draft and templates > previews draft by locale/device and blocks cross-property locations
{"level":"info","time":"2026-07-28T09:00:20.107Z","service":"api","msg":"request.completed","method":"GET","url":"/v1/properties?organizationId=d215a186-f84d-4c7c-b75a-3189969999c2","statusCode":200,"requestId":"85fd9e47-fd8e-45c2-97cf-38057d01d5e0"}

stdout | src/portal.integration.test.ts > portal draft and templates > previews draft by locale/device and blocks cross-property locations
{"level":"info","time":"2026-07-28T09:00:20.112Z","service":"api","msg":"request.completed","method":"GET","url":"/v1/properties/8d283b2a-6ccd-4ab9-99be-79604deac640/locations","statusCode":200,"requestId":"4d1e4da4-52e8-46a3-aa71-5abc00030ea1"}

stdout | src/portal.integration.test.ts > portal draft and templates > previews draft by locale/device and blocks cross-property locations
{"level":"info","time":"2026-07-28T09:00:20.122Z","service":"api","msg":"request.completed","method":"GET","url":"/v1/properties/8d283b2a-6ccd-4ab9-99be-79604deac640/portal/preview?locale=vi&device=phone&locationId=0ceda895-7f35-4203-8e21-e6d5adde9f69","statusCode":200,"requestId":"69cdf096-6b06-4c26-9a60-430c7acb1bf7"}

stdout | src/portal.integration.test.ts > portal draft and templates > previews draft by locale/device and blocks cross-property locations
{"level":"info","time":"2026-07-28T09:00:20.130Z","service":"api","msg":"request.completed","method":"GET","url":"/v1/properties/8d283b2a-6ccd-4ab9-99be-79604deac640/portal/preview?locationId=55402969-915e-4f97-a440-bf25c883dd65","statusCode":403,"requestId":"e062b904-8c1d-4ef6-b2c1-12fe297643be"}

stdout | src/portal.integration.test.ts > portal draft and templates > previews draft by locale/device and blocks cross-property locations
{"level":"info","time":"2026-07-28T09:00:20.149Z","service":"api","msg":"request.completed","method":"PUT","url":"/v1/properties/8d283b2a-6ccd-4ab9-99be-79604deac640/portal/navigation","statusCode":200,"requestId":"08268e00-f690-4dcc-b28f-67c9a4aa6f8c"}

 ✓ src/portal.integration.test.ts (3 tests) 1442ms
   ✓ portal draft and templates > creates draft from template and autosaves with optimistic versioning  391ms
   ✓ portal draft and templates > enforces tenant isolation and portal.update permission  677ms
stdout | src/voice-live.integration.test.ts > Gemini Live token endpoint > requires guest authorization and a configured provider credential
{"level":"info","time":"2026-07-28T09:00:20.848Z","service":"api","msg":"request.completed","method":"POST","url":"/v1/guest/live-sessions","statusCode":401,"requestId":"345fad59-a340-4e73-b100-065d7a37be1f"}

stdout | src/voice-live.integration.test.ts > Gemini Live token endpoint > requires guest authorization and a configured provider credential
{"level":"info","time":"2026-07-28T09:00:21.176Z","service":"api","msg":"request.completed","method":"POST","url":"/v1/auth/login","statusCode":200,"requestId":"da58990f-61cc-4af3-a71e-d6d8c96fcc3e"}

stdout | src/voice-live.integration.test.ts > Gemini Live token endpoint > requires guest authorization and a configured provider credential
{"level":"info","time":"2026-07-28T09:00:21.180Z","service":"api","msg":"request.completed","method":"GET","url":"/v1/properties?organizationId=d215a186-f84d-4c7c-b75a-3189969999c2","statusCode":200,"requestId":"cd43bd0c-1af4-4be6-9cf9-25f5c8462995"}

stdout | src/voice-live.integration.test.ts > Gemini Live token endpoint > requires guest authorization and a configured provider credential
{"level":"info","time":"2026-07-28T09:00:21.184Z","service":"api","msg":"request.completed","method":"GET","url":"/v1/properties/8d283b2a-6ccd-4ab9-99be-79604deac640/locations","statusCode":200,"requestId":"aa08e964-48b9-43c4-b39a-1f4c40fa740c"}

stdout | src/voice-live.integration.test.ts > Gemini Live token endpoint > requires guest authorization and a configured provider credential
{"level":"info","time":"2026-07-28T09:00:21.190Z","service":"api","msg":"request.completed","method":"POST","url":"/v1/properties/8d283b2a-6ccd-4ab9-99be-79604deac640/qr-codes","statusCode":200,"requestId":"8bab991c-f153-4862-95e7-7d9b270fc91b"}

stdout | src/voice-live.integration.test.ts > Gemini Live token endpoint > requires guest authorization and a configured provider credential
{"level":"info","time":"2026-07-28T09:00:21.195Z","service":"api","msg":"request.completed","method":"POST","url":"/v1/guest/sessions","statusCode":200,"requestId":"9926a685-de59-4adf-8c07-a2dd8380950d"}

stdout | src/voice-live.integration.test.ts > Gemini Live token endpoint > requires guest authorization and a configured provider credential
{"level":"info","time":"2026-07-28T09:00:21.200Z","service":"api","msg":"request.completed","method":"POST","url":"/v1/guest/conversations","statusCode":200,"requestId":"f1febf2d-fa83-46eb-b08b-1d95c66e1c30"}

stdout | src/voice-live.integration.test.ts > Gemini Live token endpoint > requires guest authorization and a configured provider credential
{"level":"info","time":"2026-07-28T09:00:21.202Z","service":"api","msg":"request.completed","method":"POST","url":"/v1/guest/live-sessions","statusCode":503,"requestId":"ad2b0c00-e773-45c1-bd90-3c9b99b48443"}

stdout | src/voice-live.integration.test.ts > Gemini Live token endpoint > issues scoped ephemeral tokens without leaking the provider key
{"level":"info","time":"2026-07-28T09:00:21.467Z","service":"api","msg":"request.completed","method":"POST","url":"/v1/auth/login","statusCode":200,"requestId":"3ceecbcb-3132-4a0d-ac3b-67ffe4f5fe75"}

stdout | src/voice-live.integration.test.ts > Gemini Live token endpoint > issues scoped ephemeral tokens without leaking the provider key
{"level":"info","time":"2026-07-28T09:00:21.469Z","service":"api","msg":"request.completed","method":"GET","url":"/v1/properties?organizationId=d215a186-f84d-4c7c-b75a-3189969999c2","statusCode":200,"requestId":"fae805f2-c3c4-4ab6-aa62-7ed2f4ceccd2"}

stdout | src/voice-live.integration.test.ts > Gemini Live token endpoint > issues scoped ephemeral tokens without leaking the provider key
{"level":"info","time":"2026-07-28T09:00:21.471Z","service":"api","msg":"request.completed","method":"GET","url":"/v1/properties/8d283b2a-6ccd-4ab9-99be-79604deac640/locations","statusCode":200,"requestId":"a5157adb-7b0d-4c1d-91ad-640594b1660d"}

stdout | src/voice-live.integration.test.ts > Gemini Live token endpoint > issues scoped ephemeral tokens without leaking the provider key
{"level":"info","time":"2026-07-28T09:00:21.475Z","service":"api","msg":"request.completed","method":"POST","url":"/v1/properties/8d283b2a-6ccd-4ab9-99be-79604deac640/qr-codes","statusCode":200,"requestId":"ea43ec23-4536-4a28-8d7d-78cb41b81388"}

stdout | src/voice-live.integration.test.ts > Gemini Live token endpoint > issues scoped ephemeral tokens without leaking the provider key
{"level":"info","time":"2026-07-28T09:00:21.477Z","service":"api","msg":"request.completed","method":"POST","url":"/v1/guest/sessions","statusCode":200,"requestId":"84358c1b-b2f5-4cc1-b576-cb571bcb350c"}

stdout | src/voice-live.integration.test.ts > Gemini Live token endpoint > issues scoped ephemeral tokens without leaking the provider key
{"level":"info","time":"2026-07-28T09:00:21.478Z","service":"api","msg":"request.completed","method":"POST","url":"/v1/guest/conversations","statusCode":200,"requestId":"0a7bf0b3-d556-4ce5-98d4-54c15a616b15"}

stdout | src/voice-live.integration.test.ts > Gemini Live token endpoint > issues scoped ephemeral tokens without leaking the provider key
{"level":"info","time":"2026-07-28T09:00:21.481Z","service":"api","msg":"request.completed","method":"POST","url":"/v1/guest/live-sessions","statusCode":200,"requestId":"4dc55d37-fb13-4ab8-a494-821d0e032845"}

stdout | src/voice-live.integration.test.ts > Gemini Live token endpoint > denies cross-session conversation scope and rate limits token creation
{"level":"info","time":"2026-07-28T09:00:21.735Z","service":"api","msg":"request.completed","method":"POST","url":"/v1/auth/login","statusCode":200,"requestId":"a76ceb9a-c76d-4e78-9b14-3b2a49f7161a"}

stdout | src/voice-live.integration.test.ts > Gemini Live token endpoint > denies cross-session conversation scope and rate limits token creation
{"level":"info","time":"2026-07-28T09:00:21.738Z","service":"api","msg":"request.completed","method":"GET","url":"/v1/properties?organizationId=d215a186-f84d-4c7c-b75a-3189969999c2","statusCode":200,"requestId":"663f7543-79db-4494-b13e-f6eb0d02276a"}

stdout | src/voice-live.integration.test.ts > Gemini Live token endpoint > denies cross-session conversation scope and rate limits token creation
{"level":"info","time":"2026-07-28T09:00:21.740Z","service":"api","msg":"request.completed","method":"GET","url":"/v1/properties/8d283b2a-6ccd-4ab9-99be-79604deac640/locations","statusCode":200,"requestId":"6b431b9a-db83-4355-8268-ddcad61a6744"}

stdout | src/voice-live.integration.test.ts > Gemini Live token endpoint > denies cross-session conversation scope and rate limits token creation
{"level":"info","time":"2026-07-28T09:00:21.745Z","service":"api","msg":"request.completed","method":"POST","url":"/v1/properties/8d283b2a-6ccd-4ab9-99be-79604deac640/qr-codes","statusCode":200,"requestId":"6f747085-d3f9-4293-8436-ae0b9ab3204a"}

stdout | src/voice-live.integration.test.ts > Gemini Live token endpoint > denies cross-session conversation scope and rate limits token creation
{"level":"info","time":"2026-07-28T09:00:21.747Z","service":"api","msg":"request.completed","method":"POST","url":"/v1/guest/sessions","statusCode":200,"requestId":"5ef17228-44cb-4f3d-81f5-3efb1a813a28"}

stdout | src/voice-live.integration.test.ts > Gemini Live token endpoint > denies cross-session conversation scope and rate limits token creation
{"level":"info","time":"2026-07-28T09:00:22.013Z","service":"api","msg":"request.completed","method":"POST","url":"/v1/auth/login","statusCode":200,"requestId":"1efb7b41-bf57-4774-a7b5-707165783791"}

stdout | src/voice-live.integration.test.ts > Gemini Live token endpoint > denies cross-session conversation scope and rate limits token creation
{"level":"info","time":"2026-07-28T09:00:22.016Z","service":"api","msg":"request.completed","method":"GET","url":"/v1/properties?organizationId=d215a186-f84d-4c7c-b75a-3189969999c2","statusCode":200,"requestId":"6e3492fd-76f6-4bf0-9bd5-d026b7df4f16"}

stdout | src/voice-live.integration.test.ts > Gemini Live token endpoint > denies cross-session conversation scope and rate limits token creation
{"level":"info","time":"2026-07-28T09:00:22.019Z","service":"api","msg":"request.completed","method":"GET","url":"/v1/properties/8d283b2a-6ccd-4ab9-99be-79604deac640/locations","statusCode":200,"requestId":"d19e8652-5dea-460c-80a8-7608304b107c"}

stdout | src/voice-live.integration.test.ts > Gemini Live token endpoint > denies cross-session conversation scope and rate limits token creation
{"level":"info","time":"2026-07-28T09:00:22.023Z","service":"api","msg":"request.completed","method":"POST","url":"/v1/properties/8d283b2a-6ccd-4ab9-99be-79604deac640/qr-codes","statusCode":200,"requestId":"c3967c8f-5017-418f-92e7-10bd396335f4"}

stdout | src/voice-live.integration.test.ts > Gemini Live token endpoint > denies cross-session conversation scope and rate limits token creation
{"level":"info","time":"2026-07-28T09:00:22.026Z","service":"api","msg":"request.completed","method":"POST","url":"/v1/guest/sessions","statusCode":200,"requestId":"307b2bc9-db3c-4299-9e35-23328e21ed29"}

stdout | src/voice-live.integration.test.ts > Gemini Live token endpoint > denies cross-session conversation scope and rate limits token creation
{"level":"info","time":"2026-07-28T09:00:22.028Z","service":"api","msg":"request.completed","method":"POST","url":"/v1/guest/conversations","statusCode":200,"requestId":"e11d72fb-7c4c-4cca-b7a6-ab5bd81900c6"}

stdout | src/voice-live.integration.test.ts > Gemini Live token endpoint > denies cross-session conversation scope and rate limits token creation
{"level":"info","time":"2026-07-28T09:00:22.030Z","service":"api","msg":"request.completed","method":"POST","url":"/v1/guest/live-sessions","statusCode":404,"requestId":"0315e688-db58-4733-bf9e-97b18166886a"}

stdout | src/voice-live.integration.test.ts > Gemini Live token endpoint > denies cross-session conversation scope and rate limits token creation
{"level":"info","time":"2026-07-28T09:00:22.032Z","service":"api","msg":"request.completed","method":"POST","url":"/v1/guest/live-sessions","statusCode":200,"requestId":"4921c3ab-eaad-40d4-948a-801f2a79323e"}

stdout | src/voice-live.integration.test.ts > Gemini Live token endpoint > denies cross-session conversation scope and rate limits token creation
{"level":"info","time":"2026-07-28T09:00:22.033Z","service":"api","msg":"request.completed","method":"POST","url":"/v1/guest/live-sessions","statusCode":200,"requestId":"e9c07153-c23e-49c7-992e-76a947eec5d3"}

stdout | src/voice-live.integration.test.ts > Gemini Live token endpoint > denies cross-session conversation scope and rate limits token creation
{"level":"info","time":"2026-07-28T09:00:22.036Z","service":"api","msg":"request.completed","method":"POST","url":"/v1/guest/live-sessions","statusCode":200,"requestId":"277ae924-6824-41c4-90a8-4a0832da883f"}

stdout | src/voice-live.integration.test.ts > Gemini Live token endpoint > denies cross-session conversation scope and rate limits token creation
{"level":"info","time":"2026-07-28T09:00:22.038Z","service":"api","msg":"request.completed","method":"POST","url":"/v1/guest/live-sessions","statusCode":200,"requestId":"b5ff5b32-2f70-41f9-8cc0-303afade821b"}

stdout | src/voice-live.integration.test.ts > Gemini Live token endpoint > denies cross-session conversation scope and rate limits token creation
{"level":"info","time":"2026-07-28T09:00:22.040Z","service":"api","msg":"request.completed","method":"POST","url":"/v1/guest/live-sessions","statusCode":200,"requestId":"5f4ac886-9721-49ba-8c6e-49c30d8a5ebf"}

stdout | src/voice-live.integration.test.ts > Gemini Live token endpoint > denies cross-session conversation scope and rate limits token creation
{"level":"info","time":"2026-07-28T09:00:22.042Z","service":"api","msg":"request.completed","method":"POST","url":"/v1/guest/live-sessions","statusCode":200,"requestId":"29737b1a-d240-4f9d-87e3-6b7afd282f3c"}

stdout | src/voice-live.integration.test.ts > Gemini Live token endpoint > denies cross-session conversation scope and rate limits token creation
{"level":"info","time":"2026-07-28T09:00:22.042Z","service":"api","msg":"request.completed","method":"POST","url":"/v1/guest/live-sessions","statusCode":429,"requestId":"ff8d33a7-5ce2-4ef5-b27b-3c74a018fe13"}

 ✓ src/voice-live.integration.test.ts (3 tests) 1249ms
   ✓ Gemini Live token endpoint > requires guest authorization and a configured provider credential  361ms
   ✓ Gemini Live token endpoint > denies cross-session conversation scope and rate limits token creation  561ms
stdout | src/qr.integration.test.ts > qr token lifecycle > creates opaque tokens, resolves, disables, downloads, and enforces permissions
{"level":"info","time":"2026-07-28T09:00:23.038Z","service":"api","msg":"request.completed","method":"POST","url":"/v1/auth/login","statusCode":200,"requestId":"45f15005-b096-48aa-8701-80818fa9e9fd"}

stdout | src/qr.integration.test.ts > qr token lifecycle > creates opaque tokens, resolves, disables, downloads, and enforces permissions
{"level":"info","time":"2026-07-28T09:00:23.045Z","service":"api","msg":"request.completed","method":"GET","url":"/v1/properties?organizationId=d215a186-f84d-4c7c-b75a-3189969999c2","statusCode":200,"requestId":"14d94268-cc8a-439f-b3a6-a2a07c9c9c23"}

stdout | src/qr.integration.test.ts > qr token lifecycle > creates opaque tokens, resolves, disables, downloads, and enforces permissions
{"level":"info","time":"2026-07-28T09:00:23.049Z","service":"api","msg":"request.completed","method":"GET","url":"/v1/properties/8d283b2a-6ccd-4ab9-99be-79604deac640/locations","statusCode":200,"requestId":"b961483a-411e-411c-b66e-ed8dec2c7fad"}

stdout | src/qr.integration.test.ts > qr token lifecycle > creates opaque tokens, resolves, disables, downloads, and enforces permissions
{"level":"info","time":"2026-07-28T09:00:23.056Z","service":"api","msg":"request.completed","method":"POST","url":"/v1/properties/8d283b2a-6ccd-4ab9-99be-79604deac640/qr-codes","statusCode":200,"requestId":"4e1dbc0d-f757-4222-99cb-545b14d6b5fe"}

stdout | src/qr.integration.test.ts > qr token lifecycle > creates opaque tokens, resolves, disables, downloads, and enforces permissions
{"level":"info","time":"2026-07-28T09:00:23.059Z","service":"api","msg":"request.completed","method":"POST","url":"/v1/guest/resolve-qr","statusCode":200,"requestId":"3e24adf1-f568-4a31-b7ee-24670ae427da"}

stdout | src/qr.integration.test.ts > qr token lifecycle > creates opaque tokens, resolves, disables, downloads, and enforces permissions
{"level":"info","time":"2026-07-28T09:00:23.064Z","service":"api","msg":"request.completed","method":"PATCH","url":"/v1/properties/8d283b2a-6ccd-4ab9-99be-79604deac640/qr-codes/a45a5d06-df89-4684-95d7-dcb7ca2d83f8","statusCode":200,"requestId":"2a2586c5-5562-45c4-8fab-0a3b4260471e"}

stdout | src/qr.integration.test.ts > qr token lifecycle > creates opaque tokens, resolves, disables, downloads, and enforces permissions
{"level":"info","time":"2026-07-28T09:00:23.065Z","service":"api","msg":"request.completed","method":"POST","url":"/v1/guest/resolve-qr","statusCode":200,"requestId":"73368dbb-6ce2-497f-b2a5-9aa481014a2a"}

stdout | src/qr.integration.test.ts > qr token lifecycle > creates opaque tokens, resolves, disables, downloads, and enforces permissions
{"level":"info","time":"2026-07-28T09:00:23.073Z","service":"api","msg":"request.completed","method":"GET","url":"/v1/properties/8d283b2a-6ccd-4ab9-99be-79604deac640/qr-codes/a45a5d06-df89-4684-95d7-dcb7ca2d83f8/download?format=svg","statusCode":200,"requestId":"df210958-1d32-4ddc-ba21-bcda781bc38d"}

stdout | src/qr.integration.test.ts > qr token lifecycle > creates opaque tokens, resolves, disables, downloads, and enforces permissions
{"level":"info","time":"2026-07-28T09:00:23.078Z","service":"api","msg":"request.completed","method":"PATCH","url":"/v1/properties/8d283b2a-6ccd-4ab9-99be-79604deac640/qr-codes/a45a5d06-df89-4684-95d7-dcb7ca2d83f8","statusCode":200,"requestId":"353f8b29-d233-4287-98a5-70cb20a05ec2"}

stdout | src/qr.integration.test.ts > qr token lifecycle > creates opaque tokens, resolves, disables, downloads, and enforces permissions
{"level":"info","time":"2026-07-28T09:00:23.080Z","service":"api","msg":"request.completed","method":"POST","url":"/v1/guest/resolve-qr","statusCode":404,"requestId":"c518d654-f18e-47a4-a60f-00c7c1526b8a"}

stdout | src/qr.integration.test.ts > qr token lifecycle > creates opaque tokens, resolves, disables, downloads, and enforces permissions
{"level":"info","time":"2026-07-28T09:00:23.081Z","service":"api","msg":"request.completed","method":"POST","url":"/v1/guest/resolve-qr","statusCode":404,"requestId":"ec08eb95-5624-4aa0-ae9e-ff6ed1f7a8f6"}

stdout | src/qr.integration.test.ts > qr token lifecycle > creates opaque tokens, resolves, disables, downloads, and enforces permissions
{"level":"info","time":"2026-07-28T09:00:23.396Z","service":"api","msg":"request.completed","method":"POST","url":"/v1/auth/login","statusCode":200,"requestId":"c7a39b0f-348d-4c0c-b8fa-5d5b73dd3eb7"}

stdout | src/qr.integration.test.ts > qr token lifecycle > creates opaque tokens, resolves, disables, downloads, and enforces permissions
{"level":"info","time":"2026-07-28T09:00:23.399Z","service":"api","msg":"request.completed","method":"POST","url":"/v1/properties/8d283b2a-6ccd-4ab9-99be-79604deac640/qr-codes","statusCode":403,"requestId":"838cf03f-44a5-401e-b705-44f9ed0c77f1"}

stdout | src/qr.integration.test.ts > qr token lifecycle > creates opaque tokens, resolves, disables, downloads, and enforces permissions
{"level":"info","time":"2026-07-28T09:00:23.645Z","service":"api","msg":"request.completed","method":"POST","url":"/v1/auth/login","statusCode":200,"requestId":"649cfd9b-0874-4c83-95bb-9f5710b1cdb8"}

stdout | src/qr.integration.test.ts > qr token lifecycle > creates opaque tokens, resolves, disables, downloads, and enforces permissions
{"level":"info","time":"2026-07-28T09:00:23.648Z","service":"api","msg":"request.completed","method":"GET","url":"/v1/properties/8d283b2a-6ccd-4ab9-99be-79604deac640/qr-codes","statusCode":403,"requestId":"04a00795-1ff5-4645-901a-05f8b1d1f4d3"}

stdout | src/qr.integration.test.ts > qr token lifecycle > rate limits QR resolution
{"level":"info","time":"2026-07-28T09:00:23.649Z","service":"api","msg":"request.completed","method":"POST","url":"/v1/guest/resolve-qr","statusCode":404,"requestId":"33e19ff0-924f-4f3a-a04b-de6f09945ebe"}

stdout | src/qr.integration.test.ts > qr token lifecycle > rate limits QR resolution
{"level":"info","time":"2026-07-28T09:00:23.650Z","service":"api","msg":"request.completed","method":"POST","url":"/v1/guest/resolve-qr","statusCode":404,"requestId":"69e0ce83-bb14-4ff1-9c64-e4a9b3715ec9"}

stdout | src/qr.integration.test.ts > qr token lifecycle > rate limits QR resolution
{"level":"info","time":"2026-07-28T09:00:23.651Z","service":"api","msg":"request.completed","method":"POST","url":"/v1/guest/resolve-qr","statusCode":404,"requestId":"b3510409-80d6-45d3-b147-75e1aff4f54e"}

stdout | src/qr.integration.test.ts > qr token lifecycle > rate limits QR resolution
{"level":"info","time":"2026-07-28T09:00:23.652Z","service":"api","msg":"request.completed","method":"POST","url":"/v1/guest/resolve-qr","statusCode":404,"requestId":"62a7deab-e51c-4633-8bb1-2a5b0f7e09fa"}

stdout | src/qr.integration.test.ts > qr token lifecycle > rate limits QR resolution
{"level":"info","time":"2026-07-28T09:00:23.653Z","service":"api","msg":"request.completed","method":"POST","url":"/v1/guest/resolve-qr","statusCode":404,"requestId":"6e334932-9ef3-4ff3-bf78-965ac5d33974"}

stdout | src/qr.integration.test.ts > qr token lifecycle > rate limits QR resolution
{"level":"info","time":"2026-07-28T09:00:23.654Z","service":"api","msg":"request.completed","method":"POST","url":"/v1/guest/resolve-qr","statusCode":404,"requestId":"e0151a42-d19f-46bb-906a-55f608eeca69"}

stdout | src/qr.integration.test.ts > qr token lifecycle > rate limits QR resolution
{"level":"info","time":"2026-07-28T09:00:23.655Z","service":"api","msg":"request.completed","method":"POST","url":"/v1/guest/resolve-qr","statusCode":404,"requestId":"07eb8fb9-3384-409e-8ca5-8f987c08a147"}

stdout | src/qr.integration.test.ts > qr token lifecycle > rate limits QR resolution
{"level":"info","time":"2026-07-28T09:00:23.655Z","service":"api","msg":"request.completed","method":"POST","url":"/v1/guest/resolve-qr","statusCode":404,"requestId":"2129b2ff-d1f0-4947-adf2-f1c5c0353f2d"}

stdout | src/qr.integration.test.ts > qr token lifecycle > rate limits QR resolution
{"level":"info","time":"2026-07-28T09:00:23.656Z","service":"api","msg":"request.completed","method":"POST","url":"/v1/guest/resolve-qr","statusCode":404,"requestId":"69f98974-8b26-4eca-b66f-7f6fa9bac493"}

stdout | src/qr.integration.test.ts > qr token lifecycle > rate limits QR resolution
{"level":"info","time":"2026-07-28T09:00:23.656Z","service":"api","msg":"request.completed","method":"POST","url":"/v1/guest/resolve-qr","statusCode":404,"requestId":"599014e9-ef71-4eb2-a6c6-b9f667c43b7e"}

stdout | src/qr.integration.test.ts > qr token lifecycle > rate limits QR resolution
{"level":"info","time":"2026-07-28T09:00:23.657Z","service":"api","msg":"request.completed","method":"POST","url":"/v1/guest/resolve-qr","statusCode":404,"requestId":"bdc20da9-d03f-4b21-af23-a3722cb9d5a5"}

stdout | src/qr.integration.test.ts > qr token lifecycle > rate limits QR resolution
{"level":"info","time":"2026-07-28T09:00:23.658Z","service":"api","msg":"request.completed","method":"POST","url":"/v1/guest/resolve-qr","statusCode":404,"requestId":"c0ae8aa1-31d2-4d28-ae55-1090ba1878cc"}

stdout | src/qr.integration.test.ts > qr token lifecycle > rate limits QR resolution
{"level":"info","time":"2026-07-28T09:00:23.659Z","service":"api","msg":"request.completed","method":"POST","url":"/v1/guest/resolve-qr","statusCode":404,"requestId":"9c4e2b99-c99f-4494-974c-17b282fc78e7"}

stdout | src/qr.integration.test.ts > qr token lifecycle > rate limits QR resolution
{"level":"info","time":"2026-07-28T09:00:23.660Z","service":"api","msg":"request.completed","method":"POST","url":"/v1/guest/resolve-qr","statusCode":404,"requestId":"09326a07-fab2-4af1-879b-69cfc94c71b4"}

stdout | src/qr.integration.test.ts > qr token lifecycle > rate limits QR resolution
{"level":"info","time":"2026-07-28T09:00:23.661Z","service":"api","msg":"request.completed","method":"POST","url":"/v1/guest/resolve-qr","statusCode":404,"requestId":"25f7a340-4f9c-47c6-8e42-3f74f073407f"}

stdout | src/qr.integration.test.ts > qr token lifecycle > rate limits QR resolution
{"level":"info","time":"2026-07-28T09:00:23.662Z","service":"api","msg":"request.completed","method":"POST","url":"/v1/guest/resolve-qr","statusCode":404,"requestId":"8723a4fb-855b-484e-ab17-359eb0270656"}

stdout | src/qr.integration.test.ts > qr token lifecycle > rate limits QR resolution
{"level":"info","time":"2026-07-28T09:00:23.663Z","service":"api","msg":"request.completed","method":"POST","url":"/v1/guest/resolve-qr","statusCode":404,"requestId":"216bb3c6-8402-4134-a9e1-8e73c69dccb9"}

stdout | src/qr.integration.test.ts > qr token lifecycle > rate limits QR resolution
{"level":"info","time":"2026-07-28T09:00:23.664Z","service":"api","msg":"request.completed","method":"POST","url":"/v1/guest/resolve-qr","statusCode":404,"requestId":"cea0df64-0519-4c8a-846b-b88f4d25fac5"}

stdout | src/qr.integration.test.ts > qr token lifecycle > rate limits QR resolution
{"level":"info","time":"2026-07-28T09:00:23.665Z","service":"api","msg":"request.completed","method":"POST","url":"/v1/guest/resolve-qr","statusCode":404,"requestId":"97e5fa5f-d5ff-4053-a55f-6e3a5ba4550d"}

stdout | src/qr.integration.test.ts > qr token lifecycle > rate limits QR resolution
{"level":"info","time":"2026-07-28T09:00:23.665Z","service":"api","msg":"request.completed","method":"POST","url":"/v1/guest/resolve-qr","statusCode":404,"requestId":"b542b158-9a21-48b8-9f0b-03f63b69f12b"}

stdout | src/qr.integration.test.ts > qr token lifecycle > rate limits QR resolution
{"level":"info","time":"2026-07-28T09:00:23.666Z","service":"api","msg":"request.completed","method":"POST","url":"/v1/guest/resolve-qr","statusCode":404,"requestId":"0cbc01c1-ee8f-46b4-96b9-7e5599d42925"}

stdout | src/qr.integration.test.ts > qr token lifecycle > rate limits QR resolution
{"level":"info","time":"2026-07-28T09:00:23.667Z","service":"api","msg":"request.completed","method":"POST","url":"/v1/guest/resolve-qr","statusCode":404,"requestId":"f788af39-95e1-4fc0-8f24-e40221887fb8"}

stdout | src/qr.integration.test.ts > qr token lifecycle > rate limits QR resolution
{"level":"info","time":"2026-07-28T09:00:23.667Z","service":"api","msg":"request.completed","method":"POST","url":"/v1/guest/resolve-qr","statusCode":404,"requestId":"e8f04973-b531-4432-8a50-cf4fa0ad2363"}

stdout | src/qr.integration.test.ts > qr token lifecycle > rate limits QR resolution
{"level":"info","time":"2026-07-28T09:00:23.668Z","service":"api","msg":"request.completed","method":"POST","url":"/v1/guest/resolve-qr","statusCode":404,"requestId":"9de7b144-a696-4243-9afa-ac9fd36dbba4"}

stdout | src/qr.integration.test.ts > qr token lifecycle > rate limits QR resolution
{"level":"info","time":"2026-07-28T09:00:23.669Z","service":"api","msg":"request.completed","method":"POST","url":"/v1/guest/resolve-qr","statusCode":404,"requestId":"e52c697f-1703-4651-8744-f9f8a7c75923"}

stdout | src/qr.integration.test.ts > qr token lifecycle > rate limits QR resolution
{"level":"info","time":"2026-07-28T09:00:23.669Z","service":"api","msg":"request.completed","method":"POST","url":"/v1/guest/resolve-qr","statusCode":404,"requestId":"33e26ce8-ec02-41f0-989a-98bf5b9d0331"}

stdout | src/qr.integration.test.ts > qr token lifecycle > rate limits QR resolution
{"level":"info","time":"2026-07-28T09:00:23.670Z","service":"api","msg":"request.completed","method":"POST","url":"/v1/guest/resolve-qr","statusCode":404,"requestId":"30cedeba-5fc9-4a03-8903-58c47eb1a0ff"}

stdout | src/qr.integration.test.ts > qr token lifecycle > rate limits QR resolution
{"level":"info","time":"2026-07-28T09:00:23.671Z","service":"api","msg":"request.completed","method":"POST","url":"/v1/guest/resolve-qr","statusCode":404,"requestId":"efff1593-f17d-4866-8046-99e4938f68de"}

stdout | src/qr.integration.test.ts > qr token lifecycle > rate limits QR resolution
{"level":"info","time":"2026-07-28T09:00:23.672Z","service":"api","msg":"request.completed","method":"POST","url":"/v1/guest/resolve-qr","statusCode":404,"requestId":"3b816112-c7a4-46fc-af20-e71e0660ae1c"}

stdout | src/qr.integration.test.ts > qr token lifecycle > rate limits QR resolution
{"level":"info","time":"2026-07-28T09:00:23.672Z","service":"api","msg":"request.completed","method":"POST","url":"/v1/guest/resolve-qr","statusCode":404,"requestId":"e0d8e8d6-d1f5-41ae-9bb3-5f827064e416"}

stdout | src/qr.integration.test.ts > qr token lifecycle > rate limits QR resolution
{"level":"info","time":"2026-07-28T09:00:23.673Z","service":"api","msg":"request.completed","method":"POST","url":"/v1/guest/resolve-qr","statusCode":429,"requestId":"72c76fe2-1798-4d98-9336-83e2f0b63aca"}

 ✓ src/qr.integration.test.ts (2 tests) 957ms
   ✓ qr token lifecycle > creates opaque tokens, resolves, disables, downloads, and enforces permissions  890ms
stdout | src/guest-sessions.integration.test.ts > guest sessions > creates scoped guest sessions with minimal public context
{"level":"info","time":"2026-07-28T09:00:24.421Z","service":"api","msg":"request.completed","method":"POST","url":"/v1/auth/login","statusCode":200,"requestId":"512fb569-12fd-402d-9377-a1c26779c27f"}

stdout | src/guest-sessions.integration.test.ts > guest sessions > creates scoped guest sessions with minimal public context
{"level":"info","time":"2026-07-28T09:00:24.425Z","service":"api","msg":"request.completed","method":"GET","url":"/v1/properties?organizationId=d215a186-f84d-4c7c-b75a-3189969999c2","statusCode":200,"requestId":"27404aed-84aa-4739-97b3-28bd5d88a5d6"}

stdout | src/guest-sessions.integration.test.ts > guest sessions > creates scoped guest sessions with minimal public context
{"level":"info","time":"2026-07-28T09:00:24.428Z","service":"api","msg":"request.completed","method":"GET","url":"/v1/properties/8d283b2a-6ccd-4ab9-99be-79604deac640/locations","statusCode":200,"requestId":"93bcc9b2-675a-4788-80c8-1efb842481c7"}

stdout | src/guest-sessions.integration.test.ts > guest sessions > creates scoped guest sessions with minimal public context
{"level":"info","time":"2026-07-28T09:00:24.434Z","service":"api","msg":"request.completed","method":"POST","url":"/v1/properties/8d283b2a-6ccd-4ab9-99be-79604deac640/qr-codes","statusCode":200,"requestId":"e870d8a6-222c-4416-bf83-6d967733de03"}

stdout | src/guest-sessions.integration.test.ts > guest sessions > creates scoped guest sessions with minimal public context
{"level":"info","time":"2026-07-28T09:00:24.435Z","service":"api","msg":"request.completed","method":"POST","url":"/v1/guest/sessions","statusCode":400,"requestId":"a928b82f-3d45-48fe-ae72-dae4509fb61e"}

stdout | src/guest-sessions.integration.test.ts > guest sessions > creates scoped guest sessions with minimal public context
{"level":"info","time":"2026-07-28T09:00:24.436Z","service":"api","msg":"request.completed","method":"POST","url":"/v1/guest/sessions","statusCode":404,"requestId":"8a30a809-4559-42bc-af56-10945c500fbc"}

stdout | src/guest-sessions.integration.test.ts > guest sessions > creates scoped guest sessions with minimal public context
{"level":"info","time":"2026-07-28T09:00:24.439Z","service":"api","msg":"request.completed","method":"POST","url":"/v1/guest/sessions","statusCode":200,"requestId":"4e69937e-6883-465f-b5b4-42d8a9ce58c4"}

stdout | src/guest-sessions.integration.test.ts > guest sessions > creates scoped guest sessions with minimal public context
{"level":"info","time":"2026-07-28T09:00:24.441Z","service":"api","msg":"request.completed","method":"GET","url":"/v1/guest/session","statusCode":200,"requestId":"4efe848e-02fa-467b-8a64-41298958136a"}

stdout | src/guest-sessions.integration.test.ts > guest sessions > creates scoped guest sessions with minimal public context
{"level":"info","time":"2026-07-28T09:00:24.442Z","service":"api","msg":"request.completed","method":"GET","url":"/v1/guest/session","statusCode":401,"requestId":"d93e1b46-6caf-4b4a-b21b-8570e3169d56"}

stdout | src/guest-sessions.integration.test.ts > guest sessions > creates scoped guest sessions with minimal public context
{"level":"info","time":"2026-07-28T09:00:24.443Z","service":"api","msg":"request.completed","method":"GET","url":"/v1/guest/session","statusCode":401,"requestId":"3480cb46-d6eb-42c4-b501-d7a0b3f30792"}

stdout | src/guest-sessions.integration.test.ts > guest sessions > isolates guest sessions across properties/orgs
{"level":"info","time":"2026-07-28T09:00:24.710Z","service":"api","msg":"request.completed","method":"POST","url":"/v1/auth/login","statusCode":200,"requestId":"2de629df-a705-4fbb-aee0-85f6b8c2e5ea"}

stdout | src/guest-sessions.integration.test.ts > guest sessions > isolates guest sessions across properties/orgs
{"level":"info","time":"2026-07-28T09:00:24.951Z","service":"api","msg":"request.completed","method":"POST","url":"/v1/auth/login","statusCode":200,"requestId":"7fcaaebe-02c3-44bf-ae30-7bb001d5ce0b"}

stdout | src/guest-sessions.integration.test.ts > guest sessions > isolates guest sessions across properties/orgs
{"level":"info","time":"2026-07-28T09:00:24.955Z","service":"api","msg":"request.completed","method":"GET","url":"/v1/properties?organizationId=d215a186-f84d-4c7c-b75a-3189969999c2","statusCode":200,"requestId":"699fd4a4-82de-4097-a1cd-ee6a19d5a2ff"}

stdout | src/guest-sessions.integration.test.ts > guest sessions > isolates guest sessions across properties/orgs
{"level":"info","time":"2026-07-28T09:00:24.959Z","service":"api","msg":"request.completed","method":"GET","url":"/v1/properties/8d283b2a-6ccd-4ab9-99be-79604deac640/locations","statusCode":200,"requestId":"631cd5a9-1e52-465e-84ec-07c5db7a200b"}

stdout | src/guest-sessions.integration.test.ts > guest sessions > isolates guest sessions across properties/orgs
{"level":"info","time":"2026-07-28T09:00:24.964Z","service":"api","msg":"request.completed","method":"POST","url":"/v1/properties/8d283b2a-6ccd-4ab9-99be-79604deac640/qr-codes","statusCode":200,"requestId":"71ca14c7-4c97-47ec-aa06-d7bd54e30821"}

stdout | src/guest-sessions.integration.test.ts > guest sessions > isolates guest sessions across properties/orgs
{"level":"info","time":"2026-07-28T09:00:24.967Z","service":"api","msg":"request.completed","method":"GET","url":"/v1/properties?organizationId=67e4e9e6-f0b4-4e7f-a247-674a503d4ba6","statusCode":200,"requestId":"657b02ff-359e-4399-a549-5168b39d1a3f"}

stdout | src/guest-sessions.integration.test.ts > guest sessions > isolates guest sessions across properties/orgs
{"level":"info","time":"2026-07-28T09:00:24.969Z","service":"api","msg":"request.completed","method":"GET","url":"/v1/properties/8efde0b2-790a-49cd-8a14-20be5b6b29b1/locations","statusCode":200,"requestId":"a1da3112-743e-4b50-b236-3349027f1af9"}

stdout | src/guest-sessions.integration.test.ts > guest sessions > isolates guest sessions across properties/orgs
{"level":"info","time":"2026-07-28T09:00:24.975Z","service":"api","msg":"request.completed","method":"POST","url":"/v1/properties/8efde0b2-790a-49cd-8a14-20be5b6b29b1/qr-codes","statusCode":200,"requestId":"c3c58ba0-5f77-496c-9825-c4f64b0182e9"}

stdout | src/guest-sessions.integration.test.ts > guest sessions > isolates guest sessions across properties/orgs
{"level":"info","time":"2026-07-28T09:00:24.977Z","service":"api","msg":"request.completed","method":"POST","url":"/v1/guest/sessions","statusCode":200,"requestId":"b9f12d25-e4ca-4755-94c2-a28a8b7a8e6c"}

stdout | src/guest-sessions.integration.test.ts > guest sessions > isolates guest sessions across properties/orgs
{"level":"info","time":"2026-07-28T09:00:24.979Z","service":"api","msg":"request.completed","method":"POST","url":"/v1/guest/sessions","statusCode":200,"requestId":"8fb949d8-1062-4592-8951-189fa6fe4cc1"}

stdout | src/guest-sessions.integration.test.ts > guest sessions > isolates guest sessions across properties/orgs
{"level":"info","time":"2026-07-28T09:00:24.982Z","service":"api","msg":"request.completed","method":"GET","url":"/v1/guest/session","statusCode":200,"requestId":"566dd0e1-7b86-4055-b2bc-d03a674bcfb4"}

 ✓ src/guest-sessions.integration.test.ts (2 tests) 837ms
   ✓ guest sessions > isolates guest sessions across properties/orgs  540ms
stdout | src/guest-portal.integration.test.ts > guest portal homepage API > returns published branding with asset fallbacks
{"level":"info","time":"2026-07-28T09:00:25.842Z","service":"api","msg":"request.completed","method":"POST","url":"/v1/auth/login","statusCode":200,"requestId":"be3771ad-b145-4e9c-8ac8-0ab93d1f0f77"}

stdout | src/guest-portal.integration.test.ts > guest portal homepage API > returns published branding with asset fallbacks
{"level":"info","time":"2026-07-28T09:00:25.851Z","service":"api","msg":"request.completed","method":"GET","url":"/v1/properties?organizationId=d215a186-f84d-4c7c-b75a-3189969999c2","statusCode":200,"requestId":"c1f529fc-43ff-45dc-8f53-16680e67e77c"}

stdout | src/guest-portal.integration.test.ts > guest portal homepage API > returns published branding with asset fallbacks
{"level":"info","time":"2026-07-28T09:00:25.856Z","service":"api","msg":"request.completed","method":"GET","url":"/v1/properties/8d283b2a-6ccd-4ab9-99be-79604deac640/portal/draft","statusCode":200,"requestId":"056d8c52-1796-4337-bb7a-d876e2a19b1f"}

stdout | src/guest-portal.integration.test.ts > guest portal homepage API > returns published branding with asset fallbacks
{"level":"info","time":"2026-07-28T09:00:25.865Z","service":"api","msg":"request.completed","method":"POST","url":"/v1/properties/8d283b2a-6ccd-4ab9-99be-79604deac640/portal/publish","statusCode":200,"requestId":"cf9e1b65-36a8-4226-af1c-e35c36f25e25"}

stdout | src/guest-portal.integration.test.ts > guest portal homepage API > returns published branding with asset fallbacks
{"level":"info","time":"2026-07-28T09:00:25.874Z","service":"api","msg":"request.completed","method":"GET","url":"/v1/properties/8d283b2a-6ccd-4ab9-99be-79604deac640/locations","statusCode":200,"requestId":"80b1d835-8252-4bbd-ba52-145b27f6ad61"}

stdout | src/guest-portal.integration.test.ts > guest portal homepage API > returns published branding with asset fallbacks
{"level":"info","time":"2026-07-28T09:00:25.887Z","service":"api","msg":"request.completed","method":"POST","url":"/v1/properties/8d283b2a-6ccd-4ab9-99be-79604deac640/qr-codes","statusCode":200,"requestId":"0cb675a1-4c54-43de-a4be-b35d3c67cc6d"}

stdout | src/guest-portal.integration.test.ts > guest portal homepage API > returns published branding with asset fallbacks
{"level":"info","time":"2026-07-28T09:00:25.891Z","service":"api","msg":"request.completed","method":"POST","url":"/v1/guest/sessions","statusCode":200,"requestId":"9dd83e26-31d4-4048-8ed0-0983707ed27d"}

stdout | src/guest-portal.integration.test.ts > guest portal homepage API > returns published branding with asset fallbacks
{"level":"info","time":"2026-07-28T09:00:25.896Z","service":"api","msg":"request.completed","method":"GET","url":"/v1/guest/portal","statusCode":200,"requestId":"116ea8ba-3573-4da7-ab71-1b27097696c4"}

 ✓ src/guest-portal.integration.test.ts (1 test) 337ms
   ✓ guest portal homepage API > returns published branding with asset fallbacks  302ms
stdout | src/knowledge-search.integration.test.ts > knowledge hybrid retrieval
{"level":"info","time":"2026-07-28T09:00:26.690Z","service":"api","msg":"request.completed","method":"POST","url":"/v1/auth/login","statusCode":200,"requestId":"466321cd-444c-44f0-8bf5-6d9b8061fd35"}

stdout | src/knowledge-search.integration.test.ts > knowledge hybrid retrieval
{"level":"info","time":"2026-07-28T09:00:26.695Z","service":"api","msg":"request.completed","method":"GET","url":"/v1/properties?organizationId=d215a186-f84d-4c7c-b75a-3189969999c2","statusCode":200,"requestId":"0c61cac3-6c90-4298-8153-2e7df90d01ed"}

stdout | src/knowledge-search.integration.test.ts > knowledge hybrid retrieval > returns citations mapped to source and stores benchmark recall
{"level":"info","time":"2026-07-28T09:00:26.710Z","service":"api","msg":"request.completed","method":"POST","url":"/v1/properties/8d283b2a-6ccd-4ab9-99be-79604deac640/knowledge/search","statusCode":200,"requestId":"dcbedeb0-4a8a-4e32-85a0-7a5ce12ac238"}

stdout | src/knowledge-search.integration.test.ts > knowledge hybrid retrieval > supports cross-language query against Vietnamese source text
{"level":"info","time":"2026-07-28T09:00:26.715Z","service":"api","msg":"request.completed","method":"POST","url":"/v1/properties/8d283b2a-6ccd-4ab9-99be-79604deac640/knowledge/search","statusCode":200,"requestId":"ffe2908d-28de-475a-abee-cae59a973db3"}

stdout | src/knowledge-search.integration.test.ts > knowledge hybrid retrieval > returns noResult for unknown queries and blocks injection-only payloads
{"level":"info","time":"2026-07-28T09:00:26.719Z","service":"api","msg":"request.completed","method":"POST","url":"/v1/properties/90dd9b7b-3da4-456c-b69c-3d5d99b2be1d/knowledge/search","statusCode":200,"requestId":"9c9eb19c-3738-4162-8458-35ecdf7f7b5a"}

stdout | src/knowledge-search.integration.test.ts > knowledge hybrid retrieval > returns noResult for unknown queries and blocks injection-only payloads
{"level":"info","time":"2026-07-28T09:00:26.722Z","service":"api","msg":"request.completed","method":"POST","url":"/v1/properties/8d283b2a-6ccd-4ab9-99be-79604deac640/knowledge/search","statusCode":200,"requestId":"fec057a7-29ea-41bf-bd03-257ed618a2a3"}

stdout | src/knowledge-search.integration.test.ts > knowledge hybrid retrieval > denies cross-tenant leakage via property scope
{"level":"info","time":"2026-07-28T09:00:26.740Z","service":"api","msg":"request.completed","method":"POST","url":"/v1/properties/45d67b01-5f62-438a-9ce5-e157ccb54edf/knowledge/search","statusCode":403,"requestId":"1662a46b-69dc-4868-b678-b61bca034423"}

 ✓ src/knowledge-search.integration.test.ts (4 tests) 315ms
stdout | src/portal-publish.integration.test.ts > portal publish and rollback > publishes immutably, handles concurrency/idempotency, and rolls back as new version
{"level":"info","time":"2026-07-28T09:00:27.493Z","service":"api","msg":"request.completed","method":"POST","url":"/v1/auth/login","statusCode":200,"requestId":"eeecb411-7b52-4e2a-a34a-df512408d628"}

stdout | src/portal-publish.integration.test.ts > portal publish and rollback > publishes immutably, handles concurrency/idempotency, and rolls back as new version
{"level":"info","time":"2026-07-28T09:00:27.498Z","service":"api","msg":"request.completed","method":"GET","url":"/v1/properties?organizationId=d215a186-f84d-4c7c-b75a-3189969999c2","statusCode":200,"requestId":"81d369ca-afc5-4e39-9678-c2b7d5ea35e4"}

stdout | src/portal-publish.integration.test.ts > portal publish and rollback > publishes immutably, handles concurrency/idempotency, and rolls back as new version
{"level":"info","time":"2026-07-28T09:00:27.502Z","service":"api","msg":"request.completed","method":"GET","url":"/v1/properties/8d283b2a-6ccd-4ab9-99be-79604deac640/portal/draft","statusCode":200,"requestId":"0479c92f-732f-4e79-982d-2bc9af4e8f37"}

stdout | src/portal-publish.integration.test.ts > portal publish and rollback > publishes immutably, handles concurrency/idempotency, and rolls back as new version
{"level":"info","time":"2026-07-28T09:00:27.509Z","service":"api","msg":"request.completed","method":"POST","url":"/v1/properties/8d283b2a-6ccd-4ab9-99be-79604deac640/portal/publish","statusCode":200,"requestId":"8163105f-26b8-4993-bbaa-8cfe80898f0c"}

stdout | src/portal-publish.integration.test.ts > portal publish and rollback > publishes immutably, handles concurrency/idempotency, and rolls back as new version
{"level":"info","time":"2026-07-28T09:00:27.512Z","service":"api","msg":"request.completed","method":"POST","url":"/v1/properties/8d283b2a-6ccd-4ab9-99be-79604deac640/portal/publish","statusCode":200,"requestId":"64297434-d4bf-4b1d-9033-54b70a7d0e21"}

stdout | src/portal-publish.integration.test.ts > portal publish and rollback > publishes immutably, handles concurrency/idempotency, and rolls back as new version
{"level":"info","time":"2026-07-28T09:00:27.515Z","service":"api","msg":"request.completed","method":"POST","url":"/v1/properties/8d283b2a-6ccd-4ab9-99be-79604deac640/portal/publish","statusCode":409,"requestId":"d77bc9ef-e32c-496a-a883-1b74616b91e9"}

stdout | src/portal-publish.integration.test.ts > portal publish and rollback > publishes immutably, handles concurrency/idempotency, and rolls back as new version
{"level":"info","time":"2026-07-28T09:00:27.522Z","service":"api","msg":"request.completed","method":"POST","url":"/v1/properties/8d283b2a-6ccd-4ab9-99be-79604deac640/portal/versions/af71b578-bdb2-43a1-9089-12127d8b79da/restore","statusCode":200,"requestId":"c5d81637-c1ab-41fb-9f9a-33a7ffe236aa"}

stdout | src/portal-publish.integration.test.ts > portal publish and rollback > publishes immutably, handles concurrency/idempotency, and rolls back as new version
{"level":"info","time":"2026-07-28T09:00:27.525Z","service":"api","msg":"request.completed","method":"GET","url":"/v1/properties/8d283b2a-6ccd-4ab9-99be-79604deac640/portal/versions","statusCode":200,"requestId":"ecaabc76-f5f4-4b9d-b5d3-3e0b849cfdc8"}

 ✓ src/portal-publish.integration.test.ts (1 test) 300ms
 ✓ src/phase09-performance.integration.test.ts (1 test) 64ms

 Test Files  19 passed (19)
      Tests  65 passed (65)
   Start at  15:59:42
   Duration  45.72s (transform 292ms, setup 0ms, collect 9.10s, tests 34.11s, environment 1ms, prepare 556ms)

